Date,PnL_Order,PnL_Category,PnL_Line,Entity,BusinessUnit,Prior_Year,Budget,Actual
2024-01-01,1,Revenue,Product Revenue,France,Software,820017,922002,908666
2024-01-01,2,Revenue,Subscription Revenue,France,Software,621653,691501,694365
2024-01-01,3,Revenue,Service Revenue,France,Software,362312,403376,401902
2024-01-01,4,Revenue,Support & Maintenance,France,Software,191455,207450,199310
2024-01-01,5,COGS,Direct Materials,France,Software,-250524,-274387,-267622
2024-01-01,6,COGS,Direct Labor,France,Software,-236048,-253280,-243014
2024-01-01,7,COGS,Cloud & Hosting,France,Software,-115175,-126640,-126853
2024-01-01,8,COGS,Support Delivery,France,Software,-85835,-94980,-93319
2024-01-01,9,Operating Expenses,Sales,France,Software,-178568,-189960,-179606
2024-01-01,10,Operating Expenses,Marketing,France,Software,-146921,-158300,-152539
2024-01-01,11,Operating Expenses,Research & Development,France,Software,-210219,-232173,-220043
2024-01-01,12,Operating Expenses,General & Administrative,France,Software,-122390,-137193,-134765
2024-01-01,13,Operating Expenses,IT & Systems,France,Software,-64617,-73873,-75151
2024-01-01,14,Operating Expenses,Facilities & Rent,France,Software,-56133,-63320,-64449
2024-01-01,15,Operating Expenses,Depreciation & Amort.,France,Software,-53438,-58043,-54963
2024-01-01,16,Other,Interest Income,France,Software,11800,12664,12199
2024-01-01,17,Other,Interest Expense,France,Software,-27694,-29549,-29580
2024-01-01,18,Other,FX Gain/(Loss),France,Software,14972,15830,15759
2024-01-01,19,Other,Other Income/(Expense),France,Software,19212,21107,21233
2024-01-01,20,Other,Income Tax,France,Software,-83559,-94980,-92057
2024-01-01,1,Revenue,Product Revenue,France,Services,483177,553201,542372
2024-01-01,2,Revenue,Subscription Revenue,France,Services,381178,414901,418145
2024-01-01,3,Revenue,Service Revenue,France,Services,216869,242025,240301
2024-01-01,4,Revenue,Support & Maintenance,France,Services,116456,124470,121635
2024-01-01,5,COGS,Direct Materials,France,Services,-154321,-164632,-161177
2024-01-01,6,COGS,Direct Labor,France,Services,-135002,-151968,-151568
2024-01-01,7,COGS,Cloud & Hosting,France,Services,-68777,-75984,-75521
2024-01-01,8,COGS,Support Delivery,France,Services,-49917,-56988,-56704
2024-01-01,9,Operating Expenses,Sales,France,Services,-102527,-113976,-107629
2024-01-01,10,Operating Expenses,Marketing,France,Services,-87871,-94980,-92275
2024-01-01,11,Operating Expenses,Research & Development,France,Services,-121918,-139304,-135808
2024-01-01,12,Operating Expenses,General & Administrative,France,Services,-74530,-82316,-78109
2024-01-01,13,Operating Expenses,IT & Systems,France,Services,-41254,-44324,-42548
2024-01-01,14,Operating Expenses,Facilities & Rent,France,Services,-35654,-37992,-36994
2024-01-01,15,Operating Expenses,Depreciation & Amort.,France,Services,-31898,-34826,-34209
2024-01-01,16,Other,Interest Income,France,Services,7138,7598,7354
2024-01-01,17,Other,Interest Expense,France,Services,-16714,-17730,-17547
2024-01-01,18,Other,FX Gain/(Loss),France,Services,8805,9498,8980
2024-01-01,19,Other,Other Income/(Expense),France,Services,11489,12664,12816
2024-01-01,20,Other,Income Tax,France,Services,-52578,-56988,-56922
2024-01-01,1,Revenue,Product Revenue,France,Hardware,687437,737601,709281
2024-01-01,2,Revenue,Subscription Revenue,France,Hardware,501556,553201,550279
2024-01-01,3,Revenue,Service Revenue,France,Hardware,291187,322701,313849
2024-01-01,4,Revenue,Support & Maintenance,France,Hardware,148577,165960,161537
2024-01-01,5,COGS,Direct Materials,France,Hardware,-192324,-219509,-213529
2024-01-01,6,COGS,Direct Labor,France,Hardware,-185555,-202624,-204184
2024-01-01,7,COGS,Cloud & Hosting,France,Hardware,-90863,-101312,-97120
2024-01-01,8,COGS,Support Delivery,France,Hardware,-69722,-75984,-71716
2024-01-01,9,Operating Expenses,Sales,France,Hardware,-133985,-151968,-153890
2024-01-01,10,Operating Expenses,Marketing,France,Hardware,-113456,-126640,-124749
2024-01-01,11,Operating Expenses,Research & Development,France,Hardware,-170074,-185739,-187365
2024-01-01,12,Operating Expenses,General & Administrative,France,Hardware,-102096,-109755,-107306
2024-01-01,13,Operating Expenses,IT & Systems,France,Hardware,-52172,-59099,-59867
2024-01-01,14,Operating Expenses,Facilities & Rent,France,Hardware,-46173,-50656,-48496
2024-01-01,15,Operating Expenses,Depreciation & Amort.,France,Hardware,-42408,-46435,-46766
2024-01-01,16,Other,Interest Income,France,Hardware,9388,10131,10058
2024-01-01,17,Other,Interest Expense,France,Hardware,-21273,-23639,-22456
2024-01-01,18,Other,FX Gain/(Loss),France,Hardware,-11423,-12664,-12228
2024-01-01,19,Other,Other Income/(Expense),France,Hardware,-15361,-16885,-16750
2024-01-01,20,Other,Income Tax,France,Hardware,-70120,-75984,-74620
2024-01-01,1,Revenue,Product Revenue,Germany,Software,1043685,1106402,1127518
2024-01-01,2,Revenue,Subscription Revenue,Germany,Software,750867,829801,809546
2024-01-01,3,Revenue,Service Revenue,Germany,Software,441018,484051,474226
2024-01-01,4,Revenue,Support & Maintenance,Germany,Software,233468,248940,246547
2024-01-01,5,COGS,Direct Materials,Germany,Software,-289512,-329264,-320144
2024-01-01,6,COGS,Direct Labor,Germany,Software,-267539,-303936,-298705
2024-01-01,7,COGS,Cloud & Hosting,Germany,Software,-136871,-151968,-154687
2024-01-01,8,COGS,Support Delivery,Germany,Software,-104017,-113976,-110158
2024-01-01,9,Operating Expenses,Sales,Germany,Software,-215604,-227952,-222377
2024-01-01,10,Operating Expenses,Marketing,Germany,Software,-168122,-189960,-190994
2024-01-01,11,Operating Expenses,Research & Development,Germany,Software,-247643,-278608,-273594
2024-01-01,12,Operating Expenses,General & Administrative,Germany,Software,-150972,-164632,-166143
2024-01-01,13,Operating Expenses,IT & Systems,Germany,Software,-77858,-88648,-84982
2024-01-01,14,Operating Expenses,Facilities & Rent,Germany,Software,-66861,-75984,-72186
2024-01-01,15,Operating Expenses,Depreciation & Amort.,Germany,Software,-63819,-69652,-67378
2024-01-01,16,Other,Interest Income,Germany,Software,14270,15197,15050
2024-01-01,17,Other,Interest Expense,Germany,Software,-32882,-35459,-35935
2024-01-01,18,Other,FX Gain/(Loss),Germany,Software,-17380,-18996,-18949
2024-01-01,19,Other,Other Income/(Expense),Germany,Software,23075,25328,24579
2024-01-01,20,Other,Income Tax,Germany,Software,-106087,-113976,-109653
2024-01-01,1,Revenue,Product Revenue,Germany,Services,594801,663841,631615
2024-01-01,2,Revenue,Subscription Revenue,Germany,Services,469766,497881,473621
2024-01-01,3,Revenue,Service Revenue,Germany,Services,269323,290430,290899
2024-01-01,4,Revenue,Support & Maintenance,Germany,Services,141225,149364,143358
2024-01-01,5,COGS,Direct Materials,Germany,Services,-180263,-197558,-197491
2024-01-01,6,COGS,Direct Labor,Germany,Services,-163119,-182362,-177785
2024-01-01,7,COGS,Cloud & Hosting,Germany,Services,-85083,-91181,-87429
2024-01-01,8,COGS,Support Delivery,Germany,Services,-63234,-68386,-67553
2024-01-01,9,Operating Expenses,Sales,Germany,Services,-125783,-136771,-129704
2024-01-01,10,Operating Expenses,Marketing,Germany,Services,-105699,-113976,-107359
2024-01-01,11,Operating Expenses,Research & Development,Germany,Services,-146670,-167165,-166649
2024-01-01,12,Operating Expenses,General & Administrative,Germany,Services,-88070,-98779,-93420
2024-01-01,13,Operating Expenses,IT & Systems,Germany,Services,-48831,-53189,-52384
2024-01-01,14,Operating Expenses,Facilities & Rent,Germany,Services,-42317,-45590,-45213
2024-01-01,15,Operating Expenses,Depreciation & Amort.,Germany,Services,-38284,-41791,-42264
2024-01-01,16,Other,Interest Income,Germany,Services,8470,9118,8611
2024-01-01,17,Other,Interest Expense,Germany,Services,-19346,-21276,-20345
2024-01-01,18,Other,FX Gain/(Loss),Germany,Services,-10069,-11398,-10931
2024-01-01,19,Other,Other Income/(Expense),Germany,Services,13511,15197,14571
2024-01-01,20,Other,Income Tax,Germany,Services,-63643,-68386,-65855
2024-01-01,1,Revenue,Product Revenue,Germany,Hardware,815260,885121,847599
2024-01-01,2,Revenue,Subscription Revenue,Germany,Hardware,592449,663841,665105
2024-01-01,3,Revenue,Service Revenue,Germany,Hardware,338345,387241,389033
2024-01-01,4,Revenue,Support & Maintenance,Germany,Hardware,179446,199152,188869
2024-01-01,5,COGS,Direct Materials,Germany,Hardware,-240904,-263411,-263994
2024-01-01,6,COGS,Direct Labor,Germany,Hardware,-218766,-243149,-240397
2024-01-01,7,COGS,Cloud & Hosting,Germany,Hardware,-111913,-121574,-115146
2024-01-01,8,COGS,Support Delivery,Germany,Hardware,-82521,-91181,-91688
2024-01-01,9,Operating Expenses,Sales,Germany,Hardware,-171738,-182362,-185093
2024-01-01,10,Operating Expenses,Marketing,Germany,Hardware,-132842,-151968,-148083
2024-01-01,11,Operating Expenses,Research & Development,Germany,Hardware,-198851,-222887,-218418
2024-01-01,12,Operating Expenses,General & Administrative,Germany,Hardware,-118803,-131706,-132954
2024-01-01,13,Operating Expenses,IT & Systems,Germany,Hardware,-64223,-70918,-69477
2024-01-01,14,Operating Expenses,Facilities & Rent,Germany,Hardware,-54534,-60787,-59142
2024-01-01,15,Operating Expenses,Depreciation & Amort.,Germany,Hardware,-51684,-55722,-54970
2024-01-01,16,Other,Interest Income,Germany,Hardware,10647,12157,11993
2024-01-01,17,Other,Interest Expense,Germany,Hardware,-24999,-28367,-27829
2024-01-01,18,Other,FX Gain/(Loss),Germany,Hardware,-13803,-15197,-14494
2024-01-01,19,Other,Other Income/(Expense),Germany,Hardware,18026,20262,19865
2024-01-01,20,Other,Income Tax,Germany,Hardware,-79778,-91181,-86991
2024-01-01,1,Revenue,Product Revenue,United Kingdom,Software,773288,829801,845429
2024-01-01,2,Revenue,Subscription Revenue,United Kingdom,Software,577107,622351,599666
2024-01-01,3,Revenue,Service Revenue,United Kingdom,Software,329653,363038,359442
2024-01-01,4,Revenue,Support & Maintenance,United Kingdom,Software,174060,186705,181804
2024-01-01,5,COGS,Direct Materials,United Kingdom,Software,-216620,-246948,-243364
2024-01-01,6,COGS,Direct Labor,United Kingdom,Software,-202743,-227952,-225970
2024-01-01,7,COGS,Cloud & Hosting,United Kingdom,Software,-102069,-113976,-111702
2024-01-01,8,COGS,Support Delivery,United Kingdom,Software,-78638,-85482,-82500
2024-01-01,9,Operating Expenses,Sales,United Kingdom,Software,-155733,-170964,-170389
2024-01-01,10,Operating Expenses,Marketing,United Kingdom,Software,-130265,-142470,-137598
2024-01-01,11,Operating Expenses,Research & Development,United Kingdom,Software,-191974,-208956,-196825
2024-01-01,12,Operating Expenses,General & Administrative,United Kingdom,Software,-116764,-123474,-116659
2024-01-01,13,Operating Expenses,IT & Systems,United Kingdom,Software,-62336,-66486,-67334
2024-01-01,14,Operating Expenses,Facilities & Rent,United Kingdom,Software,-51425,-56988,-55950
2024-01-01,15,Operating Expenses,Depreciation & Amort.,United Kingdom,Software,-47999,-52239,-53147
2024-01-01,16,Other,Interest Income,United Kingdom,Software,10282,11398,10900
2024-01-01,17,Other,Interest Expense,United Kingdom,Software,-24752,-26594,-25122
2024-01-01,18,Other,FX Gain/(Loss),United Kingdom,Software,-13181,-14247,-14327
2024-01-01,19,Other,Other Income/(Expense),United Kingdom,Software,17508,18996,18199
2024-01-01,20,Other,Income Tax,United Kingdom,Software,-79381,-85482,-81787
2024-01-01,1,Revenue,Product Revenue,United Kingdom,Services,459080,497881,492608
2024-01-01,2,Revenue,Subscription Revenue,United Kingdom,Services,353017,373411,354977
2024-01-01,3,Revenue,Service Revenue,United Kingdom,Services,192351,217823,215538
2024-01-01,4,Revenue,Support & Maintenance,United Kingdom,Services,99257,112023,108195
2024-01-01,5,COGS,Direct Materials,United Kingdom,Services,-137268,-148169,-142551
2024-01-01,6,COGS,Direct Labor,United Kingdom,Services,-125471,-136771,-133293
2024-01-01,7,COGS,Cloud & Hosting,United Kingdom,Services,-64306,-68386,-65858
2024-01-01,8,COGS,Support Delivery,United Kingdom,Services,-48353,-51289,-50686
2024-01-01,9,Operating Expenses,Sales,United Kingdom,Services,-93921,-102578,-103636
2024-01-01,10,Operating Expenses,Marketing,United Kingdom,Services,-80830,-85482,-80480
2024-01-01,11,Operating Expenses,Research & Development,United Kingdom,Services,-111023,-125374,-123251
2024-01-01,12,Operating Expenses,General & Administrative,United Kingdom,Services,-69850,-74084,-69825
2024-01-01,13,Operating Expenses,IT & Systems,United Kingdom,Services,-36193,-39892,-38336
2024-01-01,14,Operating Expenses,Facilities & Rent,United Kingdom,Services,-30534,-34193,-33024
2024-01-01,15,Operating Expenses,Depreciation & Amort.,United Kingdom,Services,-29270,-31343,-30478
2024-01-01,16,Other,Interest Income,United Kingdom,Services,6192,6839,6734
2024-01-01,17,Other,Interest Expense,United Kingdom,Services,-14211,-15957,-15736
2024-01-01,18,Other,FX Gain/(Loss),United Kingdom,Services,-7688,-8548,-8369
2024-01-01,19,Other,Other Income/(Expense),United Kingdom,Services,10006,11398,11358
2024-01-01,20,Other,Income Tax,United Kingdom,Services,-45164,-51289,-51420
2024-01-01,1,Revenue,Product Revenue,United Kingdom,Hardware,614140,663841,662121
2024-01-01,2,Revenue,Subscription Revenue,United Kingdom,Hardware,442779,497881,506013
2024-01-01,3,Revenue,Service Revenue,United Kingdom,Hardware,271867,290430,273397
2024-01-01,4,Revenue,Support & Maintenance,United Kingdom,Hardware,140210,149364,144716
2024-01-01,5,COGS,Direct Materials,United Kingdom,Hardware,-175149,-197558,-199343
2024-01-01,6,COGS,Direct Labor,United Kingdom,Hardware,-159858,-182362,-177976
2024-01-01,7,COGS,Cloud & Hosting,United Kingdom,Hardware,-85441,-91181,-91038
2024-01-01,8,COGS,Support Delivery,United Kingdom,Hardware,-60798,-68386,-66258
2024-01-01,9,Operating Expenses,Sales,United Kingdom,Hardware,-122585,-136771,-138508
2024-01-01,10,Operating Expenses,Marketing,United Kingdom,Hardware,-106117,-113976,-108039
2024-01-01,11,Operating Expenses,Research & Development,United Kingdom,Hardware,-150843,-167165,-163968
2024-01-01,12,Operating Expenses,General & Administrative,United Kingdom,Hardware,-88715,-98779,-97864
2024-01-01,13,Operating Expenses,IT & Systems,United Kingdom,Hardware,-46586,-53189,-52685
2024-01-01,14,Operating Expenses,Facilities & Rent,United Kingdom,Hardware,-40989,-45590,-45652
2024-01-01,15,Operating Expenses,Depreciation & Amort.,United Kingdom,Hardware,-38740,-41791,-40449
2024-01-01,16,Other,Interest Income,United Kingdom,Hardware,8161,9118,8799
2024-01-01,17,Other,Interest Expense,United Kingdom,Hardware,-19643,-21276,-21050
2024-01-01,18,Other,FX Gain/(Loss),United Kingdom,Hardware,10602,11398,11232
2024-01-01,19,Other,Other Income/(Expense),United Kingdom,Hardware,13884,15197,15201
2024-01-01,20,Other,Income Tax,United Kingdom,Hardware,-60862,-68386,-65874
2024-01-01,1,Revenue,Product Revenue,Spain,Software,496983,553201,523338
2024-01-01,2,Revenue,Subscription Revenue,Spain,Software,386039,414901,399596
2024-01-01,3,Revenue,Service Revenue,Spain,Software,213995,242025,230387
2024-01-01,4,Revenue,Support & Maintenance,Spain,Software,113645,124470,122060
2024-01-01,5,COGS,Direct Materials,Spain,Software,-155018,-164632,-155467
2024-01-01,6,COGS,Direct Labor,Spain,Software,-136701,-151968,-154737
2024-01-01,7,COGS,Cloud & Hosting,Spain,Software,-68217,-75984,-72198
2024-01-01,8,COGS,Support Delivery,Spain,Software,-53134,-56988,-57929
2024-01-01,9,Operating Expenses,Sales,Spain,Software,-103409,-113976,-115715
2024-01-01,10,Operating Expenses,Marketing,Spain,Software,-89813,-94980,-90030
2024-01-01,11,Operating Expenses,Research & Development,Spain,Software,-126062,-139304,-131314
2024-01-01,12,Operating Expenses,General & Administrative,Spain,Software,-74395,-82316,-83323
2024-01-01,13,Operating Expenses,IT & Systems,Spain,Software,-40319,-44324,-42960
2024-01-01,14,Operating Expenses,Facilities & Rent,Spain,Software,-33740,-37992,-37152
2024-01-01,15,Operating Expenses,Depreciation & Amort.,Spain,Software,-32684,-34826,-34264
2024-01-01,16,Other,Interest Income,Spain,Software,6679,7598,7478
2024-01-01,17,Other,Interest Expense,Spain,Software,-16026,-17730,-16770
2024-01-01,18,Other,FX Gain/(Loss),Spain,Software,8810,9498,9444
2024-01-01,19,Other,Other Income/(Expense),Spain,Software,-11332,-12664,-12561
2024-01-01,20,Other,Income Tax,Spain,Software,-53166,-56988,-57273
2024-01-01,1,Revenue,Product Revenue,Spain,Services,307587,331921,334382
2024-01-01,2,Revenue,Subscription Revenue,Spain,Services,223654,248940,238135
2024-01-01,3,Revenue,Service Revenue,Spain,Services,137058,145215,137115
2024-01-01,4,Revenue,Support & Maintenance,Spain,Services,66583,74682,74860
2024-01-01,5,COGS,Direct Materials,Spain,Services,-87403,-98779,-99685
2024-01-01,6,COGS,Direct Labor,Spain,Services,-82028,-91181,-86491
2024-01-01,7,COGS,Cloud & Hosting,Spain,Services,-42619,-45590,-45007
2024-01-01,8,COGS,Support Delivery,Spain,Services,-31993,-34193,-34790
2024-01-01,9,Operating Expenses,Sales,Spain,Services,-60000,-68386,-66233
2024-01-01,10,Operating Expenses,Marketing,Spain,Services,-53006,-56988,-57468
2024-01-01,11,Operating Expenses,Research & Development,Spain,Services,-74857,-83582,-81165
2024-01-01,12,Operating Expenses,General & Administrative,Spain,Services,-43851,-49390,-49144
2024-01-01,13,Operating Expenses,IT & Systems,Spain,Services,-23795,-26594,-25607
2024-01-01,14,Operating Expenses,Facilities & Rent,Spain,Services,-20294,-22795,-23048
2024-01-01,15,Operating Expenses,Depreciation & Amort.,Spain,Services,-19706,-20896,-20487
2024-01-01,16,Other,Interest Income,Spain,Services,4048,4559,4558
2024-01-01,17,Other,Interest Expense,Spain,Services,-9448,-10638,-10491
2024-01-01,18,Other,FX Gain/(Loss),Spain,Services,-5026,-5699,-5419
2024-01-01,19,Other,Other Income/(Expense),Spain,Services,-6927,-7598,-7403
2024-01-01,20,Other,Income Tax,Spain,Services,-30110,-34193,-32209
2024-01-01,1,Revenue,Product Revenue,Spain,Hardware,386875,442561,449337
2024-01-01,2,Revenue,Subscription Revenue,Spain,Hardware,301562,331921,316572
2024-01-01,3,Revenue,Service Revenue,Spain,Hardware,178101,193620,188136
2024-01-01,4,Revenue,Support & Maintenance,Spain,Hardware,93556,99576,100590
2024-01-01,5,COGS,Direct Materials,Spain,Hardware,-118371,-131706,-130659
2024-01-01,6,COGS,Direct Labor,Spain,Hardware,-106656,-121574,-115876
2024-01-01,7,COGS,Cloud & Hosting,Spain,Hardware,-55916,-60787,-59353
2024-01-01,8,COGS,Support Delivery,Spain,Hardware,-41208,-45590,-45608
2024-01-01,9,Operating Expenses,Sales,Spain,Hardware,-85911,-91181,-88974
2024-01-01,10,Operating Expenses,Marketing,Spain,Hardware,-70331,-75984,-74012
2024-01-01,11,Operating Expenses,Research & Development,Spain,Hardware,-97956,-111443,-104999
2024-01-01,12,Operating Expenses,General & Administrative,Spain,Hardware,-59777,-65853,-62273
2024-01-01,13,Operating Expenses,IT & Systems,Spain,Hardware,-32151,-35459,-34894
2024-01-01,14,Operating Expenses,Facilities & Rent,Spain,Hardware,-27715,-30394,-29905
2024-01-01,15,Operating Expenses,Depreciation & Amort.,Spain,Hardware,-24547,-27861,-27071
2024-01-01,16,Other,Interest Income,Spain,Hardware,5416,6079,5900
2024-01-01,17,Other,Interest Expense,Spain,Hardware,-12686,-14184,-14112
2024-01-01,18,Other,FX Gain/(Loss),Spain,Hardware,-6882,-7598,-7568
2024-01-01,19,Other,Other Income/(Expense),Spain,Hardware,-9230,-10131,-9782
2024-01-01,20,Other,Income Tax,Spain,Hardware,-42628,-45590,-45985
2024-01-01,1,Revenue,Product Revenue,Italy,Software,605162,645401,650156
2024-01-01,2,Revenue,Subscription Revenue,Italy,Software,444377,484051,463847
2024-01-01,3,Revenue,Service Revenue,Italy,Software,266841,282363,275145
2024-01-01,4,Revenue,Support & Maintenance,Italy,Software,127890,145215,141348
2024-01-01,5,COGS,Direct Materials,Italy,Software,-173546,-192071,-187830
2024-01-01,6,COGS,Direct Labor,Italy,Software,-156065,-177296,-170375
2024-01-01,7,COGS,Cloud & Hosting,Italy,Software,-82919,-88648,-84931
2024-01-01,8,COGS,Support Delivery,Italy,Software,-60493,-66486,-67411
2024-01-01,9,Operating Expenses,Sales,Italy,Software,-123299,-132972,-126061
2024-01-01,10,Operating Expenses,Marketing,Italy,Software,-103576,-110810,-112079
2024-01-01,11,Operating Expenses,Research & Development,Italy,Software,-153098,-162521,-161673
2024-01-01,12,Operating Expenses,General & Administrative,Italy,Software,-85978,-96035,-91167
2024-01-01,13,Operating Expenses,IT & Systems,Italy,Software,-47585,-51711,-50759
2024-01-01,14,Operating Expenses,Facilities & Rent,Italy,Software,-40017,-44324,-44836
2024-01-01,15,Operating Expenses,Depreciation & Amort.,Italy,Software,-36346,-40630,-39692
2024-01-01,16,Other,Interest Income,Italy,Software,7804,8865,8480
2024-01-01,17,Other,Interest Expense,Italy,Software,-18744,-20685,-19874
2024-01-01,18,Other,FX Gain/(Loss),Italy,Software,-10256,-11081,-11146
2024-01-01,19,Other,Other Income/(Expense),Italy,Software,12952,14775,14358
2024-01-01,20,Other,Income Tax,Italy,Software,-61889,-66486,-66001
2024-01-01,1,Revenue,Product Revenue,Italy,Services,360982,387241,379778
2024-01-01,2,Revenue,Subscription Revenue,Italy,Services,271657,290430,287429
2024-01-01,3,Revenue,Service Revenue,Italy,Services,148533,169418,166603
2024-01-01,4,Revenue,Support & Maintenance,Italy,Services,77789,87129,86856
2024-01-01,5,COGS,Direct Materials,Italy,Services,-108354,-115242,-114324
2024-01-01,6,COGS,Direct Labor,Italy,Services,-99084,-106378,-102477
2024-01-01,7,COGS,Cloud & Hosting,Italy,Services,-50218,-53189,-50079
2024-01-01,8,COGS,Support Delivery,Italy,Services,-37297,-39892,-40167
2024-01-01,9,Operating Expenses,Sales,Italy,Services,-72929,-79783,-80768
2024-01-01,10,Operating Expenses,Marketing,Italy,Services,-61141,-66486,-67633
2024-01-01,11,Operating Expenses,Research & Development,Italy,Services,-88666,-97513,-96144
2024-01-01,12,Operating Expenses,General & Administrative,Italy,Services,-54341,-57621,-58508
2024-01-01,13,Operating Expenses,IT & Systems,Italy,Services,-27404,-31027,-30804
2024-01-01,14,Operating Expenses,Facilities & Rent,Italy,Services,-23573,-26594,-25430
2024-01-01,15,Operating Expenses,Depreciation & Amort.,Italy,Services,-21951,-24378,-23734
2024-01-01,16,Other,Interest Income,Italy,Services,4706,5319,5038
2024-01-01,17,Other,Interest Expense,Italy,Services,-11562,-12411,-12596
2024-01-01,18,Other,FX Gain/(Loss),Italy,Services,-6217,-6649,-6635
2024-01-01,19,Other,Other Income/(Expense),Italy,Services,-8265,-8865,-8747
2024-01-01,20,Other,Income Tax,Italy,Services,-36069,-39892,-39709
2024-01-01,1,Revenue,Product Revenue,Italy,Hardware,488141,516321,495743
2024-01-01,2,Revenue,Subscription Revenue,Italy,Hardware,351981,387241,367900
2024-01-01,3,Revenue,Service Revenue,Italy,Hardware,207098,225890,221190
2024-01-01,4,Revenue,Support & Maintenance,Italy,Hardware,102077,116172,112342
2024-01-01,5,COGS,Direct Materials,Italy,Hardware,-139677,-153657,-146326
2024-01-01,6,COGS,Direct Labor,Italy,Hardware,-132450,-141837,-135524
2024-01-01,7,COGS,Cloud & Hosting,Italy,Hardware,-64311,-70918,-69942
2024-01-01,8,COGS,Support Delivery,Italy,Hardware,-49630,-53189,-50717
2024-01-01,9,Operating Expenses,Sales,Italy,Hardware,-98941,-106378,-103082
2024-01-01,10,Operating Expenses,Marketing,Italy,Hardware,-82767,-88648,-88962
2024-01-01,11,Operating Expenses,Research & Development,Italy,Hardware,-117504,-130017,-131399
2024-01-01,12,Operating Expenses,General & Administrative,Italy,Hardware,-72342,-76828,-78085
2024-01-01,13,Operating Expenses,IT & Systems,Italy,Hardware,-37323,-41369,-39647
2024-01-01,14,Operating Expenses,Facilities & Rent,Italy,Hardware,-33307,-35459,-33875
2024-01-01,15,Operating Expenses,Depreciation & Amort.,Italy,Hardware,-28650,-32504,-31280
2024-01-01,16,Other,Interest Income,Italy,Hardware,6507,7092,7029
2024-01-01,17,Other,Interest Expense,Italy,Hardware,-14826,-16548,-16143
2024-01-01,18,Other,FX Gain/(Loss),Italy,Hardware,-8152,-8865,-8984
2024-01-01,19,Other,Other Income/(Expense),Italy,Hardware,10564,11820,11666
2024-01-01,20,Other,Income Tax,Italy,Hardware,-49979,-53189,-52647
2024-01-01,1,Revenue,Product Revenue,United States,Software,1338010,1475202,1428875
2024-01-01,2,Revenue,Subscription Revenue,United States,Software,1042236,1106402,1088642
2024-01-01,3,Revenue,Service Revenue,United States,Software,608839,645401,645732
2024-01-01,4,Revenue,Support & Maintenance,United States,Software,305656,331921,337081
2024-01-01,5,COGS,Direct Materials,United States,Software,-397449,-439019,-443345
2024-01-01,6,COGS,Direct Labor,United States,Software,-372658,-405248,-382522
2024-01-01,7,COGS,Cloud & Hosting,United States,Software,-188982,-202624,-197288
2024-01-01,8,COGS,Support Delivery,United States,Software,-143237,-151968,-145907
2024-01-01,9,Operating Expenses,Sales,United States,Software,-280052,-303936,-302278
2024-01-01,10,Operating Expenses,Marketing,United States,Software,-233979,-253280,-246693
2024-01-01,11,Operating Expenses,Research & Development,United States,Software,-347744,-371478,-359067
2024-01-01,12,Operating Expenses,General & Administrative,United States,Software,-193168,-219509,-211551
2024-01-01,13,Operating Expenses,IT & Systems,United States,Software,-110617,-118197,-116452
2024-01-01,14,Operating Expenses,Facilities & Rent,United States,Software,-93202,-101312,-97399
2024-01-01,15,Operating Expenses,Depreciation & Amort.,United States,Software,-83069,-92869,-90762
2024-01-01,16,Other,Interest Income,United States,Software,18264,20262,20435
2024-01-01,17,Other,Interest Expense,United States,Software,-42972,-47279,-46379
2024-01-01,18,Other,FX Gain/(Loss),United States,Software,22212,25328,25452
2024-01-01,19,Other,Other Income/(Expense),United States,Software,31609,33771,32257
2024-01-01,20,Other,Income Tax,United States,Software,-136081,-151968,-144983
2024-01-01,1,Revenue,Product Revenue,United States,Services,832268,885121,872916
2024-01-01,2,Revenue,Subscription Revenue,United States,Services,583164,663841,640625
2024-01-01,3,Revenue,Service Revenue,United States,Services,356321,387241,373046
2024-01-01,4,Revenue,Support & Maintenance,United States,Services,180526,199152,194473
2024-01-01,5,COGS,Direct Materials,United States,Services,-237895,-263411,-261811
2024-01-01,6,COGS,Direct Labor,United States,Services,-228913,-243149,-239410
2024-01-01,7,COGS,Cloud & Hosting,United States,Services,-108222,-121574,-116548
2024-01-01,8,COGS,Support Delivery,United States,Services,-83248,-91181,-89767
2024-01-01,9,Operating Expenses,Sales,United States,Services,-172166,-182362,-184463
2024-01-01,10,Operating Expenses,Marketing,United States,Services,-135170,-151968,-147231
2024-01-01,11,Operating Expenses,Research & Development,United States,Services,-197490,-222887,-221340
2024-01-01,12,Operating Expenses,General & Administrative,United States,Services,-119488,-131706,-125668
2024-01-01,13,Operating Expenses,IT & Systems,United States,Services,-64526,-70918,-71583
2024-01-01,14,Operating Expenses,Facilities & Rent,United States,Services,-57015,-60787,-61740
2024-01-01,15,Operating Expenses,Depreciation & Amort.,United States,Services,-50165,-55722,-54029
2024-01-01,16,Other,Interest Income,United States,Services,11025,12157,11632
2024-01-01,17,Other,Interest Expense,United States,Services,-25682,-28367,-28578
2024-01-01,18,Other,FX Gain/(Loss),United States,Services,-14349,-15197,-15192
2024-01-01,19,Other,Other Income/(Expense),United States,Services,-18471,-20262,-19752
2024-01-01,20,Other,Income Tax,United States,Services,-83011,-91181,-89526
2024-01-01,1,Revenue,Product Revenue,United States,Hardware,1089196,1180162,1168703
2024-01-01,2,Revenue,Subscription Revenue,United States,Hardware,784755,885121,899812
2024-01-01,3,Revenue,Service Revenue,United States,Hardware,459221,516321,520034
2024-01-01,4,Revenue,Support & Maintenance,United States,Hardware,246621,265536,258171
2024-01-01,5,COGS,Direct Materials,United States,Hardware,-323181,-351215,-344440
2024-01-01,6,COGS,Direct Labor,United States,Hardware,-293525,-324199,-319071
2024-01-01,7,COGS,Cloud & Hosting,United States,Hardware,-149681,-162099,-153767
2024-01-01,8,COGS,Support Delivery,United States,Hardware,-114145,-121574,-115876
2024-01-01,9,Operating Expenses,Sales,United States,Hardware,-213784,-243149,-228887
2024-01-01,10,Operating Expenses,Marketing,United States,Hardware,-180558,-202624,-204548
2024-01-01,11,Operating Expenses,Research & Development,United States,Hardware,-260313,-297182,-280355
2024-01-01,12,Operating Expenses,General & Administrative,United States,Hardware,-161019,-175608,-167168
2024-01-01,13,Operating Expenses,IT & Systems,United States,Hardware,-88845,-94558,-93672
2024-01-01,14,Operating Expenses,Facilities & Rent,United States,Hardware,-72496,-81050,-79668
2024-01-01,15,Operating Expenses,Depreciation & Amort.,United States,Hardware,-67341,-74296,-73577
2024-01-01,16,Other,Interest Income,United States,Hardware,14312,16210,16277
2024-01-01,17,Other,Interest Expense,United States,Hardware,-34934,-37823,-37778
2024-01-01,18,Other,FX Gain/(Loss),United States,Hardware,-17866,-20262,-20006
2024-01-01,19,Other,Other Income/(Expense),United States,Hardware,23789,27017,26410
2024-01-01,20,Other,Income Tax,United States,Hardware,-112302,-121574,-123920
2024-01-01,1,Revenue,Product Revenue,Nordics,Software,411926,461001,450363
2024-01-01,2,Revenue,Subscription Revenue,Nordics,Software,312046,345751,329604
2024-01-01,3,Revenue,Service Revenue,Nordics,Software,184943,201688,191470
2024-01-01,4,Revenue,Support & Maintenance,Nordics,Software,90667,103725,104495
2024-01-01,5,COGS,Direct Materials,Nordics,Software,-123083,-137193,-137054
2024-01-01,6,COGS,Direct Labor,Nordics,Software,-114288,-126640,-120485
2024-01-01,7,COGS,Cloud & Hosting,Nordics,Software,-57974,-63320,-59798
2024-01-01,8,COGS,Support Delivery,Nordics,Software,-44666,-47490,-46066
2024-01-01,9,Operating Expenses,Sales,Nordics,Software,-87049,-94980,-95292
2024-01-01,10,Operating Expenses,Marketing,Nordics,Software,-72293,-79150,-76338
2024-01-01,11,Operating Expenses,Research & Development,Nordics,Software,-104815,-116087,-109551
2024-01-01,12,Operating Expenses,General & Administrative,Nordics,Software,-62581,-68597,-66445
2024-01-01,13,Operating Expenses,IT & Systems,Nordics,Software,-33404,-36937,-37600
2024-01-01,14,Operating Expenses,Facilities & Rent,Nordics,Software,-28649,-31660,-31163
2024-01-01,15,Operating Expenses,Depreciation & Amort.,Nordics,Software,-25906,-29022,-29369
2024-01-01,16,Other,Interest Income,Nordics,Software,5632,6332,6023
2024-01-01,17,Other,Interest Expense,Nordics,Software,-12911,-14775,-14048
2024-01-01,18,Other,FX Gain/(Loss),Nordics,Software,-7451,-7915,-7614
2024-01-01,19,Other,Other Income/(Expense),Nordics,Software,9410,10553,10733
2024-01-01,20,Other,Income Tax,Nordics,Software,-41961,-47490,-47956
2024-01-01,1,Revenue,Product Revenue,Nordics,Services,245014,276600,265200
2024-01-01,2,Revenue,Subscription Revenue,Nordics,Services,186165,207450,205802
2024-01-01,3,Revenue,Service Revenue,Nordics,Services,113912,121013,118883
2024-01-01,4,Revenue,Support & Maintenance,Nordics,Services,56932,62235,63112
2024-01-01,5,COGS,Direct Materials,Nordics,Services,-72023,-82316,-80969
2024-01-01,6,COGS,Direct Labor,Nordics,Services,-70892,-75984,-71659
2024-01-01,7,COGS,Cloud & Hosting,Nordics,Services,-35147,-37992,-37825
2024-01-01,8,COGS,Support Delivery,Nordics,Services,-24972,-28494,-28614
2024-01-01,9,Operating Expenses,Sales,Nordics,Services,-51355,-56988,-57889
2024-01-01,10,Operating Expenses,Marketing,Nordics,Services,-42159,-47490,-44777
2024-01-01,11,Operating Expenses,Research & Development,Nordics,Services,-64859,-69652,-70288
2024-01-01,12,Operating Expenses,General & Administrative,Nordics,Services,-36643,-41158,-39031
2024-01-01,13,Operating Expenses,IT & Systems,Nordics,Services,-19420,-22162,-22549
2024-01-01,14,Operating Expenses,Facilities & Rent,Nordics,Services,-16756,-18996,-19113
2024-01-01,15,Operating Expenses,Depreciation & Amort.,Nordics,Services,-15211,-17413,-17472
2024-01-01,16,Other,Interest Income,Nordics,Services,3449,3799,3672
2024-01-01,17,Other,Interest Expense,Nordics,Services,-7750,-8865,-8724
2024-01-01,18,Other,FX Gain/(Loss),Nordics,Services,-4199,-4749,-4551
2024-01-01,19,Other,Other Income/(Expense),Nordics,Services,5968,6332,6266
2024-01-01,20,Other,Income Tax,Nordics,Services,-26770,-28494,-27999
2024-01-01,1,Revenue,Product Revenue,Nordics,Hardware,326635,368801,369974
2024-01-01,2,Revenue,Subscription Revenue,Nordics,Hardware,259479,276600,279291
2024-01-01,3,Revenue,Service Revenue,Nordics,Hardware,146937,161350,159436
2024-01-01,4,Revenue,Support & Maintenance,Nordics,Hardware,76104,82980,84254
2024-01-01,5,COGS,Direct Materials,Nordics,Hardware,-96603,-109755,-108935
2024-01-01,6,COGS,Direct Labor,Nordics,Hardware,-94754,-101312,-96880
2024-01-01,7,COGS,Cloud & Hosting,Nordics,Hardware,-46224,-50656,-49036
2024-01-01,8,COGS,Support Delivery,Nordics,Hardware,-35462,-37992,-37251
2024-01-01,9,Operating Expenses,Sales,Nordics,Hardware,-70221,-75984,-72514
2024-01-01,10,Operating Expenses,Marketing,Nordics,Hardware,-59054,-63320,-60377
2024-01-01,11,Operating Expenses,Research & Development,Nordics,Hardware,-87405,-92869,-93089
2024-01-01,12,Operating Expenses,General & Administrative,Nordics,Hardware,-51108,-54877,-55074
2024-01-01,13,Operating Expenses,IT & Systems,Nordics,Hardware,-26852,-29549,-29059
2024-01-01,14,Operating Expenses,Facilities & Rent,Nordics,Hardware,-23847,-25328,-24280
2024-01-01,15,Operating Expenses,Depreciation & Amort.,Nordics,Hardware,-21514,-23217,-22873
2024-01-01,16,Other,Interest Income,Nordics,Hardware,4464,5066,4798
2024-01-01,17,Other,Interest Expense,Nordics,Hardware,-10334,-11820,-11596
2024-01-01,18,Other,FX Gain/(Loss),Nordics,Hardware,-5625,-6332,-5979
2024-01-01,19,Other,Other Income/(Expense),Nordics,Hardware,7747,8443,8561
2024-01-01,20,Other,Income Tax,Nordics,Hardware,-35287,-37992,-36442
2024-02-01,1,Revenue,Product Revenue,France,Software,781230,882463,833121
2024-02-01,2,Revenue,Subscription Revenue,France,Software,614796,661847,670396
2024-02-01,3,Revenue,Service Revenue,France,Software,355897,386078,371556
2024-02-01,4,Revenue,Support & Maintenance,France,Software,181569,198554,187144
2024-02-01,5,COGS,Direct Materials,France,Software,-250788,-272127,-256448
2024-02-01,6,COGS,Direct Labor,France,Software,-227633,-251194,-252704
2024-02-01,7,COGS,Cloud & Hosting,France,Software,-116333,-125597,-119406
2024-02-01,8,COGS,Support Delivery,France,Software,-85878,-94198,-95143
2024-02-01,9,Operating Expenses,Sales,France,Software,-165740,-188396,-190583
2024-02-01,10,Operating Expenses,Marketing,France,Software,-137734,-156996,-159518
2024-02-01,11,Operating Expenses,Research & Development,France,Software,-206025,-230261,-226560
2024-02-01,12,Operating Expenses,General & Administrative,France,Software,-121838,-136064,-132130
2024-02-01,13,Operating Expenses,IT & Systems,France,Software,-66576,-73265,-69728
2024-02-01,14,Operating Expenses,Facilities & Rent,France,Software,-56728,-62799,-62509
2024-02-01,15,Operating Expenses,Depreciation & Amort.,France,Software,-53924,-57565,-57015
2024-02-01,16,Other,Interest Income,France,Software,11621,12560,12316
2024-02-01,17,Other,Interest Expense,France,Software,-27423,-29306,-28014
2024-02-01,18,Other,FX Gain/(Loss),France,Software,-13866,-15700,-15000
2024-02-01,19,Other,Other Income/(Expense),France,Software,18536,20933,21263
2024-02-01,20,Other,Income Tax,France,Software,-87207,-94198,-95381
2024-02-01,1,Revenue,Product Revenue,France,Services,492510,529478,538832
2024-02-01,2,Revenue,Subscription Revenue,France,Services,349273,397108,398763
2024-02-01,3,Revenue,Service Revenue,France,Services,213890,231647,220680
2024-02-01,4,Revenue,Support & Maintenance,France,Services,112241,119133,119554
2024-02-01,5,COGS,Direct Materials,France,Services,-146655,-163276,-154998
2024-02-01,6,COGS,Direct Labor,France,Services,-142259,-150717,-146949
2024-02-01,7,COGS,Cloud & Hosting,France,Services,-68336,-75358,-74076
2024-02-01,8,COGS,Support Delivery,France,Services,-52088,-56519,-57224
2024-02-01,9,Operating Expenses,Sales,France,Services,-99855,-113037,-113709
2024-02-01,10,Operating Expenses,Marketing,France,Services,-86047,-94198,-88758
2024-02-01,11,Operating Expenses,Research & Development,France,Services,-128484,-138157,-139644
2024-02-01,12,Operating Expenses,General & Administrative,France,Services,-74231,-81638,-81729
2024-02-01,13,Operating Expenses,IT & Systems,France,Services,-41114,-43959,-41520
2024-02-01,14,Operating Expenses,Facilities & Rent,France,Services,-33512,-37679,-35799
2024-02-01,15,Operating Expenses,Depreciation & Amort.,France,Services,-30300,-34539,-32609
2024-02-01,16,Other,Interest Income,France,Services,6865,7536,7556
2024-02-01,17,Other,Interest Expense,France,Services,-16518,-17584,-17106
2024-02-01,18,Other,FX Gain/(Loss),France,Services,-8898,-9420,-9158
2024-02-01,19,Other,Other Income/(Expense),France,Services,11312,12560,12288
2024-02-01,20,Other,Income Tax,France,Services,-52174,-56519,-55665
2024-02-01,1,Revenue,Product Revenue,France,Hardware,638561,705971,689208
2024-02-01,2,Revenue,Subscription Revenue,France,Hardware,472719,529478,539300
2024-02-01,3,Revenue,Service Revenue,France,Hardware,279132,308862,313923
2024-02-01,4,Revenue,Support & Maintenance,France,Hardware,143659,158843,153263
2024-02-01,5,COGS,Direct Materials,France,Hardware,-195541,-217702,-216510
2024-02-01,6,COGS,Direct Labor,France,Hardware,-177580,-200955,-198563
2024-02-01,7,COGS,Cloud & Hosting,France,Hardware,-87871,-100478,-95645
2024-02-01,8,COGS,Support Delivery,France,Hardware,-68542,-75358,-76506
2024-02-01,9,Operating Expenses,Sales,France,Hardware,-140700,-150717,-143206
2024-02-01,10,Operating Expenses,Marketing,France,Hardware,-112060,-125597,-127091
2024-02-01,11,Operating Expenses,Research & Development,France,Hardware,-163190,-184209,-186624
2024-02-01,12,Operating Expenses,General & Administrative,France,Hardware,-101917,-108851,-104699
2024-02-01,13,Operating Expenses,IT & Systems,France,Hardware,-53954,-58612,-58916
2024-02-01,14,Operating Expenses,Facilities & Rent,France,Hardware,-47368,-50239,-50792
2024-02-01,15,Operating Expenses,Depreciation & Amort.,France,Hardware,-42440,-46052,-45547
2024-02-01,16,Other,Interest Income,France,Hardware,9083,10048,9606
2024-02-01,17,Other,Interest Expense,France,Hardware,-21447,-23445,-22130
2024-02-01,18,Other,FX Gain/(Loss),France,Hardware,-11227,-12560,-12159
2024-02-01,19,Other,Other Income/(Expense),France,Hardware,-15645,-16746,-16770
2024-02-01,20,Other,Income Tax,France,Hardware,-67621,-75358,-73090
2024-02-01,1,Revenue,Product Revenue,Germany,Software,953870,1058956,1039489
2024-02-01,2,Revenue,Subscription Revenue,Germany,Software,724663,794217,788536
2024-02-01,3,Revenue,Service Revenue,Germany,Software,423390,463293,456203
2024-02-01,4,Revenue,Support & Maintenance,Germany,Software,223855,238265,229750
2024-02-01,5,COGS,Direct Materials,Germany,Software,-293569,-326552,-323030
2024-02-01,6,COGS,Direct Labor,Germany,Software,-277797,-301433,-300833
2024-02-01,7,COGS,Cloud & Hosting,Germany,Software,-132755,-150717,-142016
2024-02-01,8,COGS,Support Delivery,Germany,Software,-103994,-113037,-111110
2024-02-01,9,Operating Expenses,Sales,Germany,Software,-212409,-226075,-223574
2024-02-01,10,Operating Expenses,Marketing,Germany,Software,-165126,-188396,-188103
2024-02-01,11,Operating Expenses,Research & Development,Germany,Software,-245329,-276314,-274783
2024-02-01,12,Operating Expenses,General & Administrative,Germany,Software,-152200,-163276,-165674
2024-02-01,13,Operating Expenses,IT & Systems,Germany,Software,-77359,-87918,-87784
2024-02-01,14,Operating Expenses,Facilities & Rent,Germany,Software,-69139,-75358,-74062
2024-02-01,15,Operating Expenses,Depreciation & Amort.,Germany,Software,-63548,-69078,-65132
2024-02-01,16,Other,Interest Income,Germany,Software,14109,15072,14389
2024-02-01,17,Other,Interest Expense,Germany,Software,-32191,-35167,-35681
2024-02-01,18,Other,FX Gain/(Loss),Germany,Software,17024,18840,18931
2024-02-01,19,Other,Other Income/(Expense),Germany,Software,-23751,-25119,-24391
2024-02-01,20,Other,Income Tax,Germany,Software,-99248,-113037,-111527
2024-02-01,1,Revenue,Product Revenue,Germany,Services,562791,635374,617619
2024-02-01,2,Revenue,Subscription Revenue,Germany,Services,441269,476530,467909
2024-02-01,3,Revenue,Service Revenue,Germany,Services,244168,277976,281330
2024-02-01,4,Revenue,Support & Maintenance,Germany,Services,130394,142959,135762
2024-02-01,5,COGS,Direct Materials,Germany,Services,-181644,-195931,-191238
2024-02-01,6,COGS,Direct Labor,Germany,Services,-171122,-180860,-177187
2024-02-01,7,COGS,Cloud & Hosting,Germany,Services,-79329,-90430,-87364
2024-02-01,8,COGS,Support Delivery,Germany,Services,-62347,-67822,-68562
2024-02-01,9,Operating Expenses,Sales,Germany,Services,-124217,-135645,-132684
2024-02-01,10,Operating Expenses,Marketing,Germany,Services,-101646,-113037,-108887
2024-02-01,11,Operating Expenses,Research & Development,Germany,Services,-147132,-165788,-163082
2024-02-01,12,Operating Expenses,General & Administrative,Germany,Services,-92364,-97966,-94250
2024-02-01,13,Operating Expenses,IT & Systems,Germany,Services,-48213,-52751,-53166
2024-02-01,14,Operating Expenses,Facilities & Rent,Germany,Services,-40244,-45215,-45245
2024-02-01,15,Operating Expenses,Depreciation & Amort.,Germany,Services,-39093,-41447,-40234
2024-02-01,16,Other,Interest Income,Germany,Services,8025,9043,8852
2024-02-01,17,Other,Interest Expense,Germany,Services,-19621,-21100,-21391
2024-02-01,18,Other,FX Gain/(Loss),Germany,Services,10134,11304,10810
2024-02-01,19,Other,Other Income/(Expense),Germany,Services,-14118,-15072,-14544
2024-02-01,20,Other,Income Tax,Germany,Services,-60991,-67822,-65468
2024-02-01,1,Revenue,Product Revenue,Germany,Hardware,791266,847165,842566
2024-02-01,2,Revenue,Subscription Revenue,Germany,Hardware,583901,635374,637241
2024-02-01,3,Revenue,Service Revenue,Germany,Hardware,328991,370635,357168
2024-02-01,4,Revenue,Support & Maintenance,Germany,Hardware,172073,190612,179849
2024-02-01,5,COGS,Direct Materials,Germany,Hardware,-231214,-261242,-256569
2024-02-01,6,COGS,Direct Labor,Germany,Hardware,-224416,-241146,-243250
2024-02-01,7,COGS,Cloud & Hosting,Germany,Hardware,-108443,-120573,-116768
2024-02-01,8,COGS,Support Delivery,Germany,Hardware,-83170,-90430,-89386
2024-02-01,9,Operating Expenses,Sales,Germany,Hardware,-163711,-180860,-178706
2024-02-01,10,Operating Expenses,Marketing,Germany,Hardware,-139445,-150717,-149517
2024-02-01,11,Operating Expenses,Research & Development,Germany,Hardware,-199487,-221051,-216728
2024-02-01,12,Operating Expenses,General & Administrative,Germany,Hardware,-115430,-130621,-126464
2024-02-01,13,Operating Expenses,IT & Systems,Germany,Hardware,-62328,-70334,-67839
2024-02-01,14,Operating Expenses,Facilities & Rent,Germany,Hardware,-55219,-60287,-60061
2024-02-01,15,Operating Expenses,Depreciation & Amort.,Germany,Hardware,-50284,-55263,-54255
2024-02-01,16,Other,Interest Income,Germany,Hardware,10703,12057,12022
2024-02-01,17,Other,Interest Expense,Germany,Hardware,-25294,-28134,-26824
2024-02-01,18,Other,FX Gain/(Loss),Germany,Hardware,-13796,-15072,-14268
2024-02-01,19,Other,Other Income/(Expense),Germany,Hardware,-17946,-20096,-20363
2024-02-01,20,Other,Income Tax,Germany,Hardware,-79228,-90430,-91247
2024-02-01,1,Revenue,Product Revenue,United Kingdom,Software,718480,794217,779179
2024-02-01,2,Revenue,Subscription Revenue,United Kingdom,Software,556429,595663,582809
2024-02-01,3,Revenue,Service Revenue,United Kingdom,Software,312569,347470,334981
2024-02-01,4,Revenue,Support & Maintenance,United Kingdom,Software,168989,178699,171299
2024-02-01,5,COGS,Direct Materials,United Kingdom,Software,-222563,-244914,-232404
2024-02-01,6,COGS,Direct Labor,United Kingdom,Software,-208437,-226075,-217654
2024-02-01,7,COGS,Cloud & Hosting,United Kingdom,Software,-101695,-113037,-109835
2024-02-01,8,COGS,Support Delivery,United Kingdom,Software,-77443,-84778,-83471
2024-02-01,9,Operating Expenses,Sales,United Kingdom,Software,-152638,-169556,-160471
2024-02-01,10,Operating Expenses,Marketing,United Kingdom,Software,-126551,-141297,-139982
2024-02-01,11,Operating Expenses,Research & Development,United Kingdom,Software,-185085,-207235,-197658
2024-02-01,12,Operating Expenses,General & Administrative,United Kingdom,Software,-113063,-122457,-118997
2024-02-01,13,Operating Expenses,IT & Systems,United Kingdom,Software,-59693,-65938,-65118
2024-02-01,14,Operating Expenses,Facilities & Rent,United Kingdom,Software,-50946,-56519,-55415
2024-02-01,15,Operating Expenses,Depreciation & Amort.,United Kingdom,Software,-45698,-51809,-51739
2024-02-01,16,Other,Interest Income,United Kingdom,Software,10019,11304,11076
2024-02-01,17,Other,Interest Expense,United Kingdom,Software,-23209,-26375,-26780
2024-02-01,18,Other,FX Gain/(Loss),United Kingdom,Software,-12768,-14130,-14401
2024-02-01,19,Other,Other Income/(Expense),United Kingdom,Software,16926,18840,17959
2024-02-01,20,Other,Income Tax,United Kingdom,Software,-78407,-84778,-79872
2024-02-01,1,Revenue,Product Revenue,United Kingdom,Services,430291,476530,466334
2024-02-01,2,Revenue,Subscription Revenue,United Kingdom,Services,326827,357398,361511
2024-02-01,3,Revenue,Service Revenue,United Kingdom,Services,188712,208482,205470
2024-02-01,4,Revenue,Support & Maintenance,United Kingdom,Services,97156,107219,104256
2024-02-01,5,COGS,Direct Materials,United Kingdom,Services,-129062,-146949,-140177
2024-02-01,6,COGS,Direct Labor,United Kingdom,Services,-124581,-135645,-135605
2024-02-01,7,COGS,Cloud & Hosting,United Kingdom,Services,-63796,-67822,-65704
2024-02-01,8,COGS,Support Delivery,United Kingdom,Services,-46325,-50867,-49996
2024-02-01,9,Operating Expenses,Sales,United Kingdom,Services,-91164,-101734,-101962
2024-02-01,10,Operating Expenses,Marketing,United Kingdom,Services,-77749,-84778,-80032
2024-02-01,11,Operating Expenses,Research & Development,United Kingdom,Services,-117353,-124341,-119692
2024-02-01,12,Operating Expenses,General & Administrative,United Kingdom,Services,-64332,-73474,-71210
2024-02-01,13,Operating Expenses,IT & Systems,United Kingdom,Services,-36115,-39563,-40246
2024-02-01,14,Operating Expenses,Facilities & Rent,United Kingdom,Services,-30048,-33911,-33856
2024-02-01,15,Operating Expenses,Depreciation & Amort.,United Kingdom,Services,-28264,-31085,-30887
2024-02-01,16,Other,Interest Income,United Kingdom,Services,6015,6782,6807
2024-02-01,17,Other,Interest Expense,United Kingdom,Services,-14338,-15825,-15792
2024-02-01,18,Other,FX Gain/(Loss),United Kingdom,Services,7909,8478,8455
2024-02-01,19,Other,Other Income/(Expense),United Kingdom,Services,-9952,-11304,-11429
2024-02-01,20,Other,Income Tax,United Kingdom,Services,-45000,-50867,-51155
2024-02-01,1,Revenue,Product Revenue,United Kingdom,Hardware,568470,635374,638566
2024-02-01,2,Revenue,Subscription Revenue,United Kingdom,Hardware,449831,476530,453334
2024-02-01,3,Revenue,Service Revenue,United Kingdom,Hardware,248344,277976,281023
2024-02-01,4,Revenue,Support & Maintenance,United Kingdom,Hardware,133320,142959,144637
2024-02-01,5,COGS,Direct Materials,United Kingdom,Hardware,-181893,-195931,-192790
2024-02-01,6,COGS,Direct Labor,United Kingdom,Hardware,-158539,-180860,-179849
2024-02-01,7,COGS,Cloud & Hosting,United Kingdom,Hardware,-79217,-90430,-90092
2024-02-01,8,COGS,Support Delivery,United Kingdom,Hardware,-64013,-67822,-64845
2024-02-01,9,Operating Expenses,Sales,United Kingdom,Hardware,-125611,-135645,-127772
2024-02-01,10,Operating Expenses,Marketing,United Kingdom,Hardware,-100989,-113037,-110879
2024-02-01,11,Operating Expenses,Research & Development,United Kingdom,Hardware,-153407,-165788,-167096
2024-02-01,12,Operating Expenses,General & Administrative,United Kingdom,Hardware,-89544,-97966,-95939
2024-02-01,13,Operating Expenses,IT & Systems,United Kingdom,Hardware,-46244,-52751,-53099
2024-02-01,14,Operating Expenses,Facilities & Rent,United Kingdom,Hardware,-39611,-45215,-45897
2024-02-01,15,Operating Expenses,Depreciation & Amort.,United Kingdom,Hardware,-38983,-41447,-39117
2024-02-01,16,Other,Interest Income,United Kingdom,Hardware,8458,9043,8998
2024-02-01,17,Other,Interest Expense,United Kingdom,Hardware,-19247,-21100,-21444
2024-02-01,18,Other,FX Gain/(Loss),United Kingdom,Hardware,-10453,-11304,-10787
2024-02-01,19,Other,Other Income/(Expense),United Kingdom,Hardware,-13619,-15072,-14445
2024-02-01,20,Other,Income Tax,United Kingdom,Hardware,-61551,-67822,-68160
2024-02-01,1,Revenue,Product Revenue,Spain,Software,484250,529478,523982
2024-02-01,2,Revenue,Subscription Revenue,Spain,Software,348575,397108,384222
2024-02-01,3,Revenue,Service Revenue,Spain,Software,215063,231647,218858
2024-02-01,4,Revenue,Support & Maintenance,Spain,Software,106351,119133,115842
2024-02-01,5,COGS,Direct Materials,Spain,Software,-145170,-163276,-158989
2024-02-01,6,COGS,Direct Labor,Spain,Software,-140388,-150717,-149791
2024-02-01,7,COGS,Cloud & Hosting,Spain,Software,-70276,-75358,-75165
2024-02-01,8,COGS,Support Delivery,Spain,Software,-50192,-56519,-56520
2024-02-01,9,Operating Expenses,Sales,Spain,Software,-105766,-113037,-110749
2024-02-01,10,Operating Expenses,Marketing,Spain,Software,-82695,-94198,-89390
2024-02-01,11,Operating Expenses,Research & Development,Spain,Software,-127694,-138157,-136352
2024-02-01,12,Operating Expenses,General & Administrative,Spain,Software,-76025,-81638,-78230
2024-02-01,13,Operating Expenses,IT & Systems,Spain,Software,-38481,-43959,-42131
2024-02-01,14,Operating Expenses,Facilities & Rent,Spain,Software,-33627,-37679,-37492
2024-02-01,15,Operating Expenses,Depreciation & Amort.,Spain,Software,-30740,-34539,-33886
2024-02-01,16,Other,Interest Income,Spain,Software,7085,7536,7104
2024-02-01,17,Other,Interest Expense,Spain,Software,-16362,-17584,-17491
2024-02-01,18,Other,FX Gain/(Loss),Spain,Software,-8853,-9420,-9064
2024-02-01,19,Other,Other Income/(Expense),Spain,Software,11188,12560,12042
2024-02-01,20,Other,Income Tax,Spain,Software,-51800,-56519,-57376
2024-02-01,1,Revenue,Product Revenue,Spain,Services,282391,317687,318247
2024-02-01,2,Revenue,Subscription Revenue,Spain,Services,220842,238265,240776
2024-02-01,3,Revenue,Service Revenue,Spain,Services,130883,138988,134115
2024-02-01,4,Revenue,Support & Maintenance,Spain,Services,64534,71480,68392
2024-02-01,5,COGS,Direct Materials,Spain,Services,-87748,-97966,-95371
2024-02-01,6,COGS,Direct Labor,Spain,Services,-84999,-90430,-85930
2024-02-01,7,COGS,Cloud & Hosting,Spain,Services,-40923,-45215,-45947
2024-02-01,8,COGS,Support Delivery,Spain,Services,-32059,-33911,-34551
2024-02-01,9,Operating Expenses,Sales,Spain,Services,-59318,-67822,-64878
2024-02-01,10,Operating Expenses,Marketing,Spain,Services,-52232,-56519,-55547
2024-02-01,11,Operating Expenses,Research & Development,Spain,Services,-73414,-82894,-82130
2024-02-01,12,Operating Expenses,General & Administrative,Spain,Services,-43990,-48983,-46583
2024-02-01,13,Operating Expenses,IT & Systems,Spain,Services,-23360,-26375,-25083
2024-02-01,14,Operating Expenses,Facilities & Rent,Spain,Services,-20217,-22607,-21828
2024-02-01,15,Operating Expenses,Depreciation & Amort.,Spain,Services,-19480,-20724,-20420
2024-02-01,16,Other,Interest Income,Spain,Services,4098,4521,4395
2024-02-01,17,Other,Interest Expense,Spain,Services,-9259,-10550,-10473
2024-02-01,18,Other,FX Gain/(Loss),Spain,Services,5082,5652,5381
2024-02-01,19,Other,Other Income/(Expense),Spain,Services,7092,7536,7538
2024-02-01,20,Other,Income Tax,Spain,Services,-31094,-33911,-33012
2024-02-01,1,Revenue,Product Revenue,Spain,Hardware,399611,423582,398907
2024-02-01,2,Revenue,Subscription Revenue,Spain,Hardware,288161,317687,307498
2024-02-01,3,Revenue,Service Revenue,Spain,Hardware,169802,185317,177056
2024-02-01,4,Revenue,Support & Maintenance,Spain,Hardware,88754,95306,95654
2024-02-01,5,COGS,Direct Materials,Spain,Hardware,-114772,-130621,-132111
2024-02-01,6,COGS,Direct Labor,Spain,Hardware,-108620,-120573,-116826
2024-02-01,7,COGS,Cloud & Hosting,Spain,Hardware,-56384,-60287,-59434
2024-02-01,8,COGS,Support Delivery,Spain,Hardware,-40942,-45215,-43687
2024-02-01,9,Operating Expenses,Sales,Spain,Hardware,-84807,-90430,-90269
2024-02-01,10,Operating Expenses,Marketing,Spain,Hardware,-70382,-75358,-71717
2024-02-01,11,Operating Expenses,Research & Development,Spain,Hardware,-97552,-110525,-105242
2024-02-01,12,Operating Expenses,General & Administrative,Spain,Hardware,-60695,-65310,-63933
2024-02-01,13,Operating Expenses,IT & Systems,Spain,Hardware,-31531,-35167,-34926
2024-02-01,14,Operating Expenses,Facilities & Rent,Spain,Hardware,-27399,-30143,-30496
2024-02-01,15,Operating Expenses,Depreciation & Amort.,Spain,Hardware,-25278,-27631,-27862
2024-02-01,16,Other,Interest Income,Spain,Hardware,5657,6029,5807
2024-02-01,17,Other,Interest Expense,Spain,Hardware,-12305,-14067,-13797
2024-02-01,18,Other,FX Gain/(Loss),Spain,Hardware,-6984,-7536,-7473
2024-02-01,19,Other,Other Income/(Expense),Spain,Hardware,-8900,-10048,-10199
2024-02-01,20,Other,Income Tax,Spain,Hardware,-42550,-45215,-43983
2024-02-01,1,Revenue,Product Revenue,Italy,Software,562797,617724,611487
2024-02-01,2,Revenue,Subscription Revenue,Italy,Software,406945,463293,442953
2024-02-01,3,Revenue,Service Revenue,Italy,Software,248288,270254,265441
2024-02-01,4,Revenue,Support & Maintenance,Italy,Software,128484,138988,137880
2024-02-01,5,COGS,Direct Materials,Italy,Software,-175483,-190489,-191814
2024-02-01,6,COGS,Direct Labor,Italy,Software,-158057,-175836,-171459
2024-02-01,7,COGS,Cloud & Hosting,Italy,Software,-82488,-87918,-83456
2024-02-01,8,COGS,Support Delivery,Italy,Software,-59191,-65938,-65316
2024-02-01,9,Operating Expenses,Sales,Italy,Software,-115919,-131877,-132127
2024-02-01,10,Operating Expenses,Marketing,Italy,Software,-96528,-109897,-109893
2024-02-01,11,Operating Expenses,Research & Development,Italy,Software,-150234,-161183,-154454
2024-02-01,12,Operating Expenses,General & Administrative,Italy,Software,-84466,-95244,-91378
2024-02-01,13,Operating Expenses,IT & Systems,Italy,Software,-45948,-51285,-50305
2024-02-01,14,Operating Expenses,Facilities & Rent,Italy,Software,-41123,-43959,-42835
2024-02-01,15,Operating Expenses,Depreciation & Amort.,Italy,Software,-37930,-40296,-39961
2024-02-01,16,Other,Interest Income,Italy,Software,7860,8792,8907
2024-02-01,17,Other,Interest Expense,Italy,Software,-19035,-20514,-19401
2024-02-01,18,Other,FX Gain/(Loss),Italy,Software,9861,10990,10688
2024-02-01,19,Other,Other Income/(Expense),Italy,Software,13566,14653,14164
2024-02-01,20,Other,Income Tax,Italy,Software,-61082,-65938,-62232
2024-02-01,1,Revenue,Product Revenue,Italy,Services,343230,370635,355079
2024-02-01,2,Revenue,Subscription Revenue,Italy,Services,257118,277976,281355
2024-02-01,3,Revenue,Service Revenue,Italy,Services,143531,162153,157496
2024-02-01,4,Revenue,Support & Maintenance,Italy,Services,75807,83393,83837
2024-02-01,5,COGS,Direct Materials,Italy,Services,-104631,-114293,-115666
2024-02-01,6,COGS,Direct Labor,Italy,Services,-96613,-105502,-102869
2024-02-01,7,COGS,Cloud & Hosting,Italy,Services,-48327,-52751,-50503
2024-02-01,8,COGS,Support Delivery,Italy,Services,-34934,-39563,-38625
2024-02-01,9,Operating Expenses,Sales,Italy,Services,-74446,-79126,-79606
2024-02-01,10,Operating Expenses,Marketing,Italy,Services,-60685,-65938,-62778
2024-02-01,11,Operating Expenses,Research & Development,Italy,Services,-86193,-96710,-95272
2024-02-01,12,Operating Expenses,General & Administrative,Italy,Services,-50704,-57147,-56838
2024-02-01,13,Operating Expenses,IT & Systems,Italy,Services,-27055,-30771,-31065
2024-02-01,14,Operating Expenses,Facilities & Rent,Italy,Services,-24792,-26375,-24924
2024-02-01,15,Operating Expenses,Depreciation & Amort.,Italy,Services,-21565,-24177,-23262
2024-02-01,16,Other,Interest Income,Italy,Services,4983,5275,5221
2024-02-01,17,Other,Interest Expense,Italy,Services,-10938,-12309,-11836
2024-02-01,18,Other,FX Gain/(Loss),Italy,Services,-6106,-6594,-6242
2024-02-01,19,Other,Other Income/(Expense),Italy,Services,8307,8792,8499
2024-02-01,20,Other,Income Tax,Italy,Services,-36621,-39563,-37871
2024-02-01,1,Revenue,Product Revenue,Italy,Hardware,446885,494179,483730
2024-02-01,2,Revenue,Subscription Revenue,Italy,Hardware,335106,370635,350171
2024-02-01,3,Revenue,Service Revenue,Italy,Hardware,194184,216203,207262
2024-02-01,4,Revenue,Support & Maintenance,Italy,Hardware,100410,111190,111753
2024-02-01,5,COGS,Direct Materials,Italy,Hardware,-139697,-152391,-154188
2024-02-01,6,COGS,Direct Labor,Italy,Hardware,-125267,-140669,-135299
2024-02-01,7,COGS,Cloud & Hosting,Italy,Hardware,-61770,-70334,-69101
2024-02-01,8,COGS,Support Delivery,Italy,Hardware,-47045,-52751,-52588
2024-02-01,9,Operating Expenses,Sales,Italy,Hardware,-92875,-105502,-104307
2024-02-01,10,Operating Expenses,Marketing,Italy,Hardware,-76835,-87918,-88217
2024-02-01,11,Operating Expenses,Research & Development,Italy,Hardware,-114289,-128946,-125029
2024-02-01,12,Operating Expenses,General & Administrative,Italy,Hardware,-70464,-76196,-73203
2024-02-01,13,Operating Expenses,IT & Systems,Italy,Hardware,-38162,-41028,-38747
2024-02-01,14,Operating Expenses,Facilities & Rent,Italy,Hardware,-31366,-35167,-35717
2024-02-01,15,Operating Expenses,Depreciation & Amort.,Italy,Hardware,-29242,-32237,-32494
2024-02-01,16,Other,Interest Income,Italy,Hardware,6497,7033,6995
2024-02-01,17,Other,Interest Expense,Italy,Hardware,-15212,-16411,-15500
2024-02-01,18,Other,FX Gain/(Loss),Italy,Hardware,-8264,-8792,-8758
2024-02-01,19,Other,Other Income/(Expense),Italy,Hardware,-10552,-11722,-11826
2024-02-01,20,Other,Income Tax,Italy,Hardware,-49385,-52751,-50988
2024-02-01,1,Revenue,Product Revenue,United States,Software,1303965,1411941,1365035
2024-02-01,2,Revenue,Subscription Revenue,United States,Software,969798,1058956,1055013
2024-02-01,3,Revenue,Service Revenue,United States,Software,549818,617724,594288
2024-02-01,4,Revenue,Support & Maintenance,United States,Software,289829,317687,318467
2024-02-01,5,COGS,Direct Materials,United States,Software,-409571,-435403,-413571
2024-02-01,6,COGS,Direct Labor,United States,Software,-372772,-401911,-387094
2024-02-01,7,COGS,Cloud & Hosting,United States,Software,-189641,-200955,-193132
2024-02-01,8,COGS,Support Delivery,United States,Software,-141450,-150717,-143370
2024-02-01,9,Operating Expenses,Sales,United States,Software,-266540,-301433,-287251
2024-02-01,10,Operating Expenses,Marketing,United States,Software,-227256,-251194,-250540
2024-02-01,11,Operating Expenses,Research & Development,United States,Software,-339776,-368418,-357167
2024-02-01,12,Operating Expenses,General & Administrative,United States,Software,-202266,-217702,-216644
2024-02-01,13,Operating Expenses,IT & Systems,United States,Software,-104639,-117224,-110680
2024-02-01,14,Operating Expenses,Facilities & Rent,United States,Software,-91423,-100478,-101418
2024-02-01,15,Operating Expenses,Depreciation & Amort.,United States,Software,-84866,-92105,-93280
2024-02-01,16,Other,Interest Income,United States,Software,17859,20096,20075
2024-02-01,17,Other,Interest Expense,United States,Software,-43930,-46890,-44964
2024-02-01,18,Other,FX Gain/(Loss),United States,Software,-22372,-25119,-24542
2024-02-01,19,Other,Other Income/(Expense),United States,Software,-31097,-33493,-32861
2024-02-01,20,Other,Income Tax,United States,Software,-137864,-150717,-150869
2024-02-01,1,Revenue,Product Revenue,United States,Services,763157,847165,857194
2024-02-01,2,Revenue,Subscription Revenue,United States,Services,592550,635374,632421
2024-02-01,3,Revenue,Service Revenue,United States,Services,341232,370635,358863
2024-02-01,4,Revenue,Support & Maintenance,United States,Services,167596,190612,193351
2024-02-01,5,COGS,Direct Materials,United States,Services,-233616,-261242,-261151
2024-02-01,6,COGS,Direct Labor,United States,Services,-216991,-241146,-234414
2024-02-01,7,COGS,Cloud & Hosting,United States,Services,-108934,-120573,-122819
2024-02-01,8,COGS,Support Delivery,United States,Services,-84232,-90430,-85903
2024-02-01,9,Operating Expenses,Sales,United States,Services,-163979,-180860,-171786
2024-02-01,10,Operating Expenses,Marketing,United States,Services,-138750,-150717,-145537
2024-02-01,11,Operating Expenses,Research & Development,United States,Services,-197840,-221051,-221255
2024-02-01,12,Operating Expenses,General & Administrative,United States,Services,-116971,-130621,-124345
2024-02-01,13,Operating Expenses,IT & Systems,United States,Services,-65318,-70334,-71650
2024-02-01,14,Operating Expenses,Facilities & Rent,United States,Services,-55875,-60287,-61254
2024-02-01,15,Operating Expenses,Depreciation & Amort.,United States,Services,-52049,-55263,-53550
2024-02-01,16,Other,Interest Income,United States,Services,10990,12057,11947
2024-02-01,17,Other,Interest Expense,United States,Services,-25430,-28134,-27409
2024-02-01,18,Other,FX Gain/(Loss),United States,Services,-14111,-15072,-15349
2024-02-01,19,Other,Other Income/(Expense),United States,Services,18210,20096,19227
2024-02-01,20,Other,Income Tax,United States,Services,-81478,-90430,-88635
2024-02-01,1,Revenue,Product Revenue,United States,Hardware,1062113,1129553,1113764
2024-02-01,2,Revenue,Subscription Revenue,United States,Hardware,765791,847165,831388
2024-02-01,3,Revenue,Service Revenue,United States,Hardware,450653,494179,498700
2024-02-01,4,Revenue,Support & Maintenance,United States,Hardware,238741,254149,246335
2024-02-01,5,COGS,Direct Materials,United States,Hardware,-320843,-348323,-331679
2024-02-01,6,COGS,Direct Labor,United States,Hardware,-292547,-321529,-327353
2024-02-01,7,COGS,Cloud & Hosting,United States,Hardware,-143251,-160764,-156156
2024-02-01,8,COGS,Support Delivery,United States,Hardware,-113410,-120573,-119820
2024-02-01,9,Operating Expenses,Sales,United States,Hardware,-213441,-241146,-238661
2024-02-01,10,Operating Expenses,Marketing,United States,Hardware,-189583,-200955,-193637
2024-02-01,11,Operating Expenses,Research & Development,United States,Hardware,-278280,-294734,-277635
2024-02-01,12,Operating Expenses,General & Administrative,United States,Hardware,-155884,-174161,-166801
2024-02-01,13,Operating Expenses,IT & Systems,United States,Hardware,-87102,-93779,-94982
2024-02-01,14,Operating Expenses,Facilities & Rent,United States,Hardware,-70897,-80382,-76695
2024-02-01,15,Operating Expenses,Depreciation & Amort.,United States,Hardware,-69568,-73684,-74404
2024-02-01,16,Other,Interest Income,United States,Hardware,15202,16076,16371
2024-02-01,17,Other,Interest Expense,United States,Hardware,-34845,-37512,-35713
2024-02-01,18,Other,FX Gain/(Loss),United States,Hardware,-18995,-20096,-19575
2024-02-01,19,Other,Other Income/(Expense),United States,Hardware,25346,26794,26112
2024-02-01,20,Other,Income Tax,United States,Hardware,-109654,-120573,-117440
2024-02-01,1,Revenue,Product Revenue,Nordics,Software,394156,441232,418057
2024-02-01,2,Revenue,Subscription Revenue,Nordics,Software,290280,330924,314339
2024-02-01,3,Revenue,Service Revenue,Nordics,Software,173192,193039,184965
2024-02-01,4,Revenue,Support & Maintenance,Nordics,Software,91377,99277,98749
2024-02-01,5,COGS,Direct Materials,Nordics,Software,-122469,-136064,-131126
2024-02-01,6,COGS,Direct Labor,Nordics,Software,-114974,-125597,-120127
2024-02-01,7,COGS,Cloud & Hosting,Nordics,Software,-58113,-62799,-59372
2024-02-01,8,COGS,Support Delivery,Nordics,Software,-43565,-47099,-44587
2024-02-01,9,Operating Expenses,Sales,Nordics,Software,-87117,-94198,-91026
2024-02-01,10,Operating Expenses,Marketing,Nordics,Software,-71971,-78498,-75803
2024-02-01,11,Operating Expenses,Research & Development,Nordics,Software,-106709,-115131,-116077
2024-02-01,12,Operating Expenses,General & Administrative,Nordics,Software,-60552,-68032,-64555
2024-02-01,13,Operating Expenses,IT & Systems,Nordics,Software,-34091,-36632,-36090
2024-02-01,14,Operating Expenses,Facilities & Rent,Nordics,Software,-28271,-31399,-29942
2024-02-01,15,Operating Expenses,Depreciation & Amort.,Nordics,Software,-25671,-28783,-27204
2024-02-01,16,Other,Interest Income,Nordics,Software,5914,6280,6300
2024-02-01,17,Other,Interest Expense,Nordics,Software,-12875,-14653,-14197
2024-02-01,18,Other,FX Gain/(Loss),Nordics,Software,-6871,-7850,-7451
2024-02-01,19,Other,Other Income/(Expense),Nordics,Software,-9566,-10466,-9934
2024-02-01,20,Other,Income Tax,Nordics,Software,-44264,-47099,-44511
2024-02-01,1,Revenue,Product Revenue,Nordics,Services,242067,264739,249923
2024-02-01,2,Revenue,Subscription Revenue,Nordics,Services,180876,198554,192954
2024-02-01,3,Revenue,Service Revenue,Nordics,Services,105805,115823,116527
2024-02-01,4,Revenue,Support & Maintenance,Nordics,Services,53582,59566,58671
2024-02-01,5,COGS,Direct Materials,Nordics,Services,-75403,-81638,-80950
2024-02-01,6,COGS,Direct Labor,Nordics,Services,-69637,-75358,-71518
2024-02-01,7,COGS,Cloud & Hosting,Nordics,Services,-34135,-37679,-36706
2024-02-01,8,COGS,Support Delivery,Nordics,Services,-25026,-28259,-28271
2024-02-01,9,Operating Expenses,Sales,Nordics,Services,-52267,-56519,-54370
2024-02-01,10,Operating Expenses,Marketing,Nordics,Services,-44132,-47099,-45961
2024-02-01,11,Operating Expenses,Research & Development,Nordics,Services,-64439,-69078,-69808
2024-02-01,12,Operating Expenses,General & Administrative,Nordics,Services,-37668,-40819,-38849
2024-02-01,13,Operating Expenses,IT & Systems,Nordics,Services,-19319,-21979,-21155
2024-02-01,14,Operating Expenses,Facilities & Rent,Nordics,Services,-16676,-18840,-19072
2024-02-01,15,Operating Expenses,Depreciation & Amort.,Nordics,Services,-16328,-17270,-16703
2024-02-01,16,Other,Interest Income,Nordics,Services,3322,3768,3824
2024-02-01,17,Other,Interest Expense,Nordics,Services,-8015,-8792,-8500
2024-02-01,18,Other,FX Gain/(Loss),Nordics,Services,4267,4710,4781
2024-02-01,19,Other,Other Income/(Expense),Nordics,Services,-5597,-6280,-5928
2024-02-01,20,Other,Income Tax,Nordics,Services,-26086,-28259,-28189
2024-02-01,1,Revenue,Product Revenue,Nordics,Hardware,320365,352985,355024
2024-02-01,2,Revenue,Subscription Revenue,Nordics,Hardware,250136,264739,268134
2024-02-01,3,Revenue,Service Revenue,Nordics,Hardware,136995,154431,150423
2024-02-01,4,Revenue,Support & Maintenance,Nordics,Hardware,72827,79422,76092
2024-02-01,5,COGS,Direct Materials,Nordics,Hardware,-96244,-108851,-108765
2024-02-01,6,COGS,Direct Labor,Nordics,Hardware,-91573,-100478,-98159
2024-02-01,7,COGS,Cloud & Hosting,Nordics,Hardware,-46905,-50239,-48613
2024-02-01,8,COGS,Support Delivery,Nordics,Hardware,-34432,-37679,-37190
2024-02-01,9,Operating Expenses,Sales,Nordics,Hardware,-69827,-75358,-74979
2024-02-01,10,Operating Expenses,Marketing,Nordics,Hardware,-56745,-62799,-59673
2024-02-01,11,Operating Expenses,Research & Development,Nordics,Hardware,-86493,-92105,-91372
2024-02-01,12,Operating Expenses,General & Administrative,Nordics,Hardware,-50495,-54425,-52884
2024-02-01,13,Operating Expenses,IT & Systems,Nordics,Hardware,-26062,-29306,-28103
2024-02-01,14,Operating Expenses,Facilities & Rent,Nordics,Hardware,-23506,-25119,-23938
2024-02-01,15,Operating Expenses,Depreciation & Amort.,Nordics,Hardware,-20909,-23026,-21735
2024-02-01,16,Other,Interest Income,Nordics,Hardware,4623,5024,4935
2024-02-01,17,Other,Interest Expense,Nordics,Hardware,-10744,-11722,-11458
2024-02-01,18,Other,FX Gain/(Loss),Nordics,Hardware,5861,6280,6126
2024-02-01,19,Other,Other Income/(Expense),Nordics,Hardware,7606,8373,8330
2024-02-01,20,Other,Income Tax,Nordics,Hardware,-35020,-37679,-36889
2024-03-01,1,Revenue,Product Revenue,France,Software,725783,825792,815484
2024-03-01,2,Revenue,Subscription Revenue,France,Software,583501,619344,629894
2024-03-01,3,Revenue,Service Revenue,France,Software,337258,361284,365582
2024-03-01,4,Revenue,Support & Maintenance,France,Software,165877,185803,177793
2024-03-01,5,COGS,Direct Materials,France,Software,-248920,-268382,-269835
2024-03-01,6,COGS,Direct Labor,France,Software,-217435,-247738,-248780
2024-03-01,7,COGS,Cloud & Hosting,France,Software,-113756,-123869,-125357
2024-03-01,8,COGS,Support Delivery,France,Software,-86517,-92902,-90055
2024-03-01,9,Operating Expenses,Sales,France,Software,-165784,-185803,-176397
2024-03-01,10,Operating Expenses,Marketing,France,Software,-141286,-154836,-155289
2024-03-01,11,Operating Expenses,Research & Development,France,Software,-199499,-227093,-227865
2024-03-01,12,Operating Expenses,General & Administrative,France,Software,-118071,-134191,-127604
2024-03-01,13,Operating Expenses,IT & Systems,France,Software,-64132,-72257,-70385
2024-03-01,14,Operating Expenses,Facilities & Rent,France,Software,-57715,-61934,-62549
2024-03-01,15,Operating Expenses,Depreciation & Amort.,France,Software,-52427,-56773,-55697
2024-03-01,16,Other,Interest Income,France,Software,11589,12387,12433
2024-03-01,17,Other,Interest Expense,France,Software,-27231,-28903,-28600
2024-03-01,18,Other,FX Gain/(Loss),France,Software,14349,15484,15012
2024-03-01,19,Other,Other Income/(Expense),France,Software,-18094,-20645,-19596
2024-03-01,20,Other,Income Tax,France,Software,-86600,-92902,-91669
2024-03-01,1,Revenue,Product Revenue,France,Services,460041,495475,495204
2024-03-01,2,Revenue,Subscription Revenue,France,Services,347412,371606,355743
2024-03-01,3,Revenue,Service Revenue,France,Services,195767,216770,217470
2024-03-01,4,Revenue,Support & Maintenance,France,Services,103825,111482,105179
2024-03-01,5,COGS,Direct Materials,France,Services,-143559,-161029,-163906
2024-03-01,6,COGS,Direct Labor,France,Services,-135076,-148643,-151350
2024-03-01,7,COGS,Cloud & Hosting,France,Services,-69062,-74321,-74512
2024-03-01,8,COGS,Support Delivery,France,Services,-50007,-55741,-55893
2024-03-01,9,Operating Expenses,Sales,France,Services,-102210,-111482,-110262
2024-03-01,10,Operating Expenses,Marketing,France,Services,-87611,-92902,-87677
2024-03-01,11,Operating Expenses,Research & Development,France,Services,-123441,-136256,-129645
2024-03-01,12,Operating Expenses,General & Administrative,France,Services,-74914,-80515,-80222
2024-03-01,13,Operating Expenses,IT & Systems,France,Services,-40618,-43354,-42130
2024-03-01,14,Operating Expenses,Facilities & Rent,France,Services,-34123,-37161,-36930
2024-03-01,15,Operating Expenses,Depreciation & Amort.,France,Services,-31500,-34064,-33814
2024-03-01,16,Other,Interest Income,France,Services,6821,7432,7218
2024-03-01,17,Other,Interest Expense,France,Services,-16390,-17342,-17001
2024-03-01,18,Other,FX Gain/(Loss),France,Services,8255,9290,9153
2024-03-01,19,Other,Other Income/(Expense),France,Services,11392,12387,12186
2024-03-01,20,Other,Income Tax,France,Services,-48838,-55741,-52748
2024-03-01,1,Revenue,Product Revenue,France,Hardware,612664,660634,644055
2024-03-01,2,Revenue,Subscription Revenue,France,Hardware,456259,495475,476533
2024-03-01,3,Revenue,Service Revenue,France,Hardware,266408,289027,272167
2024-03-01,4,Revenue,Support & Maintenance,France,Hardware,140100,148643,140505
2024-03-01,5,COGS,Direct Materials,France,Hardware,-202036,-214706,-208990
2024-03-01,6,COGS,Direct Labor,France,Hardware,-182989,-198190,-189844
2024-03-01,7,COGS,Cloud & Hosting,France,Hardware,-88802,-99095,-99183
2024-03-01,8,COGS,Support Delivery,France,Hardware,-65878,-74321,-72571
2024-03-01,9,Operating Expenses,Sales,France,Hardware,-133485,-148643,-145835
2024-03-01,10,Operating Expenses,Marketing,France,Hardware,-113254,-123869,-118834
2024-03-01,11,Operating Expenses,Research & Development,France,Hardware,-164362,-181674,-181381
2024-03-01,12,Operating Expenses,General & Administrative,France,Hardware,-97723,-107353,-109353
2024-03-01,13,Operating Expenses,IT & Systems,France,Hardware,-54555,-57805,-56090
2024-03-01,14,Operating Expenses,Facilities & Rent,France,Hardware,-44605,-49548,-50316
2024-03-01,15,Operating Expenses,Depreciation & Amort.,France,Hardware,-40137,-45419,-42785
2024-03-01,16,Other,Interest Income,France,Hardware,8801,9910,10074
2024-03-01,17,Other,Interest Expense,France,Hardware,-21167,-23122,-22935
2024-03-01,18,Other,FX Gain/(Loss),France,Hardware,10847,12387,11804
2024-03-01,19,Other,Other Income/(Expense),France,Hardware,15606,16516,16745
2024-03-01,20,Other,Income Tax,France,Hardware,-67912,-74321,-73162
2024-03-01,1,Revenue,Product Revenue,Germany,Software,902071,990950,965435
2024-03-01,2,Revenue,Subscription Revenue,Germany,Software,665295,743213,738577
2024-03-01,3,Revenue,Service Revenue,Germany,Software,392826,433541,425890
2024-03-01,4,Revenue,Support & Maintenance,Germany,Software,205735,222964,212883
2024-03-01,5,COGS,Direct Materials,Germany,Software,-292682,-322059,-303295
2024-03-01,6,COGS,Direct Labor,Germany,Software,-275536,-297285,-281090
2024-03-01,7,COGS,Cloud & Hosting,Germany,Software,-131126,-148643,-147801
2024-03-01,8,COGS,Support Delivery,Germany,Software,-100290,-111482,-110033
2024-03-01,9,Operating Expenses,Sales,Germany,Software,-205176,-222964,-220798
2024-03-01,10,Operating Expenses,Marketing,Germany,Software,-173330,-185803,-182704
2024-03-01,11,Operating Expenses,Research & Development,Germany,Software,-257486,-272511,-266491
2024-03-01,12,Operating Expenses,General & Administrative,Germany,Software,-144126,-161029,-153176
2024-03-01,13,Operating Expenses,IT & Systems,Germany,Software,-79268,-86708,-86180
2024-03-01,14,Operating Expenses,Facilities & Rent,Germany,Software,-68278,-74321,-70762
2024-03-01,15,Operating Expenses,Depreciation & Amort.,Germany,Software,-62074,-68128,-64255
2024-03-01,16,Other,Interest Income,Germany,Software,13184,14864,14356
2024-03-01,17,Other,Interest Expense,Germany,Software,-32684,-34683,-34037
2024-03-01,18,Other,FX Gain/(Loss),Germany,Software,16815,18580,18265
2024-03-01,19,Other,Other Income/(Expense),Germany,Software,21818,24774,24927
2024-03-01,20,Other,Income Tax,Germany,Software,-105186,-111482,-108409
2024-03-01,1,Revenue,Product Revenue,Germany,Services,548550,594570,572748
2024-03-01,2,Revenue,Subscription Revenue,Germany,Services,421511,445928,433220
2024-03-01,3,Revenue,Service Revenue,Germany,Services,238245,260124,261302
2024-03-01,4,Revenue,Support & Maintenance,Germany,Services,122497,133778,128449
2024-03-01,5,COGS,Direct Materials,Germany,Services,-174211,-193235,-182329
2024-03-01,6,COGS,Direct Labor,Germany,Services,-159270,-178371,-177251
2024-03-01,7,COGS,Cloud & Hosting,Germany,Services,-78364,-89186,-85974
2024-03-01,8,COGS,Support Delivery,Germany,Services,-60210,-66889,-67570
2024-03-01,9,Operating Expenses,Sales,Germany,Services,-121012,-133778,-134449
2024-03-01,10,Operating Expenses,Marketing,Germany,Services,-104443,-111482,-109236
2024-03-01,11,Operating Expenses,Research & Development,Germany,Services,-150349,-163507,-153946
2024-03-01,12,Operating Expenses,General & Administrative,Germany,Services,-90369,-96618,-97364
2024-03-01,13,Operating Expenses,IT & Systems,Germany,Services,-46887,-52025,-52934
2024-03-01,14,Operating Expenses,Facilities & Rent,Germany,Services,-40536,-44593,-44778
2024-03-01,15,Operating Expenses,Depreciation & Amort.,Germany,Services,-38201,-40877,-38579
2024-03-01,16,Other,Interest Income,Germany,Services,8333,8919,8756
2024-03-01,17,Other,Interest Expense,Germany,Services,-19231,-20810,-19947
2024-03-01,18,Other,FX Gain/(Loss),Germany,Services,-9756,-11148,-10676
2024-03-01,19,Other,Other Income/(Expense),Germany,Services,-13718,-14864,-14201
2024-03-01,20,Other,Income Tax,Germany,Services,-60230,-66889,-63919
2024-03-01,1,Revenue,Product Revenue,Germany,Hardware,712926,792760,793040
2024-03-01,2,Revenue,Subscription Revenue,Germany,Hardware,522267,594570,567164
2024-03-01,3,Revenue,Service Revenue,Germany,Hardware,316839,346833,332803
2024-03-01,4,Revenue,Support & Maintenance,Germany,Hardware,160027,178371,168517
2024-03-01,5,COGS,Direct Materials,Germany,Hardware,-239909,-257647,-243455
2024-03-01,6,COGS,Direct Labor,Germany,Hardware,-208371,-237828,-229728
2024-03-01,7,COGS,Cloud & Hosting,Germany,Hardware,-108448,-118914,-120433
2024-03-01,8,COGS,Support Delivery,Germany,Hardware,-82541,-89186,-88406
2024-03-01,9,Operating Expenses,Sales,Germany,Hardware,-167684,-178371,-175046
2024-03-01,10,Operating Expenses,Marketing,Germany,Hardware,-136683,-148643,-143622
2024-03-01,11,Operating Expenses,Research & Development,Germany,Hardware,-193014,-218009,-214641
2024-03-01,12,Operating Expenses,General & Administrative,Germany,Hardware,-116685,-128824,-124102
2024-03-01,13,Operating Expenses,IT & Systems,Germany,Hardware,-61869,-69367,-68412
2024-03-01,14,Operating Expenses,Facilities & Rent,Germany,Hardware,-55659,-59457,-60057
2024-03-01,15,Operating Expenses,Depreciation & Amort.,Germany,Hardware,-50461,-54502,-51948
2024-03-01,16,Other,Interest Income,Germany,Hardware,10666,11891,12098
2024-03-01,17,Other,Interest Expense,Germany,Hardware,-25785,-27747,-26940
2024-03-01,18,Other,FX Gain/(Loss),Germany,Hardware,13514,14864,14264
2024-03-01,19,Other,Other Income/(Expense),Germany,Hardware,-17708,-19819,-19156
2024-03-01,20,Other,Income Tax,Germany,Hardware,-80935,-89186,-85723
2024-03-01,1,Revenue,Product Revenue,United Kingdom,Software,653438,743213,748536
2024-03-01,2,Revenue,Subscription Revenue,United Kingdom,Software,500669,557410,543072
2024-03-01,3,Revenue,Service Revenue,United Kingdom,Software,298817,325156,323617
2024-03-01,4,Revenue,Support & Maintenance,United Kingdom,Software,147213,167223,162540
2024-03-01,5,COGS,Direct Materials,United Kingdom,Software,-226855,-241544,-240755
2024-03-01,6,COGS,Direct Labor,United Kingdom,Software,-200740,-222964,-218618
2024-03-01,7,COGS,Cloud & Hosting,United Kingdom,Software,-100328,-111482,-111377
2024-03-01,8,COGS,Support Delivery,United Kingdom,Software,-78592,-83611,-79297
2024-03-01,9,Operating Expenses,Sales,United Kingdom,Software,-154474,-167223,-168385
2024-03-01,10,Operating Expenses,Marketing,United Kingdom,Software,-129335,-139352,-139308
2024-03-01,11,Operating Expenses,Research & Development,United Kingdom,Software,-191845,-204384,-207315
2024-03-01,12,Operating Expenses,General & Administrative,United Kingdom,Software,-108254,-120772,-114370
2024-03-01,13,Operating Expenses,IT & Systems,United Kingdom,Software,-59263,-65031,-65791
2024-03-01,14,Operating Expenses,Facilities & Rent,United Kingdom,Software,-49094,-55741,-55633
2024-03-01,15,Operating Expenses,Depreciation & Amort.,United Kingdom,Software,-44955,-51096,-49579
2024-03-01,16,Other,Interest Income,United Kingdom,Software,10290,11148,10710
2024-03-01,17,Other,Interest Expense,United Kingdom,Software,-24014,-26012,-25587
2024-03-01,18,Other,FX Gain/(Loss),United Kingdom,Software,13174,13935,13484
2024-03-01,19,Other,Other Income/(Expense),United Kingdom,Software,-16822,-18580,-18705
2024-03-01,20,Other,Income Tax,United Kingdom,Software,-78856,-83611,-83083
2024-03-01,1,Revenue,Product Revenue,United Kingdom,Services,414478,445928,437523
2024-03-01,2,Revenue,Subscription Revenue,United Kingdom,Services,308715,334446,331076
2024-03-01,3,Revenue,Service Revenue,United Kingdom,Services,179197,195093,192971
2024-03-01,4,Revenue,Support & Maintenance,United Kingdom,Services,92682,100334,99033
2024-03-01,5,COGS,Direct Materials,United Kingdom,Services,-129566,-144926,-137413
2024-03-01,6,COGS,Direct Labor,United Kingdom,Services,-120010,-133778,-128165
2024-03-01,7,COGS,Cloud & Hosting,United Kingdom,Services,-59839,-66889,-66606
2024-03-01,8,COGS,Support Delivery,United Kingdom,Services,-45687,-50167,-47318
2024-03-01,9,Operating Expenses,Sales,United Kingdom,Services,-91085,-100334,-101369
2024-03-01,10,Operating Expenses,Marketing,United Kingdom,Services,-75634,-83611,-82705
2024-03-01,11,Operating Expenses,Research & Development,United Kingdom,Services,-110599,-122630,-123567
2024-03-01,12,Operating Expenses,General & Administrative,United Kingdom,Services,-65307,-72463,-68505
2024-03-01,13,Operating Expenses,IT & Systems,United Kingdom,Services,-36009,-39019,-38316
2024-03-01,14,Operating Expenses,Facilities & Rent,United Kingdom,Services,-30450,-33445,-32027
2024-03-01,15,Operating Expenses,Depreciation & Amort.,United Kingdom,Services,-27472,-30658,-29246
2024-03-01,16,Other,Interest Income,United Kingdom,Services,6165,6689,6528
2024-03-01,17,Other,Interest Expense,United Kingdom,Services,-14273,-15607,-14814
2024-03-01,18,Other,FX Gain/(Loss),United Kingdom,Services,7688,8361,8356
2024-03-01,19,Other,Other Income/(Expense),United Kingdom,Services,10355,11148,10851
2024-03-01,20,Other,Income Tax,United Kingdom,Services,-47312,-50167,-49042
2024-03-01,1,Revenue,Product Revenue,United Kingdom,Hardware,521873,594570,592170
2024-03-01,2,Revenue,Subscription Revenue,United Kingdom,Hardware,421720,445928,453943
2024-03-01,3,Revenue,Service Revenue,United Kingdom,Hardware,241073,260124,256876
2024-03-01,4,Revenue,Support & Maintenance,United Kingdom,Hardware,121039,133778,127805
2024-03-01,5,COGS,Direct Materials,United Kingdom,Hardware,-179294,-193235,-185065
2024-03-01,6,COGS,Direct Labor,United Kingdom,Hardware,-156787,-178371,-171783
2024-03-01,7,COGS,Cloud & Hosting,United Kingdom,Hardware,-84038,-89186,-87897
2024-03-01,8,COGS,Support Delivery,United Kingdom,Hardware,-61903,-66889,-67938
2024-03-01,9,Operating Expenses,Sales,United Kingdom,Hardware,-124006,-133778,-134118
2024-03-01,10,Operating Expenses,Marketing,United Kingdom,Hardware,-102951,-111482,-113583
2024-03-01,11,Operating Expenses,Research & Development,United Kingdom,Hardware,-149980,-163507,-155618
2024-03-01,12,Operating Expenses,General & Administrative,United Kingdom,Hardware,-87131,-96618,-96535
2024-03-01,13,Operating Expenses,IT & Systems,United Kingdom,Hardware,-46587,-52025,-52278
2024-03-01,14,Operating Expenses,Facilities & Rent,United Kingdom,Hardware,-40342,-44593,-42730
2024-03-01,15,Operating Expenses,Depreciation & Amort.,United Kingdom,Hardware,-38676,-40877,-41006
2024-03-01,16,Other,Interest Income,United Kingdom,Hardware,7858,8919,8707
2024-03-01,17,Other,Interest Expense,United Kingdom,Hardware,-19695,-20810,-20500
2024-03-01,18,Other,FX Gain/(Loss),United Kingdom,Hardware,9897,11148,11172
2024-03-01,19,Other,Other Income/(Expense),United Kingdom,Hardware,14074,14864,14091
2024-03-01,20,Other,Income Tax,United Kingdom,Hardware,-61060,-66889,-67679
2024-03-01,1,Revenue,Product Revenue,Spain,Software,457885,495475,466765
2024-03-01,2,Revenue,Subscription Revenue,Spain,Software,330850,371606,350745
2024-03-01,3,Revenue,Service Revenue,Spain,Software,193310,216770,212702
2024-03-01,4,Revenue,Support & Maintenance,Spain,Software,101415,111482,111731
2024-03-01,5,COGS,Direct Materials,Spain,Software,-142864,-161029,-163276
2024-03-01,6,COGS,Direct Labor,Spain,Software,-139233,-148643,-144457
2024-03-01,7,COGS,Cloud & Hosting,Spain,Software,-69351,-74321,-73663
2024-03-01,8,COGS,Support Delivery,Spain,Software,-49940,-55741,-53106
2024-03-01,9,Operating Expenses,Sales,Spain,Software,-99742,-111482,-105561
2024-03-01,10,Operating Expenses,Marketing,Spain,Software,-82471,-92902,-88211
2024-03-01,11,Operating Expenses,Research & Development,Spain,Software,-126586,-136256,-136780
2024-03-01,12,Operating Expenses,General & Administrative,Spain,Software,-73532,-80515,-80483
2024-03-01,13,Operating Expenses,IT & Systems,Spain,Software,-40389,-43354,-43519
2024-03-01,14,Operating Expenses,Facilities & Rent,Spain,Software,-32923,-37161,-37353
2024-03-01,15,Operating Expenses,Depreciation & Amort.,Spain,Software,-32109,-34064,-32468
2024-03-01,16,Other,Interest Income,Spain,Software,6887,7432,7110
2024-03-01,17,Other,Interest Expense,Spain,Software,-15237,-17342,-17391
2024-03-01,18,Other,FX Gain/(Loss),Spain,Software,-8611,-9290,-9091
2024-03-01,19,Other,Other Income/(Expense),Spain,Software,11274,12387,11744
2024-03-01,20,Other,Income Tax,Spain,Software,-51183,-55741,-54806
2024-03-01,1,Revenue,Product Revenue,Spain,Services,261679,297285,302229
2024-03-01,2,Revenue,Subscription Revenue,Spain,Services,200524,222964,216902
2024-03-01,3,Revenue,Service Revenue,Spain,Services,117234,130062,125771
2024-03-01,4,Revenue,Support & Maintenance,Spain,Services,59945,66889,66557
2024-03-01,5,COGS,Direct Materials,Spain,Services,-89538,-96618,-98036
2024-03-01,6,COGS,Direct Labor,Spain,Services,-78255,-89186,-86621
2024-03-01,7,COGS,Cloud & Hosting,Spain,Services,-39859,-44593,-43330
2024-03-01,8,COGS,Support Delivery,Spain,Services,-30865,-33445,-33084
2024-03-01,9,Operating Expenses,Sales,Spain,Services,-61584,-66889,-66357
2024-03-01,10,Operating Expenses,Marketing,Spain,Services,-52736,-55741,-53205
2024-03-01,11,Operating Expenses,Research & Development,Spain,Services,-72302,-81753,-76994
2024-03-01,12,Operating Expenses,General & Administrative,Spain,Services,-44042,-48309,-46474
2024-03-01,13,Operating Expenses,IT & Systems,Spain,Services,-23543,-26012,-26102
2024-03-01,14,Operating Expenses,Facilities & Rent,Spain,Services,-19707,-22296,-22120
2024-03-01,15,Operating Expenses,Depreciation & Amort.,Spain,Services,-18575,-20438,-20092
2024-03-01,16,Other,Interest Income,Spain,Services,4135,4459,4386
2024-03-01,17,Other,Interest Expense,Spain,Services,-9362,-10405,-10383
2024-03-01,18,Other,FX Gain/(Loss),Spain,Services,4912,5574,5505
2024-03-01,19,Other,Other Income/(Expense),Spain,Services,-6516,-7432,-7170
2024-03-01,20,Other,Income Tax,Spain,Services,-29926,-33445,-32390
2024-03-01,1,Revenue,Product Revenue,Spain,Hardware,373353,396380,399285
2024-03-01,2,Revenue,Subscription Revenue,Spain,Hardware,277731,297285,286308
2024-03-01,3,Revenue,Service Revenue,Spain,Hardware,160516,173416,176483
2024-03-01,4,Revenue,Support & Maintenance,Spain,Hardware,79058,89186,84885
2024-03-01,5,COGS,Direct Materials,Spain,Hardware,-121327,-128824,-124133
2024-03-01,6,COGS,Direct Labor,Spain,Hardware,-112577,-118914,-113770
2024-03-01,7,COGS,Cloud & Hosting,Spain,Hardware,-53350,-59457,-56950
2024-03-01,8,COGS,Support Delivery,Spain,Hardware,-41259,-44593,-44015
2024-03-01,9,Operating Expenses,Sales,Spain,Hardware,-81548,-89186,-84640
2024-03-01,10,Operating Expenses,Marketing,Spain,Hardware,-65018,-74321,-72991
2024-03-01,11,Operating Expenses,Research & Development,Spain,Hardware,-95503,-109005,-103268
2024-03-01,12,Operating Expenses,General & Administrative,Spain,Hardware,-59627,-64412,-63162
2024-03-01,13,Operating Expenses,IT & Systems,Spain,Hardware,-30827,-34683,-34004
2024-03-01,14,Operating Expenses,Facilities & Rent,Spain,Hardware,-27876,-29729,-28814
2024-03-01,15,Operating Expenses,Depreciation & Amort.,Spain,Hardware,-25197,-27251,-27347
2024-03-01,16,Other,Interest Income,Spain,Hardware,5449,5946,5967
2024-03-01,17,Other,Interest Expense,Spain,Hardware,-12807,-13873,-14098
2024-03-01,18,Other,FX Gain/(Loss),Spain,Hardware,-6879,-7432,-7555
2024-03-01,19,Other,Other Income/(Expense),Spain,Hardware,-9206,-9910,-9949
2024-03-01,20,Other,Income Tax,Spain,Hardware,-41946,-44593,-44391
2024-03-01,1,Revenue,Product Revenue,Italy,Software,517074,578054,586650
2024-03-01,2,Revenue,Subscription Revenue,Italy,Software,400425,433541,423603
2024-03-01,3,Revenue,Service Revenue,Italy,Software,221283,252899,238449
2024-03-01,4,Revenue,Support & Maintenance,Italy,Software,115479,130062,132420
2024-03-01,5,COGS,Direct Materials,Italy,Software,-172273,-187868,-186566
2024-03-01,6,COGS,Direct Labor,Italy,Software,-162936,-173416,-171453
2024-03-01,7,COGS,Cloud & Hosting,Italy,Software,-81072,-86708,-84744
2024-03-01,8,COGS,Support Delivery,Italy,Software,-58578,-65031,-65391
2024-03-01,9,Operating Expenses,Sales,Italy,Software,-118855,-130062,-127207
2024-03-01,10,Operating Expenses,Marketing,Italy,Software,-100072,-108385,-106130
2024-03-01,11,Operating Expenses,Research & Development,Italy,Software,-148617,-158965,-157027
2024-03-01,12,Operating Expenses,General & Administrative,Italy,Software,-84408,-93934,-92822
2024-03-01,13,Operating Expenses,IT & Systems,Italy,Software,-44305,-50580,-48747
2024-03-01,14,Operating Expenses,Facilities & Rent,Italy,Software,-40496,-43354,-42559
2024-03-01,15,Operating Expenses,Depreciation & Amort.,Italy,Software,-35732,-39741,-38424
2024-03-01,16,Other,Interest Income,Italy,Software,8168,8671,8656
2024-03-01,17,Other,Interest Expense,Italy,Software,-18482,-20232,-19152
2024-03-01,18,Other,FX Gain/(Loss),Italy,Software,10007,10839,10934
2024-03-01,19,Other,Other Income/(Expense),Italy,Software,-13022,-14451,-14182
2024-03-01,20,Other,Income Tax,Italy,Software,-59950,-65031,-65116
2024-03-01,1,Revenue,Product Revenue,Italy,Services,309069,346833,326800
2024-03-01,2,Revenue,Subscription Revenue,Italy,Services,232945,260124,258496
2024-03-01,3,Revenue,Service Revenue,Italy,Services,137320,151739,147595
2024-03-01,4,Revenue,Support & Maintenance,Italy,Services,72305,78037,77779
2024-03-01,5,COGS,Direct Materials,Italy,Services,-105045,-112721,-110299
2024-03-01,6,COGS,Direct Labor,Italy,Services,-98527,-104050,-98794
2024-03-01,7,COGS,Cloud & Hosting,Italy,Services,-46235,-52025,-51819
2024-03-01,8,COGS,Support Delivery,Italy,Services,-35366,-39019,-37678
2024-03-01,9,Operating Expenses,Sales,Italy,Services,-70970,-78037,-74756
2024-03-01,10,Operating Expenses,Marketing,Italy,Services,-60699,-65031,-62690
2024-03-01,11,Operating Expenses,Research & Development,Italy,Services,-88296,-95379,-94697
2024-03-01,12,Operating Expenses,General & Administrative,Italy,Services,-51816,-56360,-57058
2024-03-01,13,Operating Expenses,IT & Systems,Italy,Services,-27373,-30348,-28839
2024-03-01,14,Operating Expenses,Facilities & Rent,Italy,Services,-23259,-26012,-24486
2024-03-01,15,Operating Expenses,Depreciation & Amort.,Italy,Services,-21275,-23845,-23357
2024-03-01,16,Other,Interest Income,Italy,Services,4736,5202,5114
2024-03-01,17,Other,Interest Expense,Italy,Services,-11266,-12139,-12366
2024-03-01,18,Other,FX Gain/(Loss),Italy,Services,6117,6503,6425
2024-03-01,19,Other,Other Income/(Expense),Italy,Services,-7758,-8671,-8293
2024-03-01,20,Other,Income Tax,Italy,Services,-36692,-39019,-38413
2024-03-01,1,Revenue,Product Revenue,Italy,Hardware,433092,462444,444694
2024-03-01,2,Revenue,Subscription Revenue,Italy,Hardware,314278,346833,338973
2024-03-01,3,Revenue,Service Revenue,Italy,Hardware,179783,202319,190548
2024-03-01,4,Revenue,Support & Maintenance,Italy,Hardware,92869,104050,101591
2024-03-01,5,COGS,Direct Materials,Italy,Hardware,-131999,-150294,-148984
2024-03-01,6,COGS,Direct Labor,Italy,Hardware,-124952,-138733,-140487
2024-03-01,7,COGS,Cloud & Hosting,Italy,Hardware,-61000,-69367,-66676
2024-03-01,8,COGS,Support Delivery,Italy,Hardware,-46564,-52025,-49518
2024-03-01,9,Operating Expenses,Sales,Italy,Hardware,-96987,-104050,-98217
2024-03-01,10,Operating Expenses,Marketing,Italy,Hardware,-78866,-86708,-86130
2024-03-01,11,Operating Expenses,Research & Development,Italy,Hardware,-112507,-127172,-120857
2024-03-01,12,Operating Expenses,General & Administrative,Italy,Hardware,-70205,-75147,-75928
2024-03-01,13,Operating Expenses,IT & Systems,Italy,Hardware,-38121,-40464,-40965
2024-03-01,14,Operating Expenses,Facilities & Rent,Italy,Hardware,-32690,-34683,-34558
2024-03-01,15,Operating Expenses,Depreciation & Amort.,Italy,Hardware,-29099,-31793,-31623
2024-03-01,16,Other,Interest Income,Italy,Hardware,6508,6937,6895
2024-03-01,17,Other,Interest Expense,Italy,Hardware,-14476,-16186,-15234
2024-03-01,18,Other,FX Gain/(Loss),Italy,Hardware,-8095,-8671,-8601
2024-03-01,19,Other,Other Income/(Expense),Italy,Hardware,10345,11561,11707
2024-03-01,20,Other,Income Tax,Italy,Hardware,-47327,-52025,-49411
2024-03-01,1,Revenue,Product Revenue,United States,Software,1228380,1321267,1253878
2024-03-01,2,Revenue,Subscription Revenue,United States,Software,907304,990950,967607
2024-03-01,3,Revenue,Service Revenue,United States,Software,514413,578054,558727
2024-03-01,4,Revenue,Support & Maintenance,United States,Software,279750,297285,292363
2024-03-01,5,COGS,Direct Materials,United States,Software,-385346,-429412,-412581
2024-03-01,6,COGS,Direct Labor,United States,Software,-347754,-396380,-404114
2024-03-01,7,COGS,Cloud & Hosting,United States,Software,-185020,-198190,-190492
2024-03-01,8,COGS,Support Delivery,United States,Software,-137349,-148643,-140161
2024-03-01,9,Operating Expenses,Sales,United States,Software,-272804,-297285,-294932
2024-03-01,10,Operating Expenses,Marketing,United States,Software,-231150,-247738,-236782
2024-03-01,11,Operating Expenses,Research & Development,United States,Software,-324017,-363348,-346421
2024-03-01,12,Operating Expenses,General & Administrative,United States,Software,-199979,-214706,-204770
2024-03-01,13,Operating Expenses,IT & Systems,United States,Software,-103172,-115611,-114900
2024-03-01,14,Operating Expenses,Facilities & Rent,United States,Software,-93475,-99095,-100310
2024-03-01,15,Operating Expenses,Depreciation & Amort.,United States,Software,-85108,-90837,-88557
2024-03-01,16,Other,Interest Income,United States,Software,18569,19819,19005
2024-03-01,17,Other,Interest Expense,United States,Software,-43168,-46244,-45566
2024-03-01,18,Other,FX Gain/(Loss),United States,Software,-21797,-24774,-24318
2024-03-01,19,Other,Other Income/(Expense),United States,Software,29359,33032,31873
2024-03-01,20,Other,Income Tax,United States,Software,-136182,-148643,-143421
2024-03-01,1,Revenue,Product Revenue,United States,Services,694422,792760,756818
2024-03-01,2,Revenue,Subscription Revenue,United States,Services,533786,594570,591587
2024-03-01,3,Revenue,Service Revenue,United States,Services,312625,346833,352300
2024-03-01,4,Revenue,Support & Maintenance,United States,Services,157648,178371,178030
2024-03-01,5,COGS,Direct Materials,United States,Services,-243965,-257647,-256195
2024-03-01,6,COGS,Direct Labor,United States,Services,-213873,-237828,-239420
2024-03-01,7,COGS,Cloud & Hosting,United States,Services,-104093,-118914,-120848
2024-03-01,8,COGS,Support Delivery,United States,Services,-82336,-89186,-85492
2024-03-01,9,Operating Expenses,Sales,United States,Services,-168752,-178371,-179375
2024-03-01,10,Operating Expenses,Marketing,United States,Services,-131402,-148643,-149724
2024-03-01,11,Operating Expenses,Research & Development,United States,Services,-195734,-218009,-214793
2024-03-01,12,Operating Expenses,General & Administrative,United States,Services,-118093,-128824,-127368
2024-03-01,13,Operating Expenses,IT & Systems,United States,Services,-60717,-69367,-65743
2024-03-01,14,Operating Expenses,Facilities & Rent,United States,Services,-54732,-59457,-59405
2024-03-01,15,Operating Expenses,Depreciation & Amort.,United States,Services,-50145,-54502,-53483
2024-03-01,16,Other,Interest Income,United States,Services,10668,11891,11565
2024-03-01,17,Other,Interest Expense,United States,Services,-24889,-27747,-27949
2024-03-01,18,Other,FX Gain/(Loss),United States,Services,-13180,-14864,-15071
2024-03-01,19,Other,Other Income/(Expense),United States,Services,18647,19819,20133
2024-03-01,20,Other,Income Tax,United States,Services,-80889,-89186,-88061
2024-03-01,1,Revenue,Product Revenue,United States,Hardware,968428,1057014,1025215
2024-03-01,2,Revenue,Subscription Revenue,United States,Hardware,723707,792760,751217
2024-03-01,3,Revenue,Service Revenue,United States,Hardware,433686,462444,439092
2024-03-01,4,Revenue,Support & Maintenance,United States,Hardware,215029,237828,229644
2024-03-01,5,COGS,Direct Materials,United States,Hardware,-321294,-343529,-326161
2024-03-01,6,COGS,Direct Labor,United States,Hardware,-286894,-317104,-319396
2024-03-01,7,COGS,Cloud & Hosting,United States,Hardware,-138908,-158552,-152976
2024-03-01,8,COGS,Support Delivery,United States,Hardware,-106268,-118914,-120478
2024-03-01,9,Operating Expenses,Sales,United States,Hardware,-211344,-237828,-226288
2024-03-01,10,Operating Expenses,Marketing,United States,Hardware,-173996,-198190,-193381
2024-03-01,11,Operating Expenses,Research & Development,United States,Hardware,-260444,-290679,-294028
2024-03-01,12,Operating Expenses,General & Administrative,United States,Hardware,-151769,-171765,-161978
2024-03-01,13,Operating Expenses,IT & Systems,United States,Hardware,-81827,-92489,-89962
2024-03-01,14,Operating Expenses,Facilities & Rent,United States,Hardware,-73522,-79276,-78341
2024-03-01,15,Operating Expenses,Depreciation & Amort.,United States,Hardware,-63668,-72670,-73822
2024-03-01,16,Other,Interest Income,United States,Hardware,14195,15855,15221
2024-03-01,17,Other,Interest Expense,United States,Hardware,-33673,-36995,-37132
2024-03-01,18,Other,FX Gain/(Loss),United States,Hardware,18340,19819,19883
2024-03-01,19,Other,Other Income/(Expense),United States,Hardware,-23768,-26425,-25561
2024-03-01,20,Other,Income Tax,United States,Hardware,-106157,-118914,-121148
2024-03-01,1,Revenue,Product Revenue,Nordics,Software,390360,412896,388655
2024-03-01,2,Revenue,Subscription Revenue,Nordics,Software,291720,309672,306660
2024-03-01,3,Revenue,Service Revenue,Nordics,Software,170780,180642,172730
2024-03-01,4,Revenue,Support & Maintenance,Nordics,Software,87102,92902,87543
2024-03-01,5,COGS,Direct Materials,Nordics,Software,-124503,-134191,-126587
2024-03-01,6,COGS,Direct Labor,Nordics,Software,-108539,-123869,-125466
2024-03-01,7,COGS,Cloud & Hosting,Nordics,Software,-55751,-61934,-62008
2024-03-01,8,COGS,Support Delivery,Nordics,Software,-41405,-46451,-45388
2024-03-01,9,Operating Expenses,Sales,Nordics,Software,-82606,-92902,-94494
2024-03-01,10,Operating Expenses,Marketing,Nordics,Software,-69706,-77418,-77766
2024-03-01,11,Operating Expenses,Research & Development,Nordics,Software,-101876,-113546,-113035
2024-03-01,12,Operating Expenses,General & Administrative,Nordics,Software,-59096,-67096,-64105
2024-03-01,13,Operating Expenses,IT & Systems,Nordics,Software,-33978,-36128,-34703
2024-03-01,14,Operating Expenses,Facilities & Rent,Nordics,Software,-28497,-30967,-30375
2024-03-01,15,Operating Expenses,Depreciation & Amort.,Nordics,Software,-26444,-28387,-28403
2024-03-01,16,Other,Interest Income,Nordics,Software,5862,6193,6285
2024-03-01,17,Other,Interest Expense,Nordics,Software,-13071,-14451,-13639
2024-03-01,18,Other,FX Gain/(Loss),Nordics,Software,7141,7742,7355
2024-03-01,19,Other,Other Income/(Expense),Nordics,Software,9213,10322,9748
2024-03-01,20,Other,Income Tax,Nordics,Software,-40862,-46451,-45124
2024-03-01,1,Revenue,Product Revenue,Nordics,Services,225250,247738,235589
2024-03-01,2,Revenue,Subscription Revenue,Nordics,Services,166309,185803,183142
2024-03-01,3,Revenue,Service Revenue,Nordics,Services,97515,108385,107394
2024-03-01,4,Revenue,Support & Maintenance,Nordics,Services,50273,55741,56312
2024-03-01,5,COGS,Direct Materials,Nordics,Services,-74442,-80515,-78431
2024-03-01,6,COGS,Direct Labor,Nordics,Services,-67568,-74321,-75561
2024-03-01,7,COGS,Cloud & Hosting,Nordics,Services,-32744,-37161,-36859
2024-03-01,8,COGS,Support Delivery,Nordics,Services,-24739,-27870,-28335
2024-03-01,9,Operating Expenses,Sales,Nordics,Services,-49100,-55741,-52746
2024-03-01,10,Operating Expenses,Marketing,Nordics,Services,-41856,-46451,-46103
2024-03-01,11,Operating Expenses,Research & Development,Nordics,Services,-61212,-68128,-67652
2024-03-01,12,Operating Expenses,General & Administrative,Nordics,Services,-36259,-40257,-38663
2024-03-01,13,Operating Expenses,IT & Systems,Nordics,Services,-19236,-21677,-21922
2024-03-01,14,Operating Expenses,Facilities & Rent,Nordics,Services,-17179,-18580,-17708
2024-03-01,15,Operating Expenses,Depreciation & Amort.,Nordics,Services,-15469,-17032,-16679
2024-03-01,16,Other,Interest Income,Nordics,Services,3513,3716,3645
2024-03-01,17,Other,Interest Expense,Nordics,Services,-7888,-8671,-8607
2024-03-01,18,Other,FX Gain/(Loss),Nordics,Services,-4069,-4645,-4413
2024-03-01,19,Other,Other Income/(Expense),Nordics,Services,5451,6193,6002
2024-03-01,20,Other,Income Tax,Nordics,Services,-25265,-27870,-26663
2024-03-01,1,Revenue,Product Revenue,Nordics,Hardware,307405,330317,328647
2024-03-01,2,Revenue,Subscription Revenue,Nordics,Hardware,217577,247738,245844
2024-03-01,3,Revenue,Service Revenue,Nordics,Hardware,128205,144514,146932
2024-03-01,4,Revenue,Support & Maintenance,Nordics,Hardware,67992,74321,70241
2024-03-01,5,COGS,Direct Materials,Nordics,Hardware,-100266,-107353,-108742
2024-03-01,6,COGS,Direct Labor,Nordics,Hardware,-87330,-99095,-99759
2024-03-01,7,COGS,Cloud & Hosting,Nordics,Hardware,-45155,-49548,-49070
2024-03-01,8,COGS,Support Delivery,Nordics,Hardware,-34771,-37161,-37238
2024-03-01,9,Operating Expenses,Sales,Nordics,Hardware,-65557,-74321,-71734
2024-03-01,10,Operating Expenses,Marketing,Nordics,Hardware,-56848,-61934,-61021
2024-03-01,11,Operating Expenses,Research & Development,Nordics,Hardware,-82648,-90837,-89087
2024-03-01,12,Operating Expenses,General & Administrative,Nordics,Hardware,-50753,-53676,-52792
2024-03-01,13,Operating Expenses,IT & Systems,Nordics,Hardware,-26286,-28903,-28543
2024-03-01,14,Operating Expenses,Facilities & Rent,Nordics,Hardware,-22027,-24774,-24512
2024-03-01,15,Operating Expenses,Depreciation & Amort.,Nordics,Hardware,-20847,-22709,-21893
2024-03-01,16,Other,Interest Income,Nordics,Hardware,4463,4955,4873
2024-03-01,17,Other,Interest Expense,Nordics,Hardware,-10283,-11561,-11498
2024-03-01,18,Other,FX Gain/(Loss),Nordics,Hardware,-5746,-6193,-6042
2024-03-01,19,Other,Other Income/(Expense),Nordics,Hardware,-7329,-8258,-8355
2024-03-01,20,Other,Income Tax,Nordics,Hardware,-33437,-37161,-37324
2024-04-01,1,Revenue,Product Revenue,France,Software,684223,768386,737763
2024-04-01,2,Revenue,Subscription Revenue,France,Software,529340,576290,543701
2024-04-01,3,Revenue,Service Revenue,France,Software,317902,336169,334997
2024-04-01,4,Revenue,Support & Maintenance,France,Software,155642,172887,168578
2024-04-01,5,COGS,Direct Materials,France,Software,-244297,-264574,-257792
2024-04-01,6,COGS,Direct Labor,France,Software,-214437,-244222,-243011
2024-04-01,7,COGS,Cloud & Hosting,France,Software,-111517,-122111,-121587
2024-04-01,8,COGS,Support Delivery,France,Software,-81892,-91583,-92986
2024-04-01,9,Operating Expenses,Sales,France,Software,-162980,-183167,-182488
2024-04-01,10,Operating Expenses,Marketing,France,Software,-137611,-152639,-155218
2024-04-01,11,Operating Expenses,Research & Development,France,Software,-211796,-223870,-211824
2024-04-01,12,Operating Expenses,General & Administrative,France,Software,-124731,-132287,-127271
2024-04-01,13,Operating Expenses,IT & Systems,France,Software,-63576,-71231,-68408
2024-04-01,14,Operating Expenses,Facilities & Rent,France,Software,-56060,-61056,-61953
2024-04-01,15,Operating Expenses,Depreciation & Amort.,France,Software,-51381,-55968,-53957
2024-04-01,16,Other,Interest Income,France,Software,10803,12211,11941
2024-04-01,17,Other,Interest Expense,France,Software,-25827,-28493,-26865
2024-04-01,18,Other,FX Gain/(Loss),France,Software,14271,15264,14828
2024-04-01,19,Other,Other Income/(Expense),France,Software,-18091,-20352,-19584
2024-04-01,20,Other,Income Tax,France,Software,-83619,-91583,-90735
2024-04-01,1,Revenue,Product Revenue,France,Services,423108,461032,463904
2024-04-01,2,Revenue,Subscription Revenue,France,Services,326519,345774,330333
2024-04-01,3,Revenue,Service Revenue,France,Services,183917,201701,199036
2024-04-01,4,Revenue,Support & Maintenance,France,Services,95116,103732,97706
2024-04-01,5,COGS,Direct Materials,France,Services,-142314,-158744,-152839
2024-04-01,6,COGS,Direct Labor,France,Services,-128165,-146533,-145056
2024-04-01,7,COGS,Cloud & Hosting,France,Services,-68752,-73267,-72950
2024-04-01,8,COGS,Support Delivery,France,Services,-49785,-54950,-53806
2024-04-01,9,Operating Expenses,Sales,France,Services,-103045,-109900,-106165
2024-04-01,10,Operating Expenses,Marketing,France,Services,-83812,-91583,-92782
2024-04-01,11,Operating Expenses,Research & Development,France,Services,-118790,-134322,-133869
2024-04-01,12,Operating Expenses,General & Administrative,France,Services,-69833,-79372,-75746
2024-04-01,13,Operating Expenses,IT & Systems,France,Services,-39753,-42739,-41942
2024-04-01,14,Operating Expenses,Facilities & Rent,France,Services,-32445,-36633,-36918
2024-04-01,15,Operating Expenses,Depreciation & Amort.,France,Services,-31208,-33581,-32537
2024-04-01,16,Other,Interest Income,France,Services,6779,7327,7426
2024-04-01,17,Other,Interest Expense,France,Services,-15640,-17096,-16302
2024-04-01,18,Other,FX Gain/(Loss),France,Services,8596,9158,9082
2024-04-01,19,Other,Other Income/(Expense),France,Services,-10704,-12211,-11592
2024-04-01,20,Other,Income Tax,France,Services,-49911,-54950,-54292
2024-04-01,1,Revenue,Product Revenue,France,Hardware,569443,614709,601098
2024-04-01,2,Revenue,Subscription Revenue,France,Hardware,414744,461032,435973
2024-04-01,3,Revenue,Service Revenue,France,Hardware,243598,268935,264103
2024-04-01,4,Revenue,Support & Maintenance,France,Hardware,125351,138310,137291
2024-04-01,5,COGS,Direct Materials,France,Hardware,-193113,-211659,-207745
2024-04-01,6,COGS,Direct Labor,France,Hardware,-181432,-195378,-192889
2024-04-01,7,COGS,Cloud & Hosting,France,Hardware,-86329,-97689,-93117
2024-04-01,8,COGS,Support Delivery,France,Hardware,-66238,-73267,-69312
2024-04-01,9,Operating Expenses,Sales,France,Hardware,-134936,-146533,-144384
2024-04-01,10,Operating Expenses,Marketing,France,Hardware,-110749,-122111,-123862
2024-04-01,11,Operating Expenses,Research & Development,France,Hardware,-158019,-179096,-180234
2024-04-01,12,Operating Expenses,General & Administrative,France,Hardware,-93076,-105830,-102340
2024-04-01,13,Operating Expenses,IT & Systems,France,Hardware,-50367,-56985,-57999
2024-04-01,14,Operating Expenses,Facilities & Rent,France,Hardware,-43939,-48844,-48521
2024-04-01,15,Operating Expenses,Depreciation & Amort.,France,Hardware,-40551,-44774,-42400
2024-04-01,16,Other,Interest Income,France,Hardware,9172,9769,9402
2024-04-01,17,Other,Interest Expense,France,Hardware,-20404,-22794,-23056
2024-04-01,18,Other,FX Gain/(Loss),France,Hardware,10842,12211,11710
2024-04-01,19,Other,Other Income/(Expense),France,Hardware,14814,16281,15865
2024-04-01,20,Other,Income Tax,France,Hardware,-67063,-73267,-74465
2024-04-01,1,Revenue,Product Revenue,Germany,Software,859053,922064,894534
2024-04-01,2,Revenue,Subscription Revenue,Germany,Software,615934,691548,669489
2024-04-01,3,Revenue,Service Revenue,Germany,Software,368909,403403,388833
2024-04-01,4,Revenue,Support & Maintenance,Germany,Software,182508,207464,207819
2024-04-01,5,COGS,Direct Materials,Germany,Software,-284490,-317489,-321892
2024-04-01,6,COGS,Direct Labor,Germany,Software,-257353,-293067,-280101
2024-04-01,7,COGS,Cloud & Hosting,Germany,Software,-130285,-146533,-140035
2024-04-01,8,COGS,Support Delivery,Germany,Software,-98300,-109900,-108417
2024-04-01,9,Operating Expenses,Sales,Germany,Software,-202727,-219800,-222298
2024-04-01,10,Operating Expenses,Marketing,Germany,Software,-172543,-183167,-181038
2024-04-01,11,Operating Expenses,Research & Development,Germany,Software,-239602,-268644,-254573
2024-04-01,12,Operating Expenses,General & Administrative,Germany,Software,-149932,-158744,-156945
2024-04-01,13,Operating Expenses,IT & Systems,Germany,Software,-78795,-85478,-83497
2024-04-01,14,Operating Expenses,Facilities & Rent,Germany,Software,-68129,-73267,-73199
2024-04-01,15,Operating Expenses,Depreciation & Amort.,Germany,Software,-62808,-67161,-63944
2024-04-01,16,Other,Interest Income,Germany,Software,13829,14653,14618
2024-04-01,17,Other,Interest Expense,Germany,Software,-30241,-34191,-32599
2024-04-01,18,Other,FX Gain/(Loss),Germany,Software,-17296,-18317,-18288
2024-04-01,19,Other,Other Income/(Expense),Germany,Software,-22419,-24422,-23428
2024-04-01,20,Other,Income Tax,Germany,Software,-101508,-109900,-105906
2024-04-01,1,Revenue,Product Revenue,Germany,Services,491737,553238,524908
2024-04-01,2,Revenue,Subscription Revenue,Germany,Services,393100,414929,404532
2024-04-01,3,Revenue,Service Revenue,Germany,Services,227878,242042,233809
2024-04-01,4,Revenue,Support & Maintenance,Germany,Services,114556,124479,119854
2024-04-01,5,COGS,Direct Materials,Germany,Services,-178290,-190493,-182446
2024-04-01,6,COGS,Direct Labor,Germany,Services,-155045,-175840,-172533
2024-04-01,7,COGS,Cloud & Hosting,Germany,Services,-79157,-87920,-85273
2024-04-01,8,COGS,Support Delivery,Germany,Services,-59291,-65940,-64066
2024-04-01,9,Operating Expenses,Sales,Germany,Services,-117729,-131880,-128903
2024-04-01,10,Operating Expenses,Marketing,Germany,Services,-103240,-109900,-104906
2024-04-01,11,Operating Expenses,Research & Development,Germany,Services,-149956,-161187,-157866
2024-04-01,12,Operating Expenses,General & Administrative,Germany,Services,-83738,-95247,-90133
2024-04-01,13,Operating Expenses,IT & Systems,Germany,Services,-45938,-51287,-51391
2024-04-01,14,Operating Expenses,Facilities & Rent,Germany,Services,-38450,-43960,-42163
2024-04-01,15,Operating Expenses,Depreciation & Amort.,Germany,Services,-37423,-40297,-38176
2024-04-01,16,Other,Interest Income,Germany,Services,8325,8792,8775
2024-04-01,17,Other,Interest Expense,Germany,Services,-18236,-20515,-19499
2024-04-01,18,Other,FX Gain/(Loss),Germany,Services,9678,10990,10761
2024-04-01,19,Other,Other Income/(Expense),Germany,Services,-13771,-14653,-14539
2024-04-01,20,Other,Income Tax,Germany,Services,-60391,-65940,-63774
2024-04-01,1,Revenue,Product Revenue,Germany,Hardware,684101,737651,745473
2024-04-01,2,Revenue,Subscription Revenue,Germany,Hardware,499293,553238,556846
2024-04-01,3,Revenue,Service Revenue,Germany,Hardware,304001,322722,311295
2024-04-01,4,Revenue,Support & Maintenance,Germany,Hardware,148698,165971,168778
2024-04-01,5,COGS,Direct Materials,Germany,Hardware,-238358,-253991,-249857
2024-04-01,6,COGS,Direct Labor,Germany,Hardware,-218627,-234453,-236509
2024-04-01,7,COGS,Cloud & Hosting,Germany,Hardware,-103140,-117227,-110753
2024-04-01,8,COGS,Support Delivery,Germany,Hardware,-80901,-87920,-86613
2024-04-01,9,Operating Expenses,Sales,Germany,Hardware,-157746,-175840,-178156
2024-04-01,10,Operating Expenses,Marketing,Germany,Hardware,-131988,-146533,-143608
2024-04-01,11,Operating Expenses,Research & Development,Germany,Hardware,-193425,-214916,-207763
2024-04-01,12,Operating Expenses,General & Administrative,Germany,Hardware,-117199,-126996,-120355
2024-04-01,13,Operating Expenses,IT & Systems,Germany,Hardware,-64265,-68382,-69083
2024-04-01,14,Operating Expenses,Facilities & Rent,Germany,Hardware,-54150,-58613,-55328
2024-04-01,15,Operating Expenses,Depreciation & Amort.,Germany,Hardware,-49585,-53729,-52070
2024-04-01,16,Other,Interest Income,Germany,Hardware,11027,11723,11603
2024-04-01,17,Other,Interest Expense,Germany,Hardware,-24668,-27353,-26872
2024-04-01,18,Other,FX Gain/(Loss),Germany,Hardware,-13348,-14653,-14551
2024-04-01,19,Other,Other Income/(Expense),Germany,Hardware,18438,19538,19228
2024-04-01,20,Other,Income Tax,Germany,Hardware,-82784,-87920,-87235
2024-04-01,1,Revenue,Product Revenue,United Kingdom,Software,635769,691548,666250
2024-04-01,2,Revenue,Subscription Revenue,United Kingdom,Software,486909,518661,489882
2024-04-01,3,Revenue,Service Revenue,United Kingdom,Software,277456,302552,285418
2024-04-01,4,Revenue,Support & Maintenance,United Kingdom,Software,146458,155598,153624
2024-04-01,5,COGS,Direct Materials,United Kingdom,Software,-218506,-238117,-232737
2024-04-01,6,COGS,Direct Labor,United Kingdom,Software,-201830,-219800,-209724
2024-04-01,7,COGS,Cloud & Hosting,United Kingdom,Software,-96187,-109900,-105479
2024-04-01,8,COGS,Support Delivery,United Kingdom,Software,-75258,-82425,-81462
2024-04-01,9,Operating Expenses,Sales,United Kingdom,Software,-145200,-164850,-167446
2024-04-01,10,Operating Expenses,Marketing,United Kingdom,Software,-125333,-137375,-134618
2024-04-01,11,Operating Expenses,Research & Development,United Kingdom,Software,-185594,-201483,-196184
2024-04-01,12,Operating Expenses,General & Administrative,United Kingdom,Software,-111301,-119058,-114006
2024-04-01,13,Operating Expenses,IT & Systems,United Kingdom,Software,-57227,-64108,-61331
2024-04-01,14,Operating Expenses,Facilities & Rent,United Kingdom,Software,-51336,-54950,-53764
2024-04-01,15,Operating Expenses,Depreciation & Amort.,United Kingdom,Software,-45982,-50371,-49358
2024-04-01,16,Other,Interest Income,United Kingdom,Software,9805,10990,10696
2024-04-01,17,Other,Interest Expense,United Kingdom,Software,-23765,-25643,-25817
2024-04-01,18,Other,FX Gain/(Loss),United Kingdom,Software,12111,13738,12960
2024-04-01,19,Other,Other Income/(Expense),United Kingdom,Software,-16346,-18317,-18634
2024-04-01,20,Other,Income Tax,United Kingdom,Software,-72568,-82425,-80586
2024-04-01,1,Revenue,Product Revenue,United Kingdom,Services,363490,414929,400572
2024-04-01,2,Revenue,Subscription Revenue,United Kingdom,Services,278859,311196,308654
2024-04-01,3,Revenue,Service Revenue,United Kingdom,Services,160137,181531,171367
2024-04-01,4,Revenue,Support & Maintenance,United Kingdom,Services,85844,93359,91296
2024-04-01,5,COGS,Direct Materials,United Kingdom,Services,-132667,-142870,-135375
2024-04-01,6,COGS,Direct Labor,United Kingdom,Services,-120649,-131880,-124982
2024-04-01,7,COGS,Cloud & Hosting,United Kingdom,Services,-58350,-65940,-63489
2024-04-01,8,COGS,Support Delivery,United Kingdom,Services,-46314,-49455,-50334
2024-04-01,9,Operating Expenses,Sales,United Kingdom,Services,-93232,-98910,-98115
2024-04-01,10,Operating Expenses,Marketing,United Kingdom,Services,-76575,-82425,-78584
2024-04-01,11,Operating Expenses,Research & Development,United Kingdom,Services,-110350,-120890,-120952
2024-04-01,12,Operating Expenses,General & Administrative,United Kingdom,Services,-67579,-71435,-69645
2024-04-01,13,Operating Expenses,IT & Systems,United Kingdom,Services,-33862,-38465,-36631
2024-04-01,14,Operating Expenses,Facilities & Rent,United Kingdom,Services,-30024,-32970,-33302
2024-04-01,15,Operating Expenses,Depreciation & Amort.,United Kingdom,Services,-28052,-30223,-30635
2024-04-01,16,Other,Interest Income,United Kingdom,Services,6230,6594,6509
2024-04-01,17,Other,Interest Expense,United Kingdom,Services,-14075,-15386,-15535
2024-04-01,18,Other,FX Gain/(Loss),United Kingdom,Services,7761,8243,7758
2024-04-01,19,Other,Other Income/(Expense),United Kingdom,Services,-10023,-10990,-11071
2024-04-01,20,Other,Income Tax,United Kingdom,Services,-44989,-49455,-49218
2024-04-01,1,Revenue,Product Revenue,United Kingdom,Hardware,487715,553238,530768
2024-04-01,2,Revenue,Subscription Revenue,United Kingdom,Hardware,367557,414929,412195
2024-04-01,3,Revenue,Service Revenue,United Kingdom,Hardware,216762,242042,243933
2024-04-01,4,Revenue,Support & Maintenance,United Kingdom,Hardware,109394,124479,122841
2024-04-01,5,COGS,Direct Materials,United Kingdom,Hardware,-176407,-190493,-180060
2024-04-01,6,COGS,Direct Labor,United Kingdom,Hardware,-156207,-175840,-169786
2024-04-01,7,COGS,Cloud & Hosting,United Kingdom,Hardware,-81110,-87920,-85329
2024-04-01,8,COGS,Support Delivery,United Kingdom,Hardware,-62062,-65940,-65367
2024-04-01,9,Operating Expenses,Sales,United Kingdom,Hardware,-116882,-131880,-125526
2024-04-01,10,Operating Expenses,Marketing,United Kingdom,Hardware,-99823,-109900,-108116
2024-04-01,11,Operating Expenses,Research & Development,United Kingdom,Hardware,-150580,-161187,-161007
2024-04-01,12,Operating Expenses,General & Administrative,United Kingdom,Hardware,-83490,-95247,-96059
2024-04-01,13,Operating Expenses,IT & Systems,United Kingdom,Hardware,-47214,-51287,-48531
2024-04-01,14,Operating Expenses,Facilities & Rent,United Kingdom,Hardware,-40592,-43960,-44188
2024-04-01,15,Operating Expenses,Depreciation & Amort.,United Kingdom,Hardware,-35379,-40297,-39102
2024-04-01,16,Other,Interest Income,United Kingdom,Hardware,7738,8792,8712
2024-04-01,17,Other,Interest Expense,United Kingdom,Hardware,-18523,-20515,-20806
2024-04-01,18,Other,FX Gain/(Loss),United Kingdom,Hardware,9806,10990,10623
2024-04-01,19,Other,Other Income/(Expense),United Kingdom,Hardware,13464,14653,14006
2024-04-01,20,Other,Income Tax,United Kingdom,Hardware,-61438,-65940,-64773
2024-04-01,1,Revenue,Product Revenue,Spain,Software,406656,461032,458064
2024-04-01,2,Revenue,Subscription Revenue,Spain,Software,310016,345774,334899
2024-04-01,3,Revenue,Service Revenue,Spain,Software,181708,201701,190122
2024-04-01,4,Revenue,Support & Maintenance,Spain,Software,95039,103732,101356
2024-04-01,5,COGS,Direct Materials,Spain,Software,-140006,-158744,-160240
2024-04-01,6,COGS,Direct Labor,Spain,Software,-134398,-146533,-143986
2024-04-01,7,COGS,Cloud & Hosting,Spain,Software,-69406,-73267,-73142
2024-04-01,8,COGS,Support Delivery,Spain,Software,-51897,-54950,-55644
2024-04-01,9,Operating Expenses,Sales,Spain,Software,-103206,-109900,-110056
2024-04-01,10,Operating Expenses,Marketing,Spain,Software,-80787,-91583,-88496
2024-04-01,11,Operating Expenses,Research & Development,Spain,Software,-121206,-134322,-130810
2024-04-01,12,Operating Expenses,General & Administrative,Spain,Software,-71805,-79372,-80629
2024-04-01,13,Operating Expenses,IT & Systems,Spain,Software,-37915,-42739,-41510
2024-04-01,14,Operating Expenses,Facilities & Rent,Spain,Software,-33898,-36633,-36459
2024-04-01,15,Operating Expenses,Depreciation & Amort.,Spain,Software,-31589,-33581,-34188
2024-04-01,16,Other,Interest Income,Spain,Software,6802,7327,6956
2024-04-01,17,Other,Interest Expense,Spain,Software,-15943,-17096,-16259
2024-04-01,18,Other,FX Gain/(Loss),Spain,Software,8588,9158,8842
2024-04-01,19,Other,Other Income/(Expense),Spain,Software,11160,12211,12413
2024-04-01,20,Other,Income Tax,Spain,Software,-49023,-54950,-52418
2024-04-01,1,Revenue,Product Revenue,Spain,Services,252372,276619,281778
2024-04-01,2,Revenue,Subscription Revenue,Spain,Services,195492,207464,210426
2024-04-01,3,Revenue,Service Revenue,Spain,Services,110082,121021,118655
2024-04-01,4,Revenue,Support & Maintenance,Spain,Services,54836,62239,62503
2024-04-01,5,COGS,Direct Materials,Spain,Services,-85262,-95247,-93355
2024-04-01,6,COGS,Direct Labor,Spain,Services,-77891,-87920,-87837
2024-04-01,7,COGS,Cloud & Hosting,Spain,Services,-39389,-43960,-42696
2024-04-01,8,COGS,Support Delivery,Spain,Services,-29664,-32970,-32060
2024-04-01,9,Operating Expenses,Sales,Spain,Services,-61077,-65940,-66777
2024-04-01,10,Operating Expenses,Marketing,Spain,Services,-48935,-54950,-53606
2024-04-01,11,Operating Expenses,Research & Development,Spain,Services,-73523,-80593,-78738
2024-04-01,12,Operating Expenses,General & Administrative,Spain,Services,-42695,-47623,-48070
2024-04-01,13,Operating Expenses,IT & Systems,Spain,Services,-24232,-25643,-24937
2024-04-01,14,Operating Expenses,Facilities & Rent,Spain,Services,-19794,-21980,-21512
2024-04-01,15,Operating Expenses,Depreciation & Amort.,Spain,Services,-18780,-20148,-20429
2024-04-01,16,Other,Interest Income,Spain,Services,3882,4396,4211
2024-04-01,17,Other,Interest Expense,Spain,Services,-9497,-10257,-9965
2024-04-01,18,Other,FX Gain/(Loss),Spain,Services,-5126,-5495,-5194
2024-04-01,19,Other,Other Income/(Expense),Spain,Services,-6731,-7327,-6993
2024-04-01,20,Other,Income Tax,Spain,Services,-29121,-32970,-31994
2024-04-01,1,Revenue,Product Revenue,Spain,Hardware,327708,368825,354098
2024-04-01,2,Revenue,Subscription Revenue,Spain,Hardware,243393,276619,282038
2024-04-01,3,Revenue,Service Revenue,Spain,Hardware,149025,161361,163760
2024-04-01,4,Revenue,Support & Maintenance,Spain,Hardware,76008,82986,83935
2024-04-01,5,COGS,Direct Materials,Spain,Hardware,-113315,-126996,-124144
2024-04-01,6,COGS,Direct Labor,Spain,Hardware,-106086,-117227,-114355
2024-04-01,7,COGS,Cloud & Hosting,Spain,Hardware,-53634,-58613,-57613
2024-04-01,8,COGS,Support Delivery,Spain,Hardware,-39219,-43960,-41783
2024-04-01,9,Operating Expenses,Sales,Spain,Hardware,-82754,-87920,-85855
2024-04-01,10,Operating Expenses,Marketing,Spain,Hardware,-68076,-73267,-71633
2024-04-01,11,Operating Expenses,Research & Development,Spain,Hardware,-97214,-107458,-108178
2024-04-01,12,Operating Expenses,General & Administrative,Spain,Hardware,-56645,-63498,-59991
2024-04-01,13,Operating Expenses,IT & Systems,Spain,Hardware,-30770,-34191,-34823
2024-04-01,14,Operating Expenses,Facilities & Rent,Spain,Hardware,-27228,-29307,-28379
2024-04-01,15,Operating Expenses,Depreciation & Amort.,Spain,Hardware,-24962,-26864,-26122
2024-04-01,16,Other,Interest Income,Spain,Hardware,5475,5861,5638
2024-04-01,17,Other,Interest Expense,Spain,Hardware,-12767,-13676,-13709
2024-04-01,18,Other,FX Gain/(Loss),Spain,Hardware,6721,7327,7131
2024-04-01,19,Other,Other Income/(Expense),Spain,Hardware,9077,9769,9892
2024-04-01,20,Other,Income Tax,Spain,Hardware,-39669,-43960,-42871
2024-04-01,1,Revenue,Product Revenue,Italy,Software,486040,537870,548292
2024-04-01,2,Revenue,Subscription Revenue,Italy,Software,382157,403403,396505
2024-04-01,3,Revenue,Service Revenue,Italy,Software,219877,235318,237981
2024-04-01,4,Revenue,Support & Maintenance,Italy,Software,108641,121021,116607
2024-04-01,5,COGS,Direct Materials,Italy,Software,-162892,-185202,-176701
2024-04-01,6,COGS,Direct Labor,Italy,Software,-151393,-170956,-168358
2024-04-01,7,COGS,Cloud & Hosting,Italy,Software,-76061,-85478,-83259
2024-04-01,8,COGS,Support Delivery,Italy,Software,-58536,-64108,-61786
2024-04-01,9,Operating Expenses,Sales,Italy,Software,-112887,-128217,-125615
2024-04-01,10,Operating Expenses,Marketing,Italy,Software,-95282,-106847,-100630
2024-04-01,11,Operating Expenses,Research & Development,Italy,Software,-138836,-156709,-159472
2024-04-01,12,Operating Expenses,General & Administrative,Italy,Software,-84612,-92601,-91050
2024-04-01,13,Operating Expenses,IT & Systems,Italy,Software,-44772,-49862,-50162
2024-04-01,14,Operating Expenses,Facilities & Rent,Italy,Software,-37934,-42739,-43472
2024-04-01,15,Operating Expenses,Depreciation & Amort.,Italy,Software,-35841,-39177,-37823
2024-04-01,16,Other,Interest Income,Italy,Software,7965,8548,8152
2024-04-01,17,Other,Interest Expense,Italy,Software,-18495,-19945,-19365
2024-04-01,18,Other,FX Gain/(Loss),Italy,Software,9432,10685,10433
2024-04-01,19,Other,Other Income/(Expense),Italy,Software,12689,14246,14295
2024-04-01,20,Other,Income Tax,Italy,Software,-57395,-64108,-60340
2024-04-01,1,Revenue,Product Revenue,Italy,Services,283205,322722,307762
2024-04-01,2,Revenue,Subscription Revenue,Italy,Services,215597,242042,237520
2024-04-01,3,Revenue,Service Revenue,Italy,Services,126094,141191,134992
2024-04-01,4,Revenue,Support & Maintenance,Italy,Services,68183,72613,69411
2024-04-01,5,COGS,Direct Materials,Italy,Services,-104592,-111121,-111853
2024-04-01,6,COGS,Direct Labor,Italy,Services,-93167,-102573,-102900
2024-04-01,7,COGS,Cloud & Hosting,Italy,Services,-48248,-51287,-48879
2024-04-01,8,COGS,Support Delivery,Italy,Services,-35689,-38465,-38668
2024-04-01,9,Operating Expenses,Sales,Italy,Services,-68788,-76930,-76923
2024-04-01,10,Operating Expenses,Marketing,Italy,Services,-56521,-64108,-62300
2024-04-01,11,Operating Expenses,Research & Development,Italy,Services,-86180,-94026,-89504
2024-04-01,12,Operating Expenses,General & Administrative,Italy,Services,-51765,-55561,-54491
2024-04-01,13,Operating Expenses,IT & Systems,Italy,Services,-26179,-29917,-29302
2024-04-01,14,Operating Expenses,Facilities & Rent,Italy,Services,-23089,-25643,-26113
2024-04-01,15,Operating Expenses,Depreciation & Amort.,Italy,Services,-20679,-23506,-23653
2024-04-01,16,Other,Interest Income,Italy,Services,4694,5129,5202
2024-04-01,17,Other,Interest Expense,Italy,Services,-10891,-11967,-11515
2024-04-01,18,Other,FX Gain/(Loss),Italy,Services,-5928,-6411,-6296
2024-04-01,19,Other,Other Income/(Expense),Italy,Services,7530,8548,8299
2024-04-01,20,Other,Income Tax,Italy,Services,-34195,-38465,-37138
2024-04-01,1,Revenue,Product Revenue,Italy,Hardware,386539,430296,431929
2024-04-01,2,Revenue,Subscription Revenue,Italy,Hardware,284778,322722,306202
2024-04-01,3,Revenue,Service Revenue,Italy,Hardware,172510,188255,181542
2024-04-01,4,Revenue,Support & Maintenance,Italy,Hardware,89610,96817,93150
2024-04-01,5,COGS,Direct Materials,Italy,Hardware,-131243,-148162,-140388
2024-04-01,6,COGS,Direct Labor,Italy,Hardware,-126929,-136764,-138309
2024-04-01,7,COGS,Cloud & Hosting,Italy,Hardware,-62249,-68382,-67495
2024-04-01,8,COGS,Support Delivery,Italy,Hardware,-46103,-51287,-50327
2024-04-01,9,Operating Expenses,Sales,Italy,Hardware,-92422,-102573,-96795
2024-04-01,10,Operating Expenses,Marketing,Italy,Hardware,-75643,-85478,-85663
2024-04-01,11,Operating Expenses,Research & Development,Italy,Hardware,-114513,-125367,-120891
2024-04-01,12,Operating Expenses,General & Administrative,Italy,Hardware,-67765,-74081,-70918
2024-04-01,13,Operating Expenses,IT & Systems,Italy,Hardware,-35780,-39890,-37601
2024-04-01,14,Operating Expenses,Facilities & Rent,Italy,Hardware,-30438,-34191,-34159
2024-04-01,15,Operating Expenses,Depreciation & Amort.,Italy,Hardware,-28186,-31342,-30336
2024-04-01,16,Other,Interest Income,Italy,Hardware,6119,6838,6439
2024-04-01,17,Other,Interest Expense,Italy,Hardware,-14205,-15956,-15808
2024-04-01,18,Other,FX Gain/(Loss),Italy,Hardware,-7847,-8548,-8369
2024-04-01,19,Other,Other Income/(Expense),Italy,Hardware,-10387,-11397,-10819
2024-04-01,20,Other,Income Tax,Italy,Hardware,-46842,-51287,-49265
2024-04-01,1,Revenue,Product Revenue,United States,Software,1089030,1229418,1175484
2024-04-01,2,Revenue,Subscription Revenue,United States,Software,828039,922064,887550
2024-04-01,3,Revenue,Service Revenue,United States,Software,487949,537870,511826
2024-04-01,4,Revenue,Support & Maintenance,United States,Software,251089,276619,267051
2024-04-01,5,COGS,Direct Materials,United States,Software,-382858,-423319,-409927
2024-04-01,6,COGS,Direct Labor,United States,Software,-348315,-390756,-390805
2024-04-01,7,COGS,Cloud & Hosting,United States,Software,-175293,-195378,-198376
2024-04-01,8,COGS,Support Delivery,United States,Software,-135648,-146533,-148179
2024-04-01,9,Operating Expenses,Sales,United States,Software,-273821,-293067,-294973
2024-04-01,10,Operating Expenses,Marketing,United States,Software,-228414,-244222,-231240
2024-04-01,11,Operating Expenses,Research & Development,United States,Software,-330663,-358193,-343058
2024-04-01,12,Operating Expenses,General & Administrative,United States,Software,-187378,-211659,-209413
2024-04-01,13,Operating Expenses,IT & Systems,United States,Software,-102883,-113970,-108087
2024-04-01,14,Operating Expenses,Facilities & Rent,United States,Software,-87762,-97689,-94421
2024-04-01,15,Operating Expenses,Depreciation & Amort.,United States,Software,-83203,-89548,-90417
2024-04-01,16,Other,Interest Income,United States,Software,17644,19538,19531
2024-04-01,17,Other,Interest Expense,United States,Software,-40619,-45588,-45324
2024-04-01,18,Other,FX Gain/(Loss),United States,Software,22775,24422,24849
2024-04-01,19,Other,Other Income/(Expense),United States,Software,-28665,-32563,-31409
2024-04-01,20,Other,Income Tax,United States,Software,-128321,-146533,-143030
2024-04-01,1,Revenue,Product Revenue,United States,Services,695561,737651,702602
2024-04-01,2,Revenue,Subscription Revenue,United States,Services,517307,553238,542446
2024-04-01,3,Revenue,Service Revenue,United States,Services,305445,322722,325531
2024-04-01,4,Revenue,Support & Maintenance,United States,Services,146392,165971,168768
2024-04-01,5,COGS,Direct Materials,United States,Services,-222760,-253991,-241527
2024-04-01,6,COGS,Direct Labor,United States,Services,-212942,-234453,-232261
2024-04-01,7,COGS,Cloud & Hosting,United States,Services,-110837,-117227,-116491
2024-04-01,8,COGS,Support Delivery,United States,Services,-81787,-87920,-87938
2024-04-01,9,Operating Expenses,Sales,United States,Services,-158397,-175840,-172250
2024-04-01,10,Operating Expenses,Marketing,United States,Services,-130750,-146533,-139043
2024-04-01,11,Operating Expenses,Research & Development,United States,Services,-194305,-214916,-216961
2024-04-01,12,Operating Expenses,General & Administrative,United States,Services,-111119,-126996,-126343
2024-04-01,13,Operating Expenses,IT & Systems,United States,Services,-62532,-68382,-67885
2024-04-01,14,Operating Expenses,Facilities & Rent,United States,Services,-51533,-58613,-56951
2024-04-01,15,Operating Expenses,Depreciation & Amort.,United States,Services,-48010,-53729,-52173
2024-04-01,16,Other,Interest Income,United States,Services,10495,11723,11426
2024-04-01,17,Other,Interest Expense,United States,Services,-25667,-27353,-26184
2024-04-01,18,Other,FX Gain/(Loss),United States,Services,13027,14653,14475
2024-04-01,19,Other,Other Income/(Expense),United States,Services,-17363,-19538,-19606
2024-04-01,20,Other,Income Tax,United States,Services,-79485,-87920,-89281
2024-04-01,1,Revenue,Product Revenue,United States,Hardware,907195,983535,940574
2024-04-01,2,Revenue,Subscription Revenue,United States,Hardware,674138,737651,720755
2024-04-01,3,Revenue,Service Revenue,United States,Hardware,378346,430296,412368
2024-04-01,4,Revenue,Support & Maintenance,United States,Hardware,206815,221295,222668
2024-04-01,5,COGS,Direct Materials,United States,Hardware,-316535,-338655,-339456
2024-04-01,6,COGS,Direct Labor,United States,Hardware,-276325,-312605,-305722
2024-04-01,7,COGS,Cloud & Hosting,United States,Hardware,-145724,-156302,-153549
2024-04-01,8,COGS,Support Delivery,United States,Hardware,-105857,-117227,-110667
2024-04-01,9,Operating Expenses,Sales,United States,Hardware,-213679,-234453,-235882
2024-04-01,10,Operating Expenses,Marketing,United States,Hardware,-185007,-195378,-194278
2024-04-01,11,Operating Expenses,Research & Development,United States,Hardware,-262526,-286554,-273540
2024-04-01,12,Operating Expenses,General & Administrative,United States,Hardware,-153563,-169327,-172362
2024-04-01,13,Operating Expenses,IT & Systems,United States,Hardware,-84320,-91176,-90293
2024-04-01,14,Operating Expenses,Facilities & Rent,United States,Hardware,-69654,-78151,-76595
2024-04-01,15,Operating Expenses,Depreciation & Amort.,United States,Hardware,-63449,-71639,-68090
2024-04-01,16,Other,Interest Income,United States,Hardware,14644,15630,15864
2024-04-01,17,Other,Interest Expense,United States,Hardware,-32961,-36471,-34653
2024-04-01,18,Other,FX Gain/(Loss),United States,Hardware,-18120,-19538,-18408
2024-04-01,19,Other,Other Income/(Expense),United States,Hardware,-23719,-26050,-25645
2024-04-01,20,Other,Income Tax,United States,Hardware,-110331,-117227,-115043
2024-04-01,1,Revenue,Product Revenue,Nordics,Software,354977,384193,373922
2024-04-01,2,Revenue,Subscription Revenue,Nordics,Software,262491,288145,292741
2024-04-01,3,Revenue,Service Revenue,Nordics,Software,153619,168085,158894
2024-04-01,4,Revenue,Support & Maintenance,Nordics,Software,80529,86443,86600
2024-04-01,5,COGS,Direct Materials,Nordics,Software,-123670,-132287,-126524
2024-04-01,6,COGS,Direct Labor,Nordics,Software,-113642,-122111,-118975
2024-04-01,7,COGS,Cloud & Hosting,Nordics,Software,-54694,-61056,-58795
2024-04-01,8,COGS,Support Delivery,Nordics,Software,-41148,-45792,-45782
2024-04-01,9,Operating Expenses,Sales,Nordics,Software,-84566,-91583,-92611
2024-04-01,10,Operating Expenses,Marketing,Nordics,Software,-70269,-76319,-74876
2024-04-01,11,Operating Expenses,Research & Development,Nordics,Software,-99233,-111935,-110371
2024-04-01,12,Operating Expenses,General & Administrative,Nordics,Software,-58337,-66144,-66602
2024-04-01,13,Operating Expenses,IT & Systems,Nordics,Software,-32513,-35616,-35086
2024-04-01,14,Operating Expenses,Facilities & Rent,Nordics,Software,-28681,-30528,-29988
2024-04-01,15,Operating Expenses,Depreciation & Amort.,Nordics,Software,-26424,-27984,-28175
2024-04-01,16,Other,Interest Income,Nordics,Software,5516,6106,5930
2024-04-01,17,Other,Interest Expense,Nordics,Software,-13496,-14246,-14057
2024-04-01,18,Other,FX Gain/(Loss),Nordics,Software,-7124,-7632,-7424
2024-04-01,19,Other,Other Income/(Expense),Nordics,Software,-9486,-10176,-9812
2024-04-01,20,Other,Income Tax,Nordics,Software,-42976,-45792,-46171
2024-04-01,1,Revenue,Product Revenue,Nordics,Services,217723,230516,229235
2024-04-01,2,Revenue,Subscription Revenue,Nordics,Services,162512,172887,167427
2024-04-01,3,Revenue,Service Revenue,Nordics,Services,89765,100851,95900
2024-04-01,4,Revenue,Support & Maintenance,Nordics,Services,45648,51866,51565
2024-04-01,5,COGS,Direct Materials,Nordics,Services,-74183,-79372,-74743
2024-04-01,6,COGS,Direct Labor,Nordics,Services,-69023,-73267,-72125
2024-04-01,7,COGS,Cloud & Hosting,Nordics,Services,-32197,-36633,-35111
2024-04-01,8,COGS,Support Delivery,Nordics,Services,-25137,-27475,-27618
2024-04-01,9,Operating Expenses,Sales,Nordics,Services,-50140,-54950,-53914
2024-04-01,10,Operating Expenses,Marketing,Nordics,Services,-42486,-45792,-43194
2024-04-01,11,Operating Expenses,Research & Development,Nordics,Services,-62867,-67161,-64000
2024-04-01,12,Operating Expenses,General & Administrative,Nordics,Services,-37519,-39686,-37459
2024-04-01,13,Operating Expenses,IT & Systems,Nordics,Services,-19165,-21369,-20551
2024-04-01,14,Operating Expenses,Facilities & Rent,Nordics,Services,-17281,-18317,-17542
2024-04-01,15,Operating Expenses,Depreciation & Amort.,Nordics,Services,-14832,-16790,-16648
2024-04-01,16,Other,Interest Income,Nordics,Services,3258,3663,3666
2024-04-01,17,Other,Interest Expense,Nordics,Services,-7556,-8548,-8616
2024-04-01,18,Other,FX Gain/(Loss),Nordics,Services,4134,4579,4563
2024-04-01,19,Other,Other Income/(Expense),Nordics,Services,5696,6106,5782
2024-04-01,20,Other,Income Tax,Nordics,Services,-24068,-27475,-26880
2024-04-01,1,Revenue,Product Revenue,Nordics,Hardware,287051,307355,295572
2024-04-01,2,Revenue,Subscription Revenue,Nordics,Hardware,208102,230516,218186
2024-04-01,3,Revenue,Service Revenue,Nordics,Hardware,124119,134468,136619
2024-04-01,4,Revenue,Support & Maintenance,Nordics,Hardware,63684,69155,70142
2024-04-01,5,COGS,Direct Materials,Nordics,Hardware,-98047,-105830,-107441
2024-04-01,6,COGS,Direct Labor,Nordics,Hardware,-92114,-97689,-98430
2024-04-01,7,COGS,Cloud & Hosting,Nordics,Hardware,-42813,-48844,-47914
2024-04-01,8,COGS,Support Delivery,Nordics,Hardware,-33109,-36633,-35377
2024-04-01,9,Operating Expenses,Sales,Nordics,Hardware,-68108,-73267,-70151
2024-04-01,10,Operating Expenses,Marketing,Nordics,Hardware,-55715,-61056,-57847
2024-04-01,11,Operating Expenses,Research & Development,Nordics,Hardware,-83014,-89548,-90480
2024-04-01,12,Operating Expenses,General & Administrative,Nordics,Hardware,-48143,-52915,-53637
2024-04-01,13,Operating Expenses,IT & Systems,Nordics,Hardware,-26859,-28493,-27414
2024-04-01,14,Operating Expenses,Facilities & Rent,Nordics,Hardware,-22623,-24422,-23445
2024-04-01,15,Operating Expenses,Depreciation & Amort.,Nordics,Hardware,-19806,-22387,-22527
2024-04-01,16,Other,Interest Income,Nordics,Hardware,4317,4884,4962
2024-04-01,17,Other,Interest Expense,Nordics,Hardware,-10216,-11397,-11127
2024-04-01,18,Other,FX Gain/(Loss),Nordics,Hardware,-5458,-6106,-6202
2024-04-01,19,Other,Other Income/(Expense),Nordics,Hardware,7567,8141,7949
2024-04-01,20,Other,Income Tax,Nordics,Hardware,-32641,-36633,-34954
2024-05-01,1,Revenue,Product Revenue,France,Software,687550,727038,728303
2024-05-01,2,Revenue,Subscription Revenue,France,Software,486723,545279,537086
2024-05-01,3,Revenue,Service Revenue,France,Software,288194,318079,300124
2024-05-01,4,Revenue,Support & Maintenance,France,Software,153386,163584,154950
2024-05-01,5,COGS,Direct Materials,France,Software,-229404,-262158,-254864
2024-05-01,6,COGS,Direct Labor,France,Software,-214059,-241992,-230500
2024-05-01,7,COGS,Cloud & Hosting,France,Software,-110687,-120996,-121343
2024-05-01,8,COGS,Support Delivery,France,Software,-84305,-90747,-92082
2024-05-01,9,Operating Expenses,Sales,France,Software,-163124,-181494,-178120
2024-05-01,10,Operating Expenses,Marketing,France,Software,-138358,-151245,-144047
2024-05-01,11,Operating Expenses,Research & Development,France,Software,-199359,-221826,-218210
2024-05-01,12,Operating Expenses,General & Administrative,France,Software,-123896,-131079,-127210
2024-05-01,13,Operating Expenses,IT & Systems,France,Software,-63720,-70581,-69604
2024-05-01,14,Operating Expenses,Facilities & Rent,France,Software,-55446,-60498,-59095
2024-05-01,15,Operating Expenses,Depreciation & Amort.,France,Software,-51175,-55456,-54128
2024-05-01,16,Other,Interest Income,France,Software,11310,12100,11845
2024-05-01,17,Other,Interest Expense,France,Software,-25375,-28232,-26792
2024-05-01,18,Other,FX Gain/(Loss),France,Software,-13567,-15124,-14760
2024-05-01,19,Other,Other Income/(Expense),France,Software,-18741,-20166,-19604
2024-05-01,20,Other,Income Tax,France,Software,-82117,-90747,-86424
2024-05-01,1,Revenue,Product Revenue,France,Services,398860,436223,431961
2024-05-01,2,Revenue,Subscription Revenue,France,Services,292102,327167,328858
2024-05-01,3,Revenue,Service Revenue,France,Services,168410,190848,184696
2024-05-01,4,Revenue,Support & Maintenance,France,Services,88788,98150,99586
2024-05-01,5,COGS,Direct Materials,France,Services,-144625,-157295,-149124
2024-05-01,6,COGS,Direct Labor,France,Services,-133688,-145195,-142417
2024-05-01,7,COGS,Cloud & Hosting,France,Services,-67169,-72597,-72298
2024-05-01,8,COGS,Support Delivery,France,Services,-51191,-54448,-53924
2024-05-01,9,Operating Expenses,Sales,France,Services,-102555,-108896,-104326
2024-05-01,10,Operating Expenses,Marketing,France,Services,-83741,-90747,-88594
2024-05-01,11,Operating Expenses,Research & Development,France,Services,-117651,-133095,-126390
2024-05-01,12,Operating Expenses,General & Administrative,France,Services,-71528,-78647,-74352
2024-05-01,13,Operating Expenses,IT & Systems,France,Services,-38642,-42349,-42726
2024-05-01,14,Operating Expenses,Facilities & Rent,France,Services,-31778,-36299,-34300
2024-05-01,15,Operating Expenses,Depreciation & Amort.,France,Services,-30608,-33274,-33306
2024-05-01,16,Other,Interest Income,France,Services,6554,7260,7139
2024-05-01,17,Other,Interest Expense,France,Services,-15927,-16939,-17052
2024-05-01,18,Other,FX Gain/(Loss),France,Services,-8437,-9075,-9065
2024-05-01,19,Other,Other Income/(Expense),France,Services,-11139,-12100,-11856
2024-05-01,20,Other,Income Tax,France,Services,-49442,-54448,-52980
2024-05-01,1,Revenue,Product Revenue,France,Hardware,526769,581631,572026
2024-05-01,2,Revenue,Subscription Revenue,France,Hardware,384489,436223,443954
2024-05-01,3,Revenue,Service Revenue,France,Hardware,236994,254463,247649
2024-05-01,4,Revenue,Support & Maintenance,France,Hardware,122278,130867,123266
2024-05-01,5,COGS,Direct Materials,France,Hardware,-186127,-209726,-202906
2024-05-01,6,COGS,Direct Labor,France,Hardware,-175018,-193593,-186128
2024-05-01,7,COGS,Cloud & Hosting,France,Hardware,-84754,-96797,-93656
2024-05-01,8,COGS,Support Delivery,France,Hardware,-65635,-72597,-70601
2024-05-01,9,Operating Expenses,Sales,France,Hardware,-134819,-145195,-143794
2024-05-01,10,Operating Expenses,Marketing,France,Hardware,-113795,-120996,-117018
2024-05-01,11,Operating Expenses,Research & Development,France,Hardware,-158599,-177460,-177611
2024-05-01,12,Operating Expenses,General & Administrative,France,Hardware,-92505,-104863,-106715
2024-05-01,13,Operating Expenses,IT & Systems,France,Hardware,-52315,-56465,-56279
2024-05-01,14,Operating Expenses,Facilities & Rent,France,Hardware,-44803,-48398,-46087
2024-05-01,15,Operating Expenses,Depreciation & Amort.,France,Hardware,-41628,-44365,-43480
2024-05-01,16,Other,Interest Income,France,Hardware,8663,9680,9209
2024-05-01,17,Other,Interest Expense,France,Hardware,-21059,-22586,-21667
2024-05-01,18,Other,FX Gain/(Loss),France,Hardware,11245,12100,12126
2024-05-01,19,Other,Other Income/(Expense),France,Hardware,15116,16133,15932
2024-05-01,20,Other,Income Tax,France,Hardware,-66171,-72597,-70962
2024-05-01,1,Revenue,Product Revenue,Germany,Software,780075,872446,859889
2024-05-01,2,Revenue,Subscription Revenue,Germany,Software,586516,654335,663146
2024-05-01,3,Revenue,Service Revenue,Germany,Software,347221,381695,385677
2024-05-01,4,Revenue,Support & Maintenance,Germany,Software,177594,196300,186382
2024-05-01,5,COGS,Direct Materials,Germany,Software,-294790,-314589,-313177
2024-05-01,6,COGS,Direct Labor,Germany,Software,-254879,-290390,-285151
2024-05-01,7,COGS,Cloud & Hosting,Germany,Software,-128468,-145195,-139493
2024-05-01,8,COGS,Support Delivery,Germany,Software,-98857,-108896,-103455
2024-05-01,9,Operating Expenses,Sales,Germany,Software,-199063,-217792,-208020
2024-05-01,10,Operating Expenses,Marketing,Germany,Software,-163371,-181494,-172297
2024-05-01,11,Operating Expenses,Research & Development,Germany,Software,-234541,-266191,-257732
2024-05-01,12,Operating Expenses,General & Administrative,Germany,Software,-138560,-157295,-158051
2024-05-01,13,Operating Expenses,IT & Systems,Germany,Software,-78261,-84697,-85344
2024-05-01,14,Operating Expenses,Facilities & Rent,Germany,Software,-63827,-72597,-73076
2024-05-01,15,Operating Expenses,Depreciation & Amort.,Germany,Software,-60967,-66548,-64834
2024-05-01,16,Other,Interest Income,Germany,Software,13120,14519,14291
2024-05-01,17,Other,Interest Expense,Germany,Software,-31476,-33879,-34138
2024-05-01,18,Other,FX Gain/(Loss),Germany,Software,16300,18149,17312
2024-05-01,19,Other,Other Income/(Expense),Germany,Software,21996,24199,24447
2024-05-01,20,Other,Income Tax,Germany,Software,-101769,-108896,-109893
2024-05-01,1,Revenue,Product Revenue,Germany,Services,469097,523468,503569
2024-05-01,2,Revenue,Subscription Revenue,Germany,Services,344344,392601,381853
2024-05-01,3,Revenue,Service Revenue,Germany,Services,203419,229017,223610
2024-05-01,4,Revenue,Support & Maintenance,Germany,Services,104065,117780,113046
2024-05-01,5,COGS,Direct Materials,Germany,Services,-166102,-188753,-191708
2024-05-01,6,COGS,Direct Labor,Germany,Services,-162295,-174234,-169332
2024-05-01,7,COGS,Cloud & Hosting,Germany,Services,-76543,-87117,-85549
2024-05-01,8,COGS,Support Delivery,Germany,Services,-58190,-65338,-65148
2024-05-01,9,Operating Expenses,Sales,Germany,Services,-116562,-130675,-132101
2024-05-01,10,Operating Expenses,Marketing,Germany,Services,-96837,-108896,-106646
2024-05-01,11,Operating Expenses,Research & Development,Germany,Services,-149179,-159714,-159932
2024-05-01,12,Operating Expenses,General & Administrative,Germany,Services,-86969,-94377,-91392
2024-05-01,13,Operating Expenses,IT & Systems,Germany,Services,-44787,-50818,-47922
2024-05-01,14,Operating Expenses,Facilities & Rent,Germany,Services,-39982,-43558,-42369
2024-05-01,15,Operating Expenses,Depreciation & Amort.,Germany,Services,-36348,-39929,-37724
2024-05-01,16,Other,Interest Income,Germany,Services,7714,8712,8463
2024-05-01,17,Other,Interest Expense,Germany,Services,-18160,-20327,-19463
2024-05-01,18,Other,FX Gain/(Loss),Germany,Services,10139,10890,11035
2024-05-01,19,Other,Other Income/(Expense),Germany,Services,13578,14519,13716
2024-05-01,20,Other,Income Tax,Germany,Services,-57286,-65338,-65861
2024-05-01,1,Revenue,Product Revenue,Germany,Hardware,621207,697957,711200
2024-05-01,2,Revenue,Subscription Revenue,Germany,Hardware,485636,523468,508947
2024-05-01,3,Revenue,Service Revenue,Germany,Hardware,279228,305356,289126
2024-05-01,4,Revenue,Support & Maintenance,Germany,Hardware,140587,157040,159147
2024-05-01,5,COGS,Direct Materials,Germany,Hardware,-234886,-251671,-249004
2024-05-01,6,COGS,Direct Labor,Germany,Hardware,-208969,-232312,-222089
2024-05-01,7,COGS,Cloud & Hosting,Germany,Hardware,-108385,-116156,-115908
2024-05-01,8,COGS,Support Delivery,Germany,Hardware,-77617,-87117,-84179
2024-05-01,9,Operating Expenses,Sales,Germany,Hardware,-152953,-174234,-170081
2024-05-01,10,Operating Expenses,Marketing,Germany,Hardware,-132260,-145195,-145384
2024-05-01,11,Operating Expenses,Research & Development,Germany,Hardware,-195850,-212953,-201435
2024-05-01,12,Operating Expenses,General & Administrative,Germany,Hardware,-117989,-125836,-125304
2024-05-01,13,Operating Expenses,IT & Systems,Germany,Hardware,-59342,-67758,-68590
2024-05-01,14,Operating Expenses,Facilities & Rent,Germany,Hardware,-52131,-58078,-58173
2024-05-01,15,Operating Expenses,Depreciation & Amort.,Germany,Hardware,-47243,-53238,-50953
2024-05-01,16,Other,Interest Income,Germany,Hardware,10302,11616,11649
2024-05-01,17,Other,Interest Expense,Germany,Hardware,-24216,-27103,-26672
2024-05-01,18,Other,FX Gain/(Loss),Germany,Hardware,-13079,-14519,-13839
2024-05-01,19,Other,Other Income/(Expense),Germany,Hardware,-17617,-19359,-18784
2024-05-01,20,Other,Income Tax,Germany,Hardware,-81985,-87117,-87685
2024-05-01,1,Revenue,Product Revenue,United Kingdom,Software,602565,654335,635541
2024-05-01,2,Revenue,Subscription Revenue,United Kingdom,Software,445317,490751,473985
2024-05-01,3,Revenue,Service Revenue,United Kingdom,Software,268471,286271,273341
2024-05-01,4,Revenue,Support & Maintenance,United Kingdom,Software,136977,147225,143679
2024-05-01,5,COGS,Direct Materials,United Kingdom,Software,-214386,-235942,-238949
2024-05-01,6,COGS,Direct Labor,United Kingdom,Software,-204331,-217792,-217838
2024-05-01,7,COGS,Cloud & Hosting,United Kingdom,Software,-98039,-108896,-109548
2024-05-01,8,COGS,Support Delivery,United Kingdom,Software,-73580,-81672,-80169
2024-05-01,9,Operating Expenses,Sales,United Kingdom,Software,-147227,-163344,-158358
2024-05-01,10,Operating Expenses,Marketing,United Kingdom,Software,-125530,-136120,-134805
2024-05-01,11,Operating Expenses,Research & Development,United Kingdom,Software,-181094,-199643,-202259
2024-05-01,12,Operating Expenses,General & Administrative,United Kingdom,Software,-105442,-117971,-118573
2024-05-01,13,Operating Expenses,IT & Systems,United Kingdom,Software,-58811,-63523,-60666
2024-05-01,14,Operating Expenses,Facilities & Rent,United Kingdom,Software,-50830,-54448,-54829
2024-05-01,15,Operating Expenses,Depreciation & Amort.,United Kingdom,Software,-45743,-49911,-48509
2024-05-01,16,Other,Interest Income,United Kingdom,Software,10262,10890,10438
2024-05-01,17,Other,Interest Expense,United Kingdom,Software,-23171,-25409,-24204
2024-05-01,18,Other,FX Gain/(Loss),United Kingdom,Software,12768,13612,13229
2024-05-01,19,Other,Other Income/(Expense),United Kingdom,Software,16416,18149,17971
2024-05-01,20,Other,Income Tax,United Kingdom,Software,-73574,-81672,-83007
2024-05-01,1,Revenue,Product Revenue,United Kingdom,Services,353732,392601,395394
2024-05-01,2,Revenue,Subscription Revenue,United Kingdom,Services,264134,294451,299468
2024-05-01,3,Revenue,Service Revenue,United Kingdom,Services,157271,171763,168994
2024-05-01,4,Revenue,Support & Maintenance,United Kingdom,Services,81460,88335,87417
2024-05-01,5,COGS,Direct Materials,United Kingdom,Services,-128843,-141565,-141291
2024-05-01,6,COGS,Direct Labor,United Kingdom,Services,-115831,-130675,-124606
2024-05-01,7,COGS,Cloud & Hosting,United Kingdom,Services,-58944,-65338,-66287
2024-05-01,8,COGS,Support Delivery,United Kingdom,Services,-46201,-49003,-48478
2024-05-01,9,Operating Expenses,Sales,United Kingdom,Services,-90450,-98007,-94907
2024-05-01,10,Operating Expenses,Marketing,United Kingdom,Services,-77273,-81672,-78647
2024-05-01,11,Operating Expenses,Research & Development,United Kingdom,Services,-108413,-119786,-114496
2024-05-01,12,Operating Expenses,General & Administrative,United Kingdom,Services,-64778,-70783,-71705
2024-05-01,13,Operating Expenses,IT & Systems,United Kingdom,Services,-35582,-38114,-36617
2024-05-01,14,Operating Expenses,Facilities & Rent,United Kingdom,Services,-30207,-32669,-33248
2024-05-01,15,Operating Expenses,Depreciation & Amort.,United Kingdom,Services,-26306,-29946,-29958
2024-05-01,16,Other,Interest Income,United Kingdom,Services,5979,6534,6474
2024-05-01,17,Other,Interest Expense,United Kingdom,Services,-14267,-15245,-15189
2024-05-01,18,Other,FX Gain/(Loss),United Kingdom,Services,7264,8167,8064
2024-05-01,19,Other,Other Income/(Expense),United Kingdom,Services,10114,10890,10501
2024-05-01,20,Other,Income Tax,United Kingdom,Services,-45635,-49003,-47773
2024-05-01,1,Revenue,Product Revenue,United Kingdom,Hardware,473510,523468,508000
2024-05-01,2,Revenue,Subscription Revenue,United Kingdom,Hardware,346334,392601,374370
2024-05-01,3,Revenue,Service Revenue,United Kingdom,Hardware,203695,229017,221650
2024-05-01,4,Revenue,Support & Maintenance,United Kingdom,Hardware,107928,117780,114181
2024-05-01,5,COGS,Direct Materials,United Kingdom,Hardware,-175216,-188753,-190895
2024-05-01,6,COGS,Direct Labor,United Kingdom,Hardware,-161706,-174234,-168305
2024-05-01,7,COGS,Cloud & Hosting,United Kingdom,Hardware,-77775,-87117,-88138
2024-05-01,8,COGS,Support Delivery,United Kingdom,Hardware,-58416,-65338,-62394
2024-05-01,9,Operating Expenses,Sales,United Kingdom,Hardware,-115646,-130675,-127552
2024-05-01,10,Operating Expenses,Marketing,United Kingdom,Hardware,-95354,-108896,-105174
2024-05-01,11,Operating Expenses,Research & Development,United Kingdom,Hardware,-144478,-159714,-161763
2024-05-01,12,Operating Expenses,General & Administrative,United Kingdom,Hardware,-87171,-94377,-94507
2024-05-01,13,Operating Expenses,IT & Systems,United Kingdom,Hardware,-44658,-50818,-48445
2024-05-01,14,Operating Expenses,Facilities & Rent,United Kingdom,Hardware,-39165,-43558,-41338
2024-05-01,15,Operating Expenses,Depreciation & Amort.,United Kingdom,Hardware,-37508,-39929,-38866
2024-05-01,16,Other,Interest Income,United Kingdom,Hardware,8218,8712,8563
2024-05-01,17,Other,Interest Expense,United Kingdom,Hardware,-18155,-20327,-19957
2024-05-01,18,Other,FX Gain/(Loss),United Kingdom,Hardware,9871,10890,10650
2024-05-01,19,Other,Other Income/(Expense),United Kingdom,Hardware,13161,14519,13857
2024-05-01,20,Other,Income Tax,United Kingdom,Hardware,-59611,-65338,-66382
2024-05-01,1,Revenue,Product Revenue,Spain,Software,409711,436223,443871
2024-05-01,2,Revenue,Subscription Revenue,Spain,Software,299538,327167,322070
2024-05-01,3,Revenue,Service Revenue,Spain,Software,167483,190848,192287
2024-05-01,4,Revenue,Support & Maintenance,Spain,Software,86905,98150,93752
2024-05-01,5,COGS,Direct Materials,Spain,Software,-145646,-157295,-154974
2024-05-01,6,COGS,Direct Labor,Spain,Software,-133020,-145195,-136696
2024-05-01,7,COGS,Cloud & Hosting,Spain,Software,-67133,-72597,-73179
2024-05-01,8,COGS,Support Delivery,Spain,Software,-50354,-54448,-52179
2024-05-01,9,Operating Expenses,Sales,Spain,Software,-102429,-108896,-109542
2024-05-01,10,Operating Expenses,Marketing,Spain,Software,-83468,-90747,-86433
2024-05-01,11,Operating Expenses,Research & Development,Spain,Software,-118479,-133095,-128926
2024-05-01,12,Operating Expenses,General & Administrative,Spain,Software,-72703,-78647,-77492
2024-05-01,13,Operating Expenses,IT & Systems,Spain,Software,-38821,-42349,-39901
2024-05-01,14,Operating Expenses,Facilities & Rent,Spain,Software,-32276,-36299,-36405
2024-05-01,15,Operating Expenses,Depreciation & Amort.,Spain,Software,-31074,-33274,-33855
2024-05-01,16,Other,Interest Income,Spain,Software,6785,7260,7003
2024-05-01,17,Other,Interest Expense,Spain,Software,-15333,-16939,-16019
2024-05-01,18,Other,FX Gain/(Loss),Spain,Software,8022,9075,8599
2024-05-01,19,Other,Other Income/(Expense),Spain,Software,11340,12100,11464
2024-05-01,20,Other,Income Tax,Spain,Software,-49108,-54448,-52346
2024-05-01,1,Revenue,Product Revenue,Spain,Services,232318,261734,255314
2024-05-01,2,Revenue,Subscription Revenue,Spain,Services,177591,196300,189307
2024-05-01,3,Revenue,Service Revenue,Spain,Services,104528,114509,110216
2024-05-01,4,Revenue,Support & Maintenance,Spain,Services,52491,58890,58900
2024-05-01,5,COGS,Direct Materials,Spain,Services,-84957,-94377,-93485
2024-05-01,6,COGS,Direct Labor,Spain,Services,-79960,-87117,-84698
2024-05-01,7,COGS,Cloud & Hosting,Spain,Services,-40185,-43558,-44245
2024-05-01,8,COGS,Support Delivery,Spain,Services,-30326,-32669,-32188
2024-05-01,9,Operating Expenses,Sales,Spain,Services,-60688,-65338,-61783
2024-05-01,10,Operating Expenses,Marketing,Spain,Services,-50761,-54448,-53343
2024-05-01,11,Operating Expenses,Research & Development,Spain,Services,-70979,-79857,-80542
2024-05-01,12,Operating Expenses,General & Administrative,Spain,Services,-42107,-47188,-45065
2024-05-01,13,Operating Expenses,IT & Systems,Spain,Services,-23911,-25409,-24485
2024-05-01,14,Operating Expenses,Facilities & Rent,Spain,Services,-19751,-21779,-21354
2024-05-01,15,Operating Expenses,Depreciation & Amort.,Spain,Services,-18400,-19964,-19429
2024-05-01,16,Other,Interest Income,Spain,Services,3815,4356,4372
2024-05-01,17,Other,Interest Expense,Spain,Services,-9231,-10164,-9881
2024-05-01,18,Other,FX Gain/(Loss),Spain,Services,-5065,-5445,-5392
2024-05-01,19,Other,Other Income/(Expense),Spain,Services,-6403,-7260,-6920
2024-05-01,20,Other,Income Tax,Spain,Services,-28932,-32669,-31216
2024-05-01,1,Revenue,Product Revenue,Spain,Hardware,309167,348978,344523
2024-05-01,2,Revenue,Subscription Revenue,Spain,Hardware,243499,261734,247725
2024-05-01,3,Revenue,Service Revenue,Spain,Hardware,138585,152678,150293
2024-05-01,4,Revenue,Support & Maintenance,Spain,Hardware,69063,78520,79203
2024-05-01,5,COGS,Direct Materials,Spain,Hardware,-110468,-125836,-121200
2024-05-01,6,COGS,Direct Labor,Spain,Hardware,-109602,-116156,-116473
2024-05-01,7,COGS,Cloud & Hosting,Spain,Hardware,-52949,-58078,-55057
2024-05-01,8,COGS,Support Delivery,Spain,Hardware,-38823,-43558,-43285
2024-05-01,9,Operating Expenses,Sales,Spain,Hardware,-78687,-87117,-86449
2024-05-01,10,Operating Expenses,Marketing,Spain,Hardware,-65284,-72597,-71306
2024-05-01,11,Operating Expenses,Research & Development,Spain,Hardware,-96319,-106476,-104040
2024-05-01,12,Operating Expenses,General & Administrative,Spain,Hardware,-58985,-62918,-63170
2024-05-01,13,Operating Expenses,IT & Systems,Spain,Hardware,-30258,-33879,-33064
2024-05-01,14,Operating Expenses,Facilities & Rent,Spain,Hardware,-25674,-29039,-28548
2024-05-01,15,Operating Expenses,Depreciation & Amort.,Spain,Hardware,-23321,-26619,-26152
2024-05-01,16,Other,Interest Income,Spain,Hardware,5155,5808,5874
2024-05-01,17,Other,Interest Expense,Spain,Hardware,-11997,-13552,-13614
2024-05-01,18,Other,FX Gain/(Loss),Spain,Hardware,-6622,-7260,-6885
2024-05-01,19,Other,Other Income/(Expense),Spain,Hardware,8634,9680,9727
2024-05-01,20,Other,Income Tax,Spain,Hardware,-40658,-43558,-43805
2024-05-01,1,Revenue,Product Revenue,Italy,Software,445969,508927,486265
2024-05-01,2,Revenue,Subscription Revenue,Italy,Software,356428,381695,373004
2024-05-01,3,Revenue,Service Revenue,Italy,Software,198055,222656,221195
2024-05-01,4,Revenue,Support & Maintenance,Italy,Software,106036,114509,109093
2024-05-01,5,COGS,Direct Materials,Italy,Software,-170731,-183510,-185374
2024-05-01,6,COGS,Direct Labor,Italy,Software,-151768,-169394,-160381
2024-05-01,7,COGS,Cloud & Hosting,Italy,Software,-76081,-84697,-86127
2024-05-01,8,COGS,Support Delivery,Italy,Software,-57212,-63523,-63276
2024-05-01,9,Operating Expenses,Sales,Italy,Software,-115953,-127046,-126970
2024-05-01,10,Operating Expenses,Marketing,Italy,Software,-96741,-105871,-102415
2024-05-01,11,Operating Expenses,Research & Development,Italy,Software,-138596,-155278,-158176
2024-05-01,12,Operating Expenses,General & Administrative,Italy,Software,-86061,-91755,-91267
2024-05-01,13,Operating Expenses,IT & Systems,Italy,Software,-46102,-49407,-46925
2024-05-01,14,Operating Expenses,Facilities & Rent,Italy,Software,-39813,-42349,-42225
2024-05-01,15,Operating Expenses,Depreciation & Amort.,Italy,Software,-35753,-38819,-38262
2024-05-01,16,Other,Interest Income,Italy,Software,7600,8470,8406
2024-05-01,17,Other,Interest Expense,Italy,Software,-17808,-19763,-19174
2024-05-01,18,Other,FX Gain/(Loss),Italy,Software,9441,10587,10767
2024-05-01,19,Other,Other Income/(Expense),Italy,Software,-12688,-14116,-13389
2024-05-01,20,Other,Income Tax,Italy,Software,-56531,-63523,-62253
2024-05-01,1,Revenue,Product Revenue,Italy,Services,269886,305356,308685
2024-05-01,2,Revenue,Subscription Revenue,Italy,Services,207662,229017,221738
2024-05-01,3,Revenue,Service Revenue,Italy,Services,120855,133593,126533
2024-05-01,4,Revenue,Support & Maintenance,Italy,Services,61585,68705,65873
2024-05-01,5,COGS,Direct Materials,Italy,Services,-101496,-110106,-108125
2024-05-01,6,COGS,Direct Labor,Italy,Services,-93730,-101636,-102791
2024-05-01,7,COGS,Cloud & Hosting,Italy,Services,-47788,-50818,-50578
2024-05-01,8,COGS,Support Delivery,Italy,Services,-35446,-38114,-36079
2024-05-01,9,Operating Expenses,Sales,Italy,Services,-69714,-76227,-77060
2024-05-01,10,Operating Expenses,Marketing,Italy,Services,-58259,-63523,-62649
2024-05-01,11,Operating Expenses,Research & Development,Italy,Services,-87933,-93167,-91541
2024-05-01,12,Operating Expenses,General & Administrative,Italy,Services,-50933,-55053,-52283
2024-05-01,13,Operating Expenses,IT & Systems,Italy,Services,-27838,-29644,-28836
2024-05-01,14,Operating Expenses,Facilities & Rent,Italy,Services,-23412,-25409,-24362
2024-05-01,15,Operating Expenses,Depreciation & Amort.,Italy,Services,-21741,-23292,-22008
2024-05-01,16,Other,Interest Income,Italy,Services,4459,5082,4895
2024-05-01,17,Other,Interest Expense,Italy,Services,-11181,-11858,-11702
2024-05-01,18,Other,FX Gain/(Loss),Italy,Services,-5813,-6352,-6245
2024-05-01,19,Other,Other Income/(Expense),Italy,Services,7441,8470,8207
2024-05-01,20,Other,Income Tax,Italy,Services,-33877,-38114,-37392
2024-05-01,1,Revenue,Product Revenue,Italy,Hardware,382014,407142,398116
2024-05-01,2,Revenue,Subscription Revenue,Italy,Hardware,278350,305356,298137
2024-05-01,3,Revenue,Service Revenue,Italy,Hardware,162663,178124,180846
2024-05-01,4,Revenue,Support & Maintenance,Italy,Hardware,84653,91607,88272
2024-05-01,5,COGS,Direct Materials,Italy,Hardware,-129542,-146808,-145564
2024-05-01,6,COGS,Direct Labor,Italy,Hardware,-127194,-135515,-134974
2024-05-01,7,COGS,Cloud & Hosting,Italy,Hardware,-61565,-67758,-66074
2024-05-01,8,COGS,Support Delivery,Italy,Hardware,-46206,-50818,-51634
2024-05-01,9,Operating Expenses,Sales,Italy,Hardware,-94864,-101636,-103141
2024-05-01,10,Operating Expenses,Marketing,Italy,Hardware,-74997,-84697,-84351
2024-05-01,11,Operating Expenses,Research & Development,Italy,Hardware,-115533,-124222,-120502
2024-05-01,12,Operating Expenses,General & Administrative,Italy,Hardware,-64663,-73404,-73851
2024-05-01,13,Operating Expenses,IT & Systems,Italy,Hardware,-35734,-39525,-39707
2024-05-01,14,Operating Expenses,Facilities & Rent,Italy,Hardware,-30736,-33879,-32296
2024-05-01,15,Operating Expenses,Depreciation & Amort.,Italy,Hardware,-28354,-31056,-30403
2024-05-01,16,Other,Interest Income,Italy,Hardware,5960,6776,6831
2024-05-01,17,Other,Interest Expense,Italy,Hardware,-13987,-15810,-15528
2024-05-01,18,Other,FX Gain/(Loss),Italy,Hardware,7591,8470,8374
2024-05-01,19,Other,Other Income/(Expense),Italy,Hardware,-10070,-11293,-11211
2024-05-01,20,Other,Income Tax,Italy,Hardware,-44775,-50818,-50615
2024-05-01,1,Revenue,Product Revenue,United States,Software,1069508,1163262,1136153
2024-05-01,2,Revenue,Subscription Revenue,United States,Software,783774,872446,825983
2024-05-01,3,Revenue,Service Revenue,United States,Software,455568,508927,490878
2024-05-01,4,Revenue,Support & Maintenance,United States,Software,229117,261734,260243
2024-05-01,5,COGS,Direct Materials,United States,Software,-394365,-419452,-400565
2024-05-01,6,COGS,Direct Labor,United States,Software,-357495,-387186,-376757
2024-05-01,7,COGS,Cloud & Hosting,United States,Software,-181834,-193593,-188200
2024-05-01,8,COGS,Support Delivery,United States,Software,-127797,-145195,-136722
2024-05-01,9,Operating Expenses,Sales,United States,Software,-270279,-290390,-287897
2024-05-01,10,Operating Expenses,Marketing,United States,Software,-224801,-241992,-242012
2024-05-01,11,Operating Expenses,Research & Development,United States,Software,-331394,-354921,-338718
2024-05-01,12,Operating Expenses,General & Administrative,United States,Software,-183914,-209726,-200789
2024-05-01,13,Operating Expenses,IT & Systems,United States,Software,-102625,-112929,-110396
2024-05-01,14,Operating Expenses,Facilities & Rent,United States,Software,-88190,-96797,-96905
2024-05-01,15,Operating Expenses,Depreciation & Amort.,United States,Software,-81255,-88730,-86501
2024-05-01,16,Other,Interest Income,United States,Software,17729,19359,18426
2024-05-01,17,Other,Interest Expense,United States,Software,-41425,-45172,-45799
2024-05-01,18,Other,FX Gain/(Loss),United States,Software,-21751,-24199,-23986
2024-05-01,19,Other,Other Income/(Expense),United States,Software,-29305,-32266,-32405
2024-05-01,20,Other,Income Tax,United States,Software,-128195,-145195,-136662
2024-05-01,1,Revenue,Product Revenue,United States,Services,650631,697957,710552
2024-05-01,2,Revenue,Subscription Revenue,United States,Services,491555,523468,499683
2024-05-01,3,Revenue,Service Revenue,United States,Services,268616,305356,304273
2024-05-01,4,Revenue,Support & Maintenance,United States,Services,141960,157040,156664
2024-05-01,5,COGS,Direct Materials,United States,Services,-227635,-251671,-245681
2024-05-01,6,COGS,Direct Labor,United States,Services,-211062,-232312,-234866
2024-05-01,7,COGS,Cloud & Hosting,United States,Services,-107784,-116156,-116628
2024-05-01,8,COGS,Support Delivery,United States,Services,-79420,-87117,-87797
2024-05-01,9,Operating Expenses,Sales,United States,Services,-155358,-174234,-171046
2024-05-01,10,Operating Expenses,Marketing,United States,Services,-136044,-145195,-138987
2024-05-01,11,Operating Expenses,Research & Development,United States,Services,-192719,-212953,-216985
2024-05-01,12,Operating Expenses,General & Administrative,United States,Services,-114525,-125836,-121049
2024-05-01,13,Operating Expenses,IT & Systems,United States,Services,-61321,-67758,-67619
2024-05-01,14,Operating Expenses,Facilities & Rent,United States,Services,-53927,-58078,-57740
2024-05-01,15,Operating Expenses,Depreciation & Amort.,United States,Services,-49941,-53238,-53226
2024-05-01,16,Other,Interest Income,United States,Services,10468,11616,11465
2024-05-01,17,Other,Interest Expense,United States,Services,-24702,-27103,-27192
2024-05-01,18,Other,FX Gain/(Loss),United States,Services,-13168,-14519,-14460
2024-05-01,19,Other,Other Income/(Expense),United States,Services,17640,19359,18635
2024-05-01,20,Other,Income Tax,United States,Services,-76923,-87117,-88171
2024-05-01,1,Revenue,Product Revenue,United States,Hardware,866849,930609,913950
2024-05-01,2,Revenue,Subscription Revenue,United States,Hardware,626525,697957,667862
2024-05-01,3,Revenue,Service Revenue,United States,Hardware,363895,407142,385961
2024-05-01,4,Revenue,Support & Maintenance,United States,Hardware,188131,209387,198331
2024-05-01,5,COGS,Direct Materials,United States,Hardware,-312005,-335562,-334711
2024-05-01,6,COGS,Direct Labor,United States,Hardware,-274202,-309749,-304174
2024-05-01,7,COGS,Cloud & Hosting,United States,Hardware,-142466,-154875,-146110
2024-05-01,8,COGS,Support Delivery,United States,Hardware,-106214,-116156,-111072
2024-05-01,9,Operating Expenses,Sales,United States,Hardware,-208327,-232312,-232670
2024-05-01,10,Operating Expenses,Marketing,United States,Hardware,-180593,-193593,-194997
2024-05-01,11,Operating Expenses,Research & Development,United States,Hardware,-259705,-283937,-286517
2024-05-01,12,Operating Expenses,General & Administrative,United States,Hardware,-147135,-167781,-163742
2024-05-01,13,Operating Expenses,IT & Systems,United States,Hardware,-84023,-90344,-90901
2024-05-01,14,Operating Expenses,Facilities & Rent,United States,Hardware,-68321,-77437,-75880
2024-05-01,15,Operating Expenses,Depreciation & Amort.,United States,Hardware,-66325,-70984,-71623
2024-05-01,16,Other,Interest Income,United States,Hardware,13593,15487,14756
2024-05-01,17,Other,Interest Expense,United States,Hardware,-32871,-36137,-35832
2024-05-01,18,Other,FX Gain/(Loss),United States,Hardware,17555,19359,19025
2024-05-01,19,Other,Other Income/(Expense),United States,Hardware,-22766,-25812,-24573
2024-05-01,20,Other,Income Tax,United States,Hardware,-104911,-116156,-112940
2024-05-01,1,Revenue,Product Revenue,Nordics,Software,338632,363519,347981
2024-05-01,2,Revenue,Subscription Revenue,Nordics,Software,248157,272639,272984
2024-05-01,3,Revenue,Service Revenue,Nordics,Software,140828,159040,160461
2024-05-01,4,Revenue,Support & Maintenance,Nordics,Software,74546,81792,80823
2024-05-01,5,COGS,Direct Materials,Nordics,Software,-123789,-131079,-130117
2024-05-01,6,COGS,Direct Labor,Nordics,Software,-112870,-120996,-120812
2024-05-01,7,COGS,Cloud & Hosting,Nordics,Software,-55614,-60498,-61147
2024-05-01,8,COGS,Support Delivery,Nordics,Software,-39969,-45373,-44089
2024-05-01,9,Operating Expenses,Sales,Nordics,Software,-85763,-90747,-86580
2024-05-01,10,Operating Expenses,Marketing,Nordics,Software,-68375,-75622,-76882
2024-05-01,11,Operating Expenses,Research & Development,Nordics,Software,-98413,-110913,-107762
2024-05-01,12,Operating Expenses,General & Administrative,Nordics,Software,-61682,-65539,-63380
2024-05-01,13,Operating Expenses,IT & Systems,Nordics,Software,-33401,-35290,-33355
2024-05-01,14,Operating Expenses,Facilities & Rent,Nordics,Software,-27034,-30249,-29099
2024-05-01,15,Operating Expenses,Depreciation & Amort.,Nordics,Software,-24888,-27728,-26927
2024-05-01,16,Other,Interest Income,Nordics,Software,5448,6050,6133
2024-05-01,17,Other,Interest Expense,Nordics,Software,-13257,-14116,-13709
2024-05-01,18,Other,FX Gain/(Loss),Nordics,Software,-6902,-7562,-7131
2024-05-01,19,Other,Other Income/(Expense),Nordics,Software,-8898,-10083,-9795
2024-05-01,20,Other,Income Tax,Nordics,Software,-40834,-45373,-45601
2024-05-01,1,Revenue,Product Revenue,Nordics,Services,200288,218112,217070
2024-05-01,2,Revenue,Subscription Revenue,Nordics,Services,149419,163584,162095
2024-05-01,3,Revenue,Service Revenue,Nordics,Services,84743,95424,94480
2024-05-01,4,Revenue,Support & Maintenance,Nordics,Services,45385,49075,48923
2024-05-01,5,COGS,Direct Materials,Nordics,Services,-69332,-78647,-74986
2024-05-01,6,COGS,Direct Labor,Nordics,Services,-64891,-72597,-70173
2024-05-01,7,COGS,Cloud & Hosting,Nordics,Services,-34154,-36299,-35220
2024-05-01,8,COGS,Support Delivery,Nordics,Services,-24422,-27224,-25804
2024-05-01,9,Operating Expenses,Sales,Nordics,Services,-49336,-54448,-51632
2024-05-01,10,Operating Expenses,Marketing,Nordics,Services,-39994,-45373,-42838
2024-05-01,11,Operating Expenses,Research & Development,Nordics,Services,-61992,-66548,-66723
2024-05-01,12,Operating Expenses,General & Administrative,Nordics,Services,-36366,-39324,-38640
2024-05-01,13,Operating Expenses,IT & Systems,Nordics,Services,-19100,-21174,-20980
2024-05-01,14,Operating Expenses,Facilities & Rent,Nordics,Services,-16733,-18149,-18199
2024-05-01,15,Operating Expenses,Depreciation & Amort.,Nordics,Services,-14646,-16637,-16467
2024-05-01,16,Other,Interest Income,Nordics,Services,3328,3630,3605
2024-05-01,17,Other,Interest Expense,Nordics,Services,-7946,-8470,-8131
2024-05-01,18,Other,FX Gain/(Loss),Nordics,Services,4128,4537,4604
2024-05-01,19,Other,Other Income/(Expense),Nordics,Services,-5600,-6050,-5744
2024-05-01,20,Other,Income Tax,Nordics,Services,-24734,-27224,-25991
2024-05-01,1,Revenue,Product Revenue,Nordics,Hardware,260203,290815,290429
2024-05-01,2,Revenue,Subscription Revenue,Nordics,Hardware,194042,218112,217837
2024-05-01,3,Revenue,Service Revenue,Nordics,Hardware,114026,127232,123743
2024-05-01,4,Revenue,Support & Maintenance,Nordics,Hardware,60186,65433,64079
2024-05-01,5,COGS,Direct Materials,Nordics,Hardware,-95246,-104863,-98891
2024-05-01,6,COGS,Direct Labor,Nordics,Hardware,-86798,-96797,-91111
2024-05-01,7,COGS,Cloud & Hosting,Nordics,Hardware,-45351,-48398,-46464
2024-05-01,8,COGS,Support Delivery,Nordics,Hardware,-33712,-36299,-36944
2024-05-01,9,Operating Expenses,Sales,Nordics,Hardware,-65824,-72597,-68764
2024-05-01,10,Operating Expenses,Marketing,Nordics,Hardware,-55162,-60498,-57757
2024-05-01,11,Operating Expenses,Research & Development,Nordics,Hardware,-79615,-88730,-86884
2024-05-01,12,Operating Expenses,General & Administrative,Nordics,Hardware,-47492,-52432,-49856
2024-05-01,13,Operating Expenses,IT & Systems,Nordics,Hardware,-25348,-28232,-27131
2024-05-01,14,Operating Expenses,Facilities & Rent,Nordics,Hardware,-22187,-24199,-23246
2024-05-01,15,Operating Expenses,Depreciation & Amort.,Nordics,Hardware,-20915,-22183,-22352
2024-05-01,16,Other,Interest Income,Nordics,Hardware,4323,4840,4602
2024-05-01,17,Other,Interest Expense,Nordics,Hardware,-9883,-11293,-10934
2024-05-01,18,Other,FX Gain/(Loss),Nordics,Hardware,-5370,-6050,-5957
2024-05-01,19,Other,Other Income/(Expense),Nordics,Hardware,-7437,-8066,-7832
2024-05-01,20,Other,Income Tax,Nordics,Hardware,-33386,-36299,-34906
2024-06-01,1,Revenue,Product Revenue,France,Software,655766,714408,681496
2024-06-01,2,Revenue,Subscription Revenue,France,Software,499491,535806,544142
2024-06-01,3,Revenue,Service Revenue,France,Software,283617,312554,294627
2024-06-01,4,Revenue,Support & Maintenance,France,Software,144239,160742,160293
2024-06-01,5,COGS,Direct Materials,France,Software,-231793,-262230,-252559
2024-06-01,6,COGS,Direct Labor,France,Software,-222687,-242058,-228425
2024-06-01,7,COGS,Cloud & Hosting,France,Software,-109024,-121029,-120735
2024-06-01,8,COGS,Support Delivery,France,Software,-82024,-90772,-85967
2024-06-01,9,Operating Expenses,Sales,France,Software,-161931,-181544,-182989
2024-06-01,10,Operating Expenses,Marketing,France,Software,-140025,-151286,-147829
2024-06-01,11,Operating Expenses,Research & Development,France,Software,-195475,-221887,-218445
2024-06-01,12,Operating Expenses,General & Administrative,France,Software,-118708,-131115,-125607
2024-06-01,13,Operating Expenses,IT & Systems,France,Software,-65021,-70600,-70813
2024-06-01,14,Operating Expenses,Facilities & Rent,France,Software,-56028,-60515,-61323
2024-06-01,15,Operating Expenses,Depreciation & Amort.,France,Software,-50499,-55472,-56129
2024-06-01,16,Other,Interest Income,France,Software,10819,12103,11580
2024-06-01,17,Other,Interest Expense,France,Software,-26487,-28240,-28250
2024-06-01,18,Other,FX Gain/(Loss),France,Software,13512,15129,14909
2024-06-01,19,Other,Other Income/(Expense),France,Software,17726,20172,20483
2024-06-01,20,Other,Income Tax,France,Software,-85467,-90772,-91964
2024-06-01,1,Revenue,Product Revenue,France,Services,402533,428645,433796
2024-06-01,2,Revenue,Subscription Revenue,France,Services,297215,321484,323072
2024-06-01,3,Revenue,Service Revenue,France,Services,166899,187532,183800
2024-06-01,4,Revenue,Support & Maintenance,France,Services,87872,96445,91231
2024-06-01,5,COGS,Direct Materials,France,Services,-139561,-157338,-149540
2024-06-01,6,COGS,Direct Labor,France,Services,-131028,-145235,-138155
2024-06-01,7,COGS,Cloud & Hosting,France,Services,-66970,-72617,-72938
2024-06-01,8,COGS,Support Delivery,France,Services,-50795,-54463,-55114
2024-06-01,9,Operating Expenses,Sales,France,Services,-101017,-108926,-103603
2024-06-01,10,Operating Expenses,Marketing,France,Services,-83114,-90772,-89322
2024-06-01,11,Operating Expenses,Research & Development,France,Services,-118181,-133132,-134327
2024-06-01,12,Operating Expenses,General & Administrative,France,Services,-74349,-78669,-77980
2024-06-01,13,Operating Expenses,IT & Systems,France,Services,-37282,-42360,-41187
2024-06-01,14,Operating Expenses,Facilities & Rent,France,Services,-33681,-36309,-34606
2024-06-01,15,Operating Expenses,Depreciation & Amort.,France,Services,-31007,-33283,-31879
2024-06-01,16,Other,Interest Income,France,Services,6438,7262,7176
2024-06-01,17,Other,Interest Expense,France,Services,-15641,-16944,-16218
2024-06-01,18,Other,FX Gain/(Loss),France,Services,8607,9077,8976
2024-06-01,19,Other,Other Income/(Expense),France,Services,-10884,-12103,-12034
2024-06-01,20,Other,Income Tax,France,Services,-49133,-54463,-55207
2024-06-01,1,Revenue,Product Revenue,France,Hardware,539990,571526,562672
2024-06-01,2,Revenue,Subscription Revenue,France,Hardware,389156,428645,436415
2024-06-01,3,Revenue,Service Revenue,France,Hardware,226332,250043,243203
2024-06-01,4,Revenue,Support & Maintenance,France,Hardware,114853,128593,128694
2024-06-01,5,COGS,Direct Materials,France,Hardware,-194432,-209784,-212957
2024-06-01,6,COGS,Direct Labor,France,Hardware,-175373,-193647,-190677
2024-06-01,7,COGS,Cloud & Hosting,France,Hardware,-85950,-96823,-98609
2024-06-01,8,COGS,Support Delivery,France,Hardware,-65121,-72617,-71999
2024-06-01,9,Operating Expenses,Sales,France,Hardware,-136411,-145235,-143391
2024-06-01,10,Operating Expenses,Marketing,France,Hardware,-108027,-121029,-119132
2024-06-01,11,Operating Expenses,Research & Development,France,Hardware,-157399,-177509,-168370
2024-06-01,12,Operating Expenses,General & Administrative,France,Hardware,-95126,-104892,-106464
2024-06-01,13,Operating Expenses,IT & Systems,France,Hardware,-51025,-56480,-56735
2024-06-01,14,Operating Expenses,Facilities & Rent,France,Hardware,-44247,-48412,-48561
2024-06-01,15,Operating Expenses,Depreciation & Amort.,France,Hardware,-39631,-44377,-42088
2024-06-01,16,Other,Interest Income,France,Hardware,8933,9682,9250
2024-06-01,17,Other,Interest Expense,France,Hardware,-20411,-22592,-21652
2024-06-01,18,Other,FX Gain/(Loss),France,Hardware,-10909,-12103,-12041
2024-06-01,19,Other,Other Income/(Expense),France,Hardware,-15172,-16137,-15286
2024-06-01,20,Other,Income Tax,France,Hardware,-63664,-72617,-71098
2024-06-01,1,Revenue,Product Revenue,Germany,Software,768486,857290,870209
2024-06-01,2,Revenue,Subscription Revenue,Germany,Software,591727,642967,633778
2024-06-01,3,Revenue,Service Revenue,Germany,Software,354184,375064,371262
2024-06-01,4,Revenue,Support & Maintenance,Germany,Software,171852,192890,193167
2024-06-01,5,COGS,Direct Materials,Germany,Software,-291587,-314676,-303517
2024-06-01,6,COGS,Direct Labor,Germany,Software,-264353,-290470,-292504
2024-06-01,7,COGS,Cloud & Hosting,Germany,Software,-137630,-145235,-138917
2024-06-01,8,COGS,Support Delivery,Germany,Software,-99701,-108926,-108695
2024-06-01,9,Operating Expenses,Sales,Germany,Software,-206317,-217852,-219655
2024-06-01,10,Operating Expenses,Marketing,Germany,Software,-164196,-181544,-176963
2024-06-01,11,Operating Expenses,Research & Development,Germany,Software,-241601,-266264,-252167
2024-06-01,12,Operating Expenses,General & Administrative,Germany,Software,-139552,-157338,-152849
2024-06-01,13,Operating Expenses,IT & Systems,Germany,Software,-78668,-84720,-84086
2024-06-01,14,Operating Expenses,Facilities & Rent,Germany,Software,-65192,-72617,-73198
2024-06-01,15,Operating Expenses,Depreciation & Amort.,Germany,Software,-62889,-66566,-66636
2024-06-01,16,Other,Interest Income,Germany,Software,12819,14523,14576
2024-06-01,17,Other,Interest Expense,Germany,Software,-32081,-33888,-33624
2024-06-01,18,Other,FX Gain/(Loss),Germany,Software,16536,18154,18291
2024-06-01,19,Other,Other Income/(Expense),Germany,Software,-22855,-24206,-24679
2024-06-01,20,Other,Income Tax,Germany,Software,-100262,-108926,-109814
2024-06-01,1,Revenue,Product Revenue,Germany,Services,479611,514374,504082
2024-06-01,2,Revenue,Subscription Revenue,Germany,Services,356685,385780,380474
2024-06-01,3,Revenue,Service Revenue,Germany,Services,198491,225039,218487
2024-06-01,4,Revenue,Support & Maintenance,Germany,Services,109446,115734,113593
2024-06-01,5,COGS,Direct Materials,Germany,Services,-168056,-188805,-179324
2024-06-01,6,COGS,Direct Labor,Germany,Services,-153976,-174282,-172057
2024-06-01,7,COGS,Cloud & Hosting,Germany,Services,-80219,-87141,-84398
2024-06-01,8,COGS,Support Delivery,Germany,Services,-59268,-65356,-65315
2024-06-01,9,Operating Expenses,Sales,Germany,Services,-120616,-130711,-126480
2024-06-01,10,Operating Expenses,Marketing,Germany,Services,-102508,-108926,-107002
2024-06-01,11,Operating Expenses,Research & Development,Germany,Services,-150155,-159758,-155325
2024-06-01,12,Operating Expenses,General & Administrative,Germany,Services,-87376,-94403,-93195
2024-06-01,13,Operating Expenses,IT & Systems,Germany,Services,-46966,-50832,-49532
2024-06-01,14,Operating Expenses,Facilities & Rent,Germany,Services,-40932,-43570,-43004
2024-06-01,15,Operating Expenses,Depreciation & Amort.,Germany,Services,-37071,-39940,-39121
2024-06-01,16,Other,Interest Income,Germany,Services,8108,8714,8514
2024-06-01,17,Other,Interest Expense,Germany,Services,-19158,-20333,-19912
2024-06-01,18,Other,FX Gain/(Loss),Germany,Services,-9826,-10893,-10697
2024-06-01,19,Other,Other Income/(Expense),Germany,Services,-13122,-14523,-14752
2024-06-01,20,Other,Income Tax,Germany,Services,-60614,-65356,-66525
2024-06-01,1,Revenue,Product Revenue,Germany,Hardware,614296,685832,693076
2024-06-01,2,Revenue,Subscription Revenue,Germany,Hardware,479724,514374,493218
2024-06-01,3,Revenue,Service Revenue,Germany,Hardware,275973,300051,296558
2024-06-01,4,Revenue,Support & Maintenance,Germany,Hardware,136826,154312,147585
2024-06-01,5,COGS,Direct Materials,Germany,Hardware,-225855,-251741,-239656
2024-06-01,6,COGS,Direct Labor,Germany,Hardware,-214880,-232376,-236343
2024-06-01,7,COGS,Cloud & Hosting,Germany,Hardware,-109359,-116188,-111830
2024-06-01,8,COGS,Support Delivery,Germany,Hardware,-81227,-87141,-87480
2024-06-01,9,Operating Expenses,Sales,Germany,Hardware,-159929,-174282,-164648
2024-06-01,10,Operating Expenses,Marketing,Germany,Hardware,-137724,-145235,-144470
2024-06-01,11,Operating Expenses,Research & Development,Germany,Hardware,-197240,-213011,-202812
2024-06-01,12,Operating Expenses,General & Administrative,Germany,Hardware,-113602,-125870,-123737
2024-06-01,13,Operating Expenses,IT & Systems,Germany,Hardware,-60989,-67776,-64435
2024-06-01,14,Operating Expenses,Facilities & Rent,Germany,Hardware,-53072,-58094,-57790
2024-06-01,15,Operating Expenses,Depreciation & Amort.,Germany,Hardware,-50022,-53253,-50972
2024-06-01,16,Other,Interest Income,Germany,Hardware,10866,11619,11480
2024-06-01,17,Other,Interest Expense,Germany,Hardware,-25472,-27111,-26291
2024-06-01,18,Other,FX Gain/(Loss),Germany,Hardware,-13174,-14523,-14139
2024-06-01,19,Other,Other Income/(Expense),Germany,Hardware,-18040,-19365,-19304
2024-06-01,20,Other,Income Tax,Germany,Hardware,-77306,-87141,-82645
2024-06-01,1,Revenue,Product Revenue,United Kingdom,Software,606277,642967,650879
2024-06-01,2,Revenue,Subscription Revenue,United Kingdom,Software,428770,482225,488512
2024-06-01,3,Revenue,Service Revenue,United Kingdom,Software,256356,281298,275040
2024-06-01,4,Revenue,Support & Maintenance,United Kingdom,Software,131903,144668,142634
2024-06-01,5,COGS,Direct Materials,United Kingdom,Software,-216439,-236007,-237334
2024-06-01,6,COGS,Direct Labor,United Kingdom,Software,-202392,-217852,-205815
2024-06-01,7,COGS,Cloud & Hosting,United Kingdom,Software,-97393,-108926,-108778
2024-06-01,8,COGS,Support Delivery,United Kingdom,Software,-75368,-81695,-80309
2024-06-01,9,Operating Expenses,Sales,United Kingdom,Software,-152088,-163389,-157213
2024-06-01,10,Operating Expenses,Marketing,United Kingdom,Software,-119934,-136158,-136148
2024-06-01,11,Operating Expenses,Research & Development,United Kingdom,Software,-175049,-199698,-190284
2024-06-01,12,Operating Expenses,General & Administrative,United Kingdom,Software,-106709,-118003,-113228
2024-06-01,13,Operating Expenses,IT & Systems,United Kingdom,Software,-55645,-63540,-63350
2024-06-01,14,Operating Expenses,Facilities & Rent,United Kingdom,Software,-51142,-54463,-51504
2024-06-01,15,Operating Expenses,Depreciation & Amort.,United Kingdom,Software,-44954,-49925,-47094
2024-06-01,16,Other,Interest Income,United Kingdom,Software,10034,10893,10985
2024-06-01,17,Other,Interest Expense,United Kingdom,Software,-22695,-25416,-25364
2024-06-01,18,Other,FX Gain/(Loss),United Kingdom,Software,-12537,-13616,-12954
2024-06-01,19,Other,Other Income/(Expense),United Kingdom,Software,16542,18154,17512
2024-06-01,20,Other,Income Tax,United Kingdom,Software,-72356,-81695,-77967
2024-06-01,1,Revenue,Product Revenue,United Kingdom,Services,365688,385780,389170
2024-06-01,2,Revenue,Subscription Revenue,United Kingdom,Services,262111,289335,289235
2024-06-01,3,Revenue,Service Revenue,United Kingdom,Services,159113,168779,159650
2024-06-01,4,Revenue,Support & Maintenance,United Kingdom,Services,77110,86801,83263
2024-06-01,5,COGS,Direct Materials,United Kingdom,Services,-125805,-141604,-144202
2024-06-01,6,COGS,Direct Labor,United Kingdom,Services,-115099,-130711,-129124
2024-06-01,7,COGS,Cloud & Hosting,United Kingdom,Services,-57405,-65356,-63842
2024-06-01,8,COGS,Support Delivery,United Kingdom,Services,-43304,-49017,-48415
2024-06-01,9,Operating Expenses,Sales,United Kingdom,Services,-90831,-98034,-95930
2024-06-01,10,Operating Expenses,Marketing,United Kingdom,Services,-75825,-81695,-80454
2024-06-01,11,Operating Expenses,Research & Development,United Kingdom,Services,-109904,-119819,-116029
2024-06-01,12,Operating Expenses,General & Administrative,United Kingdom,Services,-63857,-70802,-69830
2024-06-01,13,Operating Expenses,IT & Systems,United Kingdom,Services,-34846,-38124,-36207
2024-06-01,14,Operating Expenses,Facilities & Rent,United Kingdom,Services,-30749,-32678,-31035
2024-06-01,15,Operating Expenses,Depreciation & Amort.,United Kingdom,Services,-28322,-29955,-29784
2024-06-01,16,Other,Interest Income,United Kingdom,Services,6004,6536,6282
2024-06-01,17,Other,Interest Expense,United Kingdom,Services,-14125,-15250,-15081
2024-06-01,18,Other,FX Gain/(Loss),United Kingdom,Services,-7230,-8169,-7993
2024-06-01,19,Other,Other Income/(Expense),United Kingdom,Services,10243,10893,10628
2024-06-01,20,Other,Income Tax,United Kingdom,Services,-45855,-49017,-46154
2024-06-01,1,Revenue,Product Revenue,United Kingdom,Hardware,456447,514374,504350
2024-06-01,2,Revenue,Subscription Revenue,United Kingdom,Hardware,359862,385780,373392
2024-06-01,3,Revenue,Service Revenue,United Kingdom,Hardware,208764,225039,218960
2024-06-01,4,Revenue,Support & Maintenance,United Kingdom,Hardware,104336,115734,110241
2024-06-01,5,COGS,Direct Materials,United Kingdom,Hardware,-170928,-188805,-180252
2024-06-01,6,COGS,Direct Labor,United Kingdom,Hardware,-153830,-174282,-170611
2024-06-01,7,COGS,Cloud & Hosting,United Kingdom,Hardware,-81348,-87141,-82392
2024-06-01,8,COGS,Support Delivery,United Kingdom,Hardware,-59208,-65356,-66099
2024-06-01,9,Operating Expenses,Sales,United Kingdom,Hardware,-123214,-130711,-129736
2024-06-01,10,Operating Expenses,Marketing,United Kingdom,Hardware,-97832,-108926,-105617
2024-06-01,11,Operating Expenses,Research & Development,United Kingdom,Hardware,-141512,-159758,-157117
2024-06-01,12,Operating Expenses,General & Administrative,United Kingdom,Hardware,-86315,-94403,-91157
2024-06-01,13,Operating Expenses,IT & Systems,United Kingdom,Hardware,-47974,-50832,-50586
2024-06-01,14,Operating Expenses,Facilities & Rent,United Kingdom,Hardware,-38384,-43570,-42646
2024-06-01,15,Operating Expenses,Depreciation & Amort.,United Kingdom,Hardware,-37724,-39940,-38232
2024-06-01,16,Other,Interest Income,United Kingdom,Hardware,7847,8714,8292
2024-06-01,17,Other,Interest Expense,United Kingdom,Hardware,-17869,-20333,-19502
2024-06-01,18,Other,FX Gain/(Loss),United Kingdom,Hardware,9901,10893,10267
2024-06-01,19,Other,Other Income/(Expense),United Kingdom,Hardware,-12985,-14523,-14282
2024-06-01,20,Other,Income Tax,United Kingdom,Hardware,-60713,-65356,-64185
2024-06-01,1,Revenue,Product Revenue,Spain,Software,392325,428645,428403
2024-06-01,2,Revenue,Subscription Revenue,Spain,Software,282623,321484,304725
2024-06-01,3,Revenue,Service Revenue,Spain,Software,167105,187532,183063
2024-06-01,4,Revenue,Support & Maintenance,Spain,Software,88724,96445,96831
2024-06-01,5,COGS,Direct Materials,Spain,Software,-145390,-157338,-156332
2024-06-01,6,COGS,Direct Labor,Spain,Software,-127695,-145235,-144895
2024-06-01,7,COGS,Cloud & Hosting,Spain,Software,-64333,-72617,-72376
2024-06-01,8,COGS,Support Delivery,Spain,Software,-49345,-54463,-52576
2024-06-01,9,Operating Expenses,Sales,Spain,Software,-101916,-108926,-108649
2024-06-01,10,Operating Expenses,Marketing,Spain,Software,-84540,-90772,-90955
2024-06-01,11,Operating Expenses,Research & Development,Spain,Software,-120953,-133132,-133533
2024-06-01,12,Operating Expenses,General & Administrative,Spain,Software,-71110,-78669,-77990
2024-06-01,13,Operating Expenses,IT & Systems,Spain,Software,-37917,-42360,-42207
2024-06-01,14,Operating Expenses,Facilities & Rent,Spain,Software,-31853,-36309,-35966
2024-06-01,15,Operating Expenses,Depreciation & Amort.,Spain,Software,-30496,-33283,-32868
2024-06-01,16,Other,Interest Income,Spain,Software,6752,7262,7119
2024-06-01,17,Other,Interest Expense,Spain,Software,-14961,-16944,-16507
2024-06-01,18,Other,FX Gain/(Loss),Spain,Software,8224,9077,8955
2024-06-01,19,Other,Other Income/(Expense),Spain,Software,-11177,-12103,-11569
2024-06-01,20,Other,Income Tax,Spain,Software,-47897,-54463,-54788
2024-06-01,1,Revenue,Product Revenue,Spain,Services,235057,257187,255025
2024-06-01,2,Revenue,Subscription Revenue,Spain,Services,173397,192890,185289
2024-06-01,3,Revenue,Service Revenue,Spain,Services,99822,112519,110060
2024-06-01,4,Revenue,Support & Maintenance,Spain,Services,54036,57867,57016
2024-06-01,5,COGS,Direct Materials,Spain,Services,-83841,-94403,-94502
2024-06-01,6,COGS,Direct Labor,Spain,Services,-82181,-87141,-83399
2024-06-01,7,COGS,Cloud & Hosting,Spain,Services,-38700,-43570,-42144
2024-06-01,8,COGS,Support Delivery,Spain,Services,-30466,-32678,-31142
2024-06-01,9,Operating Expenses,Sales,Spain,Services,-60243,-65356,-62015
2024-06-01,10,Operating Expenses,Marketing,Spain,Services,-48201,-54463,-52953
2024-06-01,11,Operating Expenses,Research & Development,Spain,Services,-74780,-79879,-79083
2024-06-01,12,Operating Expenses,General & Administrative,Spain,Services,-43188,-47201,-46682
2024-06-01,13,Operating Expenses,IT & Systems,Spain,Services,-22529,-25416,-25075
2024-06-01,14,Operating Expenses,Facilities & Rent,Spain,Services,-19511,-21785,-21213
2024-06-01,15,Operating Expenses,Depreciation & Amort.,Spain,Services,-17746,-19970,-19696
2024-06-01,16,Other,Interest Income,Spain,Services,4122,4357,4301
2024-06-01,17,Other,Interest Expense,Spain,Services,-9512,-10166,-10309
2024-06-01,18,Other,FX Gain/(Loss),Spain,Services,-4785,-5446,-5265
2024-06-01,19,Other,Other Income/(Expense),Spain,Services,-6639,-7262,-7377
2024-06-01,20,Other,Income Tax,Spain,Services,-30326,-32678,-31100
2024-06-01,1,Revenue,Product Revenue,Spain,Hardware,317641,342916,345472
2024-06-01,2,Revenue,Subscription Revenue,Spain,Hardware,225894,257187,253688
2024-06-01,3,Revenue,Service Revenue,Spain,Hardware,135595,150026,150549
2024-06-01,4,Revenue,Support & Maintenance,Spain,Hardware,72302,77156,78493
2024-06-01,5,COGS,Direct Materials,Spain,Hardware,-117945,-125870,-120708
2024-06-01,6,COGS,Direct Labor,Spain,Hardware,-108895,-116188,-112559
2024-06-01,7,COGS,Cloud & Hosting,Spain,Hardware,-51224,-58094,-58933
2024-06-01,8,COGS,Support Delivery,Spain,Hardware,-40189,-43570,-41637
2024-06-01,9,Operating Expenses,Sales,Spain,Hardware,-79595,-87141,-85974
2024-06-01,10,Operating Expenses,Marketing,Spain,Hardware,-67003,-72617,-72825
2024-06-01,11,Operating Expenses,Research & Development,Spain,Hardware,-100965,-106506,-103034
2024-06-01,12,Operating Expenses,General & Administrative,Spain,Hardware,-58131,-62935,-63327
2024-06-01,13,Operating Expenses,IT & Systems,Spain,Hardware,-31678,-33888,-33011
2024-06-01,14,Operating Expenses,Facilities & Rent,Spain,Hardware,-27273,-29047,-27740
2024-06-01,15,Operating Expenses,Depreciation & Amort.,Spain,Hardware,-24508,-26626,-26687
2024-06-01,16,Other,Interest Income,Spain,Hardware,5207,5809,5559
2024-06-01,17,Other,Interest Expense,Spain,Hardware,-12396,-13555,-13187
2024-06-01,18,Other,FX Gain/(Loss),Spain,Hardware,-6538,-7262,-7191
2024-06-01,19,Other,Other Income/(Expense),Spain,Hardware,9060,9682,9846
2024-06-01,20,Other,Income Tax,Spain,Hardware,-40900,-43570,-43849
2024-06-01,1,Revenue,Product Revenue,Italy,Software,458474,500086,486778
2024-06-01,2,Revenue,Subscription Revenue,Italy,Software,329531,375064,379562
2024-06-01,3,Revenue,Service Revenue,Italy,Software,199341,218787,207809
2024-06-01,4,Revenue,Support & Maintenance,Italy,Software,104903,112519,113017
2024-06-01,5,COGS,Direct Materials,Italy,Software,-166868,-183561,-174767
2024-06-01,6,COGS,Direct Labor,Italy,Software,-159936,-169441,-166283
2024-06-01,7,COGS,Cloud & Hosting,Italy,Software,-79129,-84720,-81787
2024-06-01,8,COGS,Support Delivery,Italy,Software,-58025,-63540,-61501
2024-06-01,9,Operating Expenses,Sales,Italy,Software,-112676,-127081,-129568
2024-06-01,10,Operating Expenses,Marketing,Italy,Software,-98133,-105900,-99782
2024-06-01,11,Operating Expenses,Research & Development,Italy,Software,-139209,-155321,-148876
2024-06-01,12,Operating Expenses,General & Administrative,Italy,Software,-82423,-91780,-88741
2024-06-01,13,Operating Expenses,IT & Systems,Italy,Software,-44864,-49420,-47931
2024-06-01,14,Operating Expenses,Facilities & Rent,Italy,Software,-39908,-42360,-42433
2024-06-01,15,Operating Expenses,Depreciation & Amort.,Italy,Software,-34515,-38830,-39013
2024-06-01,16,Other,Interest Income,Italy,Software,7700,8472,8205
2024-06-01,17,Other,Interest Expense,Italy,Software,-17941,-19768,-19938
2024-06-01,18,Other,FX Gain/(Loss),Italy,Software,-9271,-10590,-10796
2024-06-01,19,Other,Other Income/(Expense),Italy,Software,12552,14120,13964
2024-06-01,20,Other,Income Tax,Italy,Software,-56870,-63540,-62942
2024-06-01,1,Revenue,Product Revenue,Italy,Services,263553,300051,304026
2024-06-01,2,Revenue,Subscription Revenue,Italy,Services,203434,225039,229058
2024-06-01,3,Revenue,Service Revenue,Italy,Services,122997,131272,133368
2024-06-01,4,Revenue,Support & Maintenance,Italy,Services,62905,67512,68545
2024-06-01,5,COGS,Direct Materials,Italy,Services,-102984,-110136,-104289
2024-06-01,6,COGS,Direct Labor,Italy,Services,-89187,-101664,-100346
2024-06-01,7,COGS,Cloud & Hosting,Italy,Services,-46879,-50832,-49740
2024-06-01,8,COGS,Support Delivery,Italy,Services,-33677,-38124,-38079
2024-06-01,9,Operating Expenses,Sales,Italy,Services,-67314,-76248,-75352
2024-06-01,10,Operating Expenses,Marketing,Italy,Services,-56789,-63540,-61296
2024-06-01,11,Operating Expenses,Research & Development,Italy,Services,-85993,-93192,-91824
2024-06-01,12,Operating Expenses,General & Administrative,Italy,Services,-52143,-55068,-54308
2024-06-01,13,Operating Expenses,IT & Systems,Italy,Services,-27347,-29652,-28301
2024-06-01,14,Operating Expenses,Facilities & Rent,Italy,Services,-23191,-25416,-24996
2024-06-01,15,Operating Expenses,Depreciation & Amort.,Italy,Services,-20613,-23298,-22825
2024-06-01,16,Other,Interest Income,Italy,Services,4620,5083,4870
2024-06-01,17,Other,Interest Expense,Italy,Services,-10493,-11861,-11213
2024-06-01,18,Other,FX Gain/(Loss),Italy,Services,-5664,-6354,-6419
2024-06-01,19,Other,Other Income/(Expense),Italy,Services,7732,8472,8524
2024-06-01,20,Other,Income Tax,Italy,Services,-33576,-38124,-36714
2024-06-01,1,Revenue,Product Revenue,Italy,Hardware,367171,400068,404738
2024-06-01,2,Revenue,Subscription Revenue,Italy,Hardware,267372,300051,300004
2024-06-01,3,Revenue,Service Revenue,Italy,Hardware,158875,175030,172814
2024-06-01,4,Revenue,Support & Maintenance,Italy,Hardware,82633,90015,90569
2024-06-01,5,COGS,Direct Materials,Italy,Hardware,-129891,-146849,-147960
2024-06-01,6,COGS,Direct Labor,Italy,Hardware,-120131,-135553,-136002
2024-06-01,7,COGS,Cloud & Hosting,Italy,Hardware,-62743,-67776,-64307
2024-06-01,8,COGS,Support Delivery,Italy,Hardware,-47099,-50832,-49048
2024-06-01,9,Operating Expenses,Sales,Italy,Hardware,-95274,-101664,-100444
2024-06-01,10,Operating Expenses,Marketing,Italy,Hardware,-74877,-84720,-82477
2024-06-01,11,Operating Expenses,Research & Development,Italy,Hardware,-110376,-124257,-124338
2024-06-01,12,Operating Expenses,General & Administrative,Italy,Hardware,-67992,-73424,-69380
2024-06-01,13,Operating Expenses,IT & Systems,Italy,Hardware,-37355,-39536,-39229
2024-06-01,14,Operating Expenses,Facilities & Rent,Italy,Hardware,-30932,-33888,-32257
2024-06-01,15,Operating Expenses,Depreciation & Amort.,Italy,Hardware,-27267,-31064,-29705
2024-06-01,16,Other,Interest Income,Italy,Hardware,6214,6778,6385
2024-06-01,17,Other,Interest Expense,Italy,Hardware,-14178,-15814,-15587
2024-06-01,18,Other,FX Gain/(Loss),Italy,Hardware,8001,8472,8167
2024-06-01,19,Other,Other Income/(Expense),Italy,Hardware,10148,11296,10942
2024-06-01,20,Other,Income Tax,Italy,Hardware,-46524,-50832,-48902
2024-06-01,1,Revenue,Product Revenue,United States,Software,1057066,1143053,1125047
2024-06-01,2,Revenue,Subscription Revenue,United States,Software,766584,857290,856033
2024-06-01,3,Revenue,Service Revenue,United States,Software,460745,500086,493134
2024-06-01,4,Revenue,Support & Maintenance,United States,Software,234830,257187,242252
2024-06-01,5,COGS,Direct Materials,United States,Software,-396929,-419568,-418774
2024-06-01,6,COGS,Direct Labor,United States,Software,-358523,-387293,-372441
2024-06-01,7,COGS,Cloud & Hosting,United States,Software,-170578,-193647,-191904
2024-06-01,8,COGS,Support Delivery,United States,Software,-130528,-145235,-137898
2024-06-01,9,Operating Expenses,Sales,United States,Software,-263492,-290470,-291013
2024-06-01,10,Operating Expenses,Marketing,United States,Software,-224450,-242058,-241681
2024-06-01,11,Operating Expenses,Research & Development,United States,Software,-312868,-355019,-357128
2024-06-01,12,Operating Expenses,General & Administrative,United States,Software,-188588,-209784,-200918
2024-06-01,13,Operating Expenses,IT & Systems,United States,Software,-99784,-112961,-109599
2024-06-01,14,Operating Expenses,Facilities & Rent,United States,Software,-87286,-96823,-96557
2024-06-01,15,Operating Expenses,Depreciation & Amort.,United States,Software,-83277,-88755,-83665
2024-06-01,16,Other,Interest Income,United States,Software,17208,19365,19008
2024-06-01,17,Other,Interest Expense,United States,Software,-41403,-45184,-43866
2024-06-01,18,Other,FX Gain/(Loss),United States,Software,22478,24206,24667
2024-06-01,19,Other,Other Income/(Expense),United States,Software,29708,32274,32674
2024-06-01,20,Other,Income Tax,United States,Software,-136507,-145235,-147251
2024-06-01,1,Revenue,Product Revenue,United States,Services,640132,685832,679309
2024-06-01,2,Revenue,Subscription Revenue,United States,Services,457183,514374,505122
2024-06-01,3,Revenue,Service Revenue,United States,Services,274310,300051,291147
2024-06-01,4,Revenue,Support & Maintenance,United States,Services,139445,154312,152451
2024-06-01,5,COGS,Direct Materials,United States,Services,-232994,-251741,-244829
2024-06-01,6,COGS,Direct Labor,United States,Services,-208561,-232376,-230535
2024-06-01,7,COGS,Cloud & Hosting,United States,Services,-105852,-116188,-117030
2024-06-01,8,COGS,Support Delivery,United States,Services,-81274,-87141,-88238
2024-06-01,9,Operating Expenses,Sales,United States,Services,-155705,-174282,-175764
2024-06-01,10,Operating Expenses,Marketing,United States,Services,-134057,-145235,-143987
2024-06-01,11,Operating Expenses,Research & Development,United States,Services,-189716,-213011,-215569
2024-06-01,12,Operating Expenses,General & Administrative,United States,Services,-118402,-125870,-123563
2024-06-01,13,Operating Expenses,IT & Systems,United States,Services,-60540,-67776,-63836
2024-06-01,14,Operating Expenses,Facilities & Rent,United States,Services,-51182,-58094,-59205
2024-06-01,15,Operating Expenses,Depreciation & Amort.,United States,Services,-47682,-53253,-50249
2024-06-01,16,Other,Interest Income,United States,Services,10939,11619,10973
2024-06-01,17,Other,Interest Expense,United States,Services,-24370,-27111,-27291
2024-06-01,18,Other,FX Gain/(Loss),United States,Services,-13666,-14523,-14068
2024-06-01,19,Other,Other Income/(Expense),United States,Services,-18156,-19365,-19330
2024-06-01,20,Other,Income Tax,United States,Services,-81722,-87141,-87968
2024-06-01,1,Revenue,Product Revenue,United States,Hardware,859580,914442,901473
2024-06-01,2,Revenue,Subscription Revenue,United States,Hardware,645443,685832,656670
2024-06-01,3,Revenue,Service Revenue,United States,Hardware,373490,400068,406794
2024-06-01,4,Revenue,Support & Maintenance,United States,Hardware,187031,205750,201759
2024-06-01,5,COGS,Direct Materials,United States,Hardware,-314938,-335654,-339662
2024-06-01,6,COGS,Direct Labor,United States,Hardware,-289054,-309835,-305912
2024-06-01,7,COGS,Cloud & Hosting,United States,Hardware,-137870,-154917,-150785
2024-06-01,8,COGS,Support Delivery,United States,Hardware,-105868,-116188,-111460
2024-06-01,9,Operating Expenses,Sales,United States,Hardware,-220250,-232376,-221923
2024-06-01,10,Operating Expenses,Marketing,United States,Hardware,-180352,-193647,-192568
2024-06-01,11,Operating Expenses,Research & Development,United States,Hardware,-253031,-284015,-270013
2024-06-01,12,Operating Expenses,General & Administrative,United States,Hardware,-156935,-167827,-167148
2024-06-01,13,Operating Expenses,IT & Systems,United States,Hardware,-79223,-90368,-88421
2024-06-01,14,Operating Expenses,Facilities & Rent,United States,Hardware,-72194,-77459,-77932
2024-06-01,15,Operating Expenses,Depreciation & Amort.,United States,Hardware,-66837,-71004,-70757
2024-06-01,16,Other,Interest Income,United States,Hardware,14247,15492,14717
2024-06-01,17,Other,Interest Expense,United States,Hardware,-31673,-36147,-34417
2024-06-01,18,Other,FX Gain/(Loss),United States,Hardware,17766,19365,18512
2024-06-01,19,Other,Other Income/(Expense),United States,Hardware,24337,25820,24929
2024-06-01,20,Other,Income Tax,United States,Hardware,-101839,-116188,-115746
2024-06-01,1,Revenue,Product Revenue,Nordics,Software,318916,357204,341163
2024-06-01,2,Revenue,Subscription Revenue,Nordics,Software,248285,267903,263959
2024-06-01,3,Revenue,Service Revenue,Nordics,Software,139577,156277,158082
2024-06-01,4,Revenue,Support & Maintenance,Nordics,Software,71186,80371,78804
2024-06-01,5,COGS,Direct Materials,Nordics,Software,-116885,-131115,-132540
2024-06-01,6,COGS,Direct Labor,Nordics,Software,-106571,-121029,-121009
2024-06-01,7,COGS,Cloud & Hosting,Nordics,Software,-56205,-60515,-58137
2024-06-01,8,COGS,Support Delivery,Nordics,Software,-40177,-45386,-46231
2024-06-01,9,Operating Expenses,Sales,Nordics,Software,-83630,-90772,-88926
2024-06-01,10,Operating Expenses,Marketing,Nordics,Software,-67494,-75643,-73131
2024-06-01,11,Operating Expenses,Research & Development,Nordics,Software,-101872,-110943,-111731
2024-06-01,12,Operating Expenses,General & Administrative,Nordics,Software,-60092,-65557,-62865
2024-06-01,13,Operating Expenses,IT & Systems,Nordics,Software,-31955,-35300,-34146
2024-06-01,14,Operating Expenses,Facilities & Rent,Nordics,Software,-28202,-30257,-30468
2024-06-01,15,Operating Expenses,Depreciation & Amort.,Nordics,Software,-26090,-27736,-26550
2024-06-01,16,Other,Interest Income,Nordics,Software,5671,6051,5896
2024-06-01,17,Other,Interest Expense,Nordics,Software,-13302,-14120,-13405
2024-06-01,18,Other,FX Gain/(Loss),Nordics,Software,6946,7564,7174
2024-06-01,19,Other,Other Income/(Expense),Nordics,Software,9446,10086,9934
2024-06-01,20,Other,Income Tax,Nordics,Software,-42890,-45386,-44146
2024-06-01,1,Revenue,Product Revenue,Nordics,Services,188898,214322,210399
2024-06-01,2,Revenue,Subscription Revenue,Nordics,Services,149240,160742,162781
2024-06-01,3,Revenue,Service Revenue,Nordics,Services,87322,93766,89675
2024-06-01,4,Revenue,Support & Maintenance,Nordics,Services,44518,48223,48522
2024-06-01,5,COGS,Direct Materials,Nordics,Services,-72641,-78669,-78336
2024-06-01,6,COGS,Direct Labor,Nordics,Services,-64174,-72617,-72303
2024-06-01,7,COGS,Cloud & Hosting,Nordics,Services,-33347,-36309,-36929
2024-06-01,8,COGS,Support Delivery,Nordics,Services,-25746,-27232,-27159
2024-06-01,9,Operating Expenses,Sales,Nordics,Services,-51606,-54463,-53461
2024-06-01,10,Operating Expenses,Marketing,Nordics,Services,-41670,-45386,-45783
2024-06-01,11,Operating Expenses,Research & Development,Nordics,Services,-60910,-66566,-63056
2024-06-01,12,Operating Expenses,General & Administrative,Nordics,Services,-35855,-39334,-37337
2024-06-01,13,Operating Expenses,IT & Systems,Nordics,Services,-18631,-21180,-21541
2024-06-01,14,Operating Expenses,Facilities & Rent,Nordics,Services,-16606,-18154,-17550
2024-06-01,15,Operating Expenses,Depreciation & Amort.,Nordics,Services,-14732,-16642,-16809
2024-06-01,16,Other,Interest Income,Nordics,Services,3317,3631,3465
2024-06-01,17,Other,Interest Expense,Nordics,Services,-7756,-8472,-8554
2024-06-01,18,Other,FX Gain/(Loss),Nordics,Services,4050,4539,4287
2024-06-01,19,Other,Other Income/(Expense),Nordics,Services,-5568,-6051,-5713
2024-06-01,20,Other,Income Tax,Nordics,Services,-24325,-27232,-25740
2024-06-01,1,Revenue,Product Revenue,Nordics,Hardware,268765,285763,284232
2024-06-01,2,Revenue,Subscription Revenue,Nordics,Hardware,192652,214322,208628
2024-06-01,3,Revenue,Service Revenue,Nordics,Hardware,110928,125021,122723
2024-06-01,4,Revenue,Support & Maintenance,Nordics,Hardware,58610,64297,61259
2024-06-01,5,COGS,Direct Materials,Nordics,Hardware,-95813,-104892,-100116
2024-06-01,6,COGS,Direct Labor,Nordics,Hardware,-87298,-96823,-98285
2024-06-01,7,COGS,Cloud & Hosting,Nordics,Hardware,-45814,-48412,-47775
2024-06-01,8,COGS,Support Delivery,Nordics,Hardware,-33517,-36309,-34587
2024-06-01,9,Operating Expenses,Sales,Nordics,Hardware,-64174,-72617,-73780
2024-06-01,10,Operating Expenses,Marketing,Nordics,Hardware,-53693,-60515,-57461
2024-06-01,11,Operating Expenses,Research & Development,Nordics,Hardware,-79577,-88755,-83966
2024-06-01,12,Operating Expenses,General & Administrative,Nordics,Hardware,-49502,-52446,-51124
2024-06-01,13,Operating Expenses,IT & Systems,Nordics,Hardware,-25276,-28240,-28720
2024-06-01,14,Operating Expenses,Facilities & Rent,Nordics,Hardware,-21250,-24206,-23013
2024-06-01,15,Operating Expenses,Depreciation & Amort.,Nordics,Hardware,-20762,-22189,-21365
2024-06-01,16,Other,Interest Income,Nordics,Hardware,4277,4841,4759
2024-06-01,17,Other,Interest Expense,Nordics,Hardware,-9893,-11296,-11448
2024-06-01,18,Other,FX Gain/(Loss),Nordics,Hardware,5439,6051,6018
2024-06-01,19,Other,Other Income/(Expense),Nordics,Hardware,7579,8069,7666
2024-06-01,20,Other,Income Tax,Nordics,Hardware,-31967,-36309,-34225
2024-07-01,1,Revenue,Product Revenue,France,Software,663719,735558,701306
2024-07-01,2,Revenue,Subscription Revenue,France,Software,494584,551669,551727
2024-07-01,3,Revenue,Service Revenue,France,Software,297357,321807,308459
2024-07-01,4,Revenue,Support & Maintenance,France,Software,153637,165501,156879
2024-07-01,5,COGS,Direct Materials,France,Software,-236666,-265230,-253692
2024-07-01,6,COGS,Direct Labor,France,Software,-216416,-244827,-242820
2024-07-01,7,COGS,Cloud & Hosting,France,Software,-109375,-122414,-124405
2024-07-01,8,COGS,Support Delivery,France,Software,-83650,-91810,-89827
2024-07-01,9,Operating Expenses,Sales,France,Software,-167039,-183621,-186875
2024-07-01,10,Operating Expenses,Marketing,France,Software,-134428,-153017,-150825
2024-07-01,11,Operating Expenses,Research & Development,France,Software,-204445,-224425,-222724
2024-07-01,12,Operating Expenses,General & Administrative,France,Software,-117375,-132615,-130945
2024-07-01,13,Operating Expenses,IT & Systems,France,Software,-65512,-71408,-71933
2024-07-01,14,Operating Expenses,Facilities & Rent,France,Software,-55198,-61207,-60268
2024-07-01,15,Operating Expenses,Depreciation & Amort.,France,Software,-52537,-56106,-54194
2024-07-01,16,Other,Interest Income,France,Software,11315,12241,12122
2024-07-01,17,Other,Interest Expense,France,Software,-26779,-28563,-28226
2024-07-01,18,Other,FX Gain/(Loss),France,Software,14245,15302,14964
2024-07-01,19,Other,Other Income/(Expense),France,Software,19079,20402,20401
2024-07-01,20,Other,Income Tax,France,Software,-84600,-91810,-93003
2024-07-01,1,Revenue,Product Revenue,France,Services,401288,441335,445194
2024-07-01,2,Revenue,Subscription Revenue,France,Services,311507,331001,328746
2024-07-01,3,Revenue,Service Revenue,France,Services,172089,193084,182554
2024-07-01,4,Revenue,Support & Maintenance,France,Services,90798,99300,98436
2024-07-01,5,COGS,Direct Materials,France,Services,-143568,-159138,-157523
2024-07-01,6,COGS,Direct Labor,France,Services,-135616,-146896,-142925
2024-07-01,7,COGS,Cloud & Hosting,France,Services,-67375,-73448,-74678
2024-07-01,8,COGS,Support Delivery,France,Services,-49006,-55086,-53729
2024-07-01,9,Operating Expenses,Sales,France,Services,-98150,-110172,-111744
2024-07-01,10,Operating Expenses,Marketing,France,Services,-84110,-91810,-90258
2024-07-01,11,Operating Expenses,Research & Development,France,Services,-123319,-134655,-129714
2024-07-01,12,Operating Expenses,General & Administrative,France,Services,-73383,-79569,-80542
2024-07-01,13,Operating Expenses,IT & Systems,France,Services,-38769,-42845,-41814
2024-07-01,14,Operating Expenses,Facilities & Rent,France,Services,-32360,-36724,-36557
2024-07-01,15,Operating Expenses,Depreciation & Amort.,France,Services,-29954,-33664,-32356
2024-07-01,16,Other,Interest Income,France,Services,6491,7345,6978
2024-07-01,17,Other,Interest Expense,France,Services,-15925,-17138,-16905
2024-07-01,18,Other,FX Gain/(Loss),France,Services,8304,9181,9188
2024-07-01,19,Other,Other Income/(Expense),France,Services,-11096,-12241,-11960
2024-07-01,20,Other,Income Tax,France,Services,-51386,-55086,-54924
2024-07-01,1,Revenue,Product Revenue,France,Hardware,536492,588447,595502
2024-07-01,2,Revenue,Subscription Revenue,France,Hardware,410108,441335,444734
2024-07-01,3,Revenue,Service Revenue,France,Hardware,234068,257445,255191
2024-07-01,4,Revenue,Support & Maintenance,France,Hardware,115964,132401,131906
2024-07-01,5,COGS,Direct Materials,France,Hardware,-190843,-212184,-200242
2024-07-01,6,COGS,Direct Labor,France,Hardware,-173234,-195862,-189295
2024-07-01,7,COGS,Cloud & Hosting,France,Hardware,-86785,-97931,-96888
2024-07-01,8,COGS,Support Delivery,France,Hardware,-65919,-73448,-74644
2024-07-01,9,Operating Expenses,Sales,France,Hardware,-135080,-146896,-149221
2024-07-01,10,Operating Expenses,Marketing,France,Hardware,-115716,-122414,-118675
2024-07-01,11,Operating Expenses,Research & Development,France,Hardware,-167652,-179540,-179851
2024-07-01,12,Operating Expenses,General & Administrative,France,Hardware,-98830,-106092,-106143
2024-07-01,13,Operating Expenses,IT & Systems,France,Hardware,-50866,-57126,-55989
2024-07-01,14,Operating Expenses,Facilities & Rent,France,Hardware,-44043,-48965,-46839
2024-07-01,15,Operating Expenses,Depreciation & Amort.,France,Hardware,-42111,-44885,-44949
2024-07-01,16,Other,Interest Income,France,Hardware,8743,9793,9391
2024-07-01,17,Other,Interest Expense,France,Hardware,-20955,-22851,-21641
2024-07-01,18,Other,FX Gain/(Loss),France,Hardware,11478,12241,12054
2024-07-01,19,Other,Other Income/(Expense),France,Hardware,-15009,-16322,-16573
2024-07-01,20,Other,Income Tax,France,Hardware,-64336,-73448,-71153
2024-07-01,1,Revenue,Product Revenue,Germany,Software,820456,882670,846253
2024-07-01,2,Revenue,Subscription Revenue,Germany,Software,580614,662003,626226
2024-07-01,3,Revenue,Service Revenue,Germany,Software,350506,386168,363506
2024-07-01,4,Revenue,Support & Maintenance,Germany,Software,185363,198601,187203
2024-07-01,5,COGS,Direct Materials,Germany,Software,-280387,-318276,-320906
2024-07-01,6,COGS,Direct Labor,Germany,Software,-273870,-293793,-297179
2024-07-01,7,COGS,Cloud & Hosting,Germany,Software,-129353,-146896,-142567
2024-07-01,8,COGS,Support Delivery,Germany,Software,-103563,-110172,-104685
2024-07-01,9,Operating Expenses,Sales,Germany,Software,-207735,-220345,-221850
2024-07-01,10,Operating Expenses,Marketing,Germany,Software,-172360,-183621,-183422
2024-07-01,11,Operating Expenses,Research & Development,Germany,Software,-238227,-269310,-254434
2024-07-01,12,Operating Expenses,General & Administrative,Germany,Software,-141785,-159138,-161617
2024-07-01,13,Operating Expenses,IT & Systems,Germany,Software,-79664,-85690,-84880
2024-07-01,14,Operating Expenses,Facilities & Rent,Germany,Software,-66954,-73448,-73904
2024-07-01,15,Operating Expenses,Depreciation & Amort.,Germany,Software,-61064,-67328,-67369
2024-07-01,16,Other,Interest Income,Germany,Software,13465,14690,14854
2024-07-01,17,Other,Interest Expense,Germany,Software,-30856,-34276,-32358
2024-07-01,18,Other,FX Gain/(Loss),Germany,Software,16777,18362,18139
2024-07-01,19,Other,Other Income/(Expense),Germany,Software,-22436,-24483,-23654
2024-07-01,20,Other,Income Tax,Germany,Software,-99353,-110172,-106460
2024-07-01,1,Revenue,Product Revenue,Germany,Services,490396,529602,507055
2024-07-01,2,Revenue,Subscription Revenue,Germany,Services,374482,397202,389092
2024-07-01,3,Revenue,Service Revenue,Germany,Services,203040,231701,234019
2024-07-01,4,Revenue,Support & Maintenance,Germany,Services,107866,119160,115429
2024-07-01,5,COGS,Direct Materials,Germany,Services,-171968,-190965,-193345
2024-07-01,6,COGS,Direct Labor,Germany,Services,-166731,-176276,-170554
2024-07-01,7,COGS,Cloud & Hosting,Germany,Services,-77828,-88138,-87640
2024-07-01,8,COGS,Support Delivery,Germany,Services,-58152,-66103,-64406
2024-07-01,9,Operating Expenses,Sales,Germany,Services,-117080,-132207,-131686
2024-07-01,10,Operating Expenses,Marketing,Germany,Services,-97134,-110172,-111618
2024-07-01,11,Operating Expenses,Research & Development,Germany,Services,-152306,-161586,-154693
2024-07-01,12,Operating Expenses,General & Administrative,Germany,Services,-89749,-95483,-94447
2024-07-01,13,Operating Expenses,IT & Systems,Germany,Services,-48200,-51414,-50023
2024-07-01,14,Operating Expenses,Facilities & Rent,Germany,Services,-41674,-44069,-42621
2024-07-01,15,Operating Expenses,Depreciation & Amort.,Germany,Services,-35984,-40397,-40819
2024-07-01,16,Other,Interest Income,Germany,Services,7837,8814,8751
2024-07-01,17,Other,Interest Expense,Germany,Services,-19510,-20566,-19435
2024-07-01,18,Other,FX Gain/(Loss),Germany,Services,9801,11017,11111
2024-07-01,19,Other,Other Income/(Expense),Germany,Services,13734,14690,14824
2024-07-01,20,Other,Income Tax,Germany,Services,-61487,-66103,-64497
2024-07-01,1,Revenue,Product Revenue,Germany,Hardware,647648,706136,711359
2024-07-01,2,Revenue,Subscription Revenue,Germany,Hardware,466262,529602,520413
2024-07-01,3,Revenue,Service Revenue,Germany,Hardware,282923,308935,306854
2024-07-01,4,Revenue,Support & Maintenance,Germany,Hardware,148728,158881,150570
2024-07-01,5,COGS,Direct Materials,Germany,Hardware,-236823,-254620,-251378
2024-07-01,6,COGS,Direct Labor,Germany,Hardware,-210436,-235034,-227936
2024-07-01,7,COGS,Cloud & Hosting,Germany,Hardware,-104954,-117517,-116923
2024-07-01,8,COGS,Support Delivery,Germany,Hardware,-79858,-88138,-83186
2024-07-01,9,Operating Expenses,Sales,Germany,Hardware,-161706,-176276,-168491
2024-07-01,10,Operating Expenses,Marketing,Germany,Hardware,-133712,-146896,-147782
2024-07-01,11,Operating Expenses,Research & Development,Germany,Hardware,-191145,-215448,-204513
2024-07-01,12,Operating Expenses,General & Administrative,Germany,Hardware,-119418,-127310,-123023
2024-07-01,13,Operating Expenses,IT & Systems,Germany,Hardware,-62756,-68552,-65968
2024-07-01,14,Operating Expenses,Facilities & Rent,Germany,Hardware,-52355,-58759,-57559
2024-07-01,15,Operating Expenses,Depreciation & Amort.,Germany,Hardware,-48827,-53862,-54442
2024-07-01,16,Other,Interest Income,Germany,Hardware,10808,11752,11148
2024-07-01,17,Other,Interest Expense,Germany,Hardware,-25207,-27421,-26722
2024-07-01,18,Other,FX Gain/(Loss),Germany,Hardware,12961,14690,14898
2024-07-01,19,Other,Other Income/(Expense),Germany,Hardware,17416,19586,19751
2024-07-01,20,Other,Income Tax,Germany,Hardware,-82788,-88138,-88109
2024-07-01,1,Revenue,Product Revenue,United Kingdom,Software,607056,662003,668446
2024-07-01,2,Revenue,Subscription Revenue,United Kingdom,Software,469456,496502,472160
2024-07-01,3,Revenue,Service Revenue,United Kingdom,Software,270650,289626,291198
2024-07-01,4,Revenue,Support & Maintenance,United Kingdom,Software,134499,148951,141344
2024-07-01,5,COGS,Direct Materials,United Kingdom,Software,-211946,-238707,-230984
2024-07-01,6,COGS,Direct Labor,United Kingdom,Software,-196172,-220345,-219185
2024-07-01,7,COGS,Cloud & Hosting,United Kingdom,Software,-102834,-110172,-105884
2024-07-01,8,COGS,Support Delivery,United Kingdom,Software,-76080,-82629,-79319
2024-07-01,9,Operating Expenses,Sales,United Kingdom,Software,-149137,-165258,-159482
2024-07-01,10,Operating Expenses,Marketing,United Kingdom,Software,-130040,-137715,-129913
2024-07-01,11,Operating Expenses,Research & Development,United Kingdom,Software,-186998,-201983,-195863
2024-07-01,12,Operating Expenses,General & Administrative,United Kingdom,Software,-106018,-119353,-116102
2024-07-01,13,Operating Expenses,IT & Systems,United Kingdom,Software,-57831,-64267,-61565
2024-07-01,14,Operating Expenses,Facilities & Rent,United Kingdom,Software,-51838,-55086,-55089
2024-07-01,15,Operating Expenses,Depreciation & Amort.,United Kingdom,Software,-46390,-50496,-50298
2024-07-01,16,Other,Interest Income,United Kingdom,Software,9667,11017,11053
2024-07-01,17,Other,Interest Expense,United Kingdom,Software,-23047,-25707,-24500
2024-07-01,18,Other,FX Gain/(Loss),United Kingdom,Software,-12735,-13772,-13222
2024-07-01,19,Other,Other Income/(Expense),United Kingdom,Software,-16620,-18362,-18111
2024-07-01,20,Other,Income Tax,United Kingdom,Software,-77632,-82629,-78132
2024-07-01,1,Revenue,Product Revenue,United Kingdom,Services,373320,397202,401720
2024-07-01,2,Revenue,Subscription Revenue,United Kingdom,Services,262393,297901,294607
2024-07-01,3,Revenue,Service Revenue,United Kingdom,Services,154794,173776,175737
2024-07-01,4,Revenue,Support & Maintenance,United Kingdom,Services,82900,89370,89300
2024-07-01,5,COGS,Direct Materials,United Kingdom,Services,-129949,-143224,-143734
2024-07-01,6,COGS,Direct Labor,United Kingdom,Services,-117677,-132207,-126161
2024-07-01,7,COGS,Cloud & Hosting,United Kingdom,Services,-60204,-66103,-64174
2024-07-01,8,COGS,Support Delivery,United Kingdom,Services,-43941,-49578,-49808
2024-07-01,9,Operating Expenses,Sales,United Kingdom,Services,-89382,-99155,-98436
2024-07-01,10,Operating Expenses,Marketing,United Kingdom,Services,-74829,-82629,-80983
2024-07-01,11,Operating Expenses,Research & Development,United Kingdom,Services,-109068,-121190,-114327
2024-07-01,12,Operating Expenses,General & Administrative,United Kingdom,Services,-65325,-71612,-68495
2024-07-01,13,Operating Expenses,IT & Systems,United Kingdom,Services,-34452,-38560,-38687
2024-07-01,14,Operating Expenses,Facilities & Rent,United Kingdom,Services,-30408,-33052,-33466
2024-07-01,15,Operating Expenses,Depreciation & Amort.,United Kingdom,Services,-28393,-30297,-30263
2024-07-01,16,Other,Interest Income,United Kingdom,Services,5997,6610,6373
2024-07-01,17,Other,Interest Expense,United Kingdom,Services,-14526,-15424,-15275
2024-07-01,18,Other,FX Gain/(Loss),United Kingdom,Services,-7517,-8263,-8191
2024-07-01,19,Other,Other Income/(Expense),United Kingdom,Services,-9750,-11017,-11120
2024-07-01,20,Other,Income Tax,United Kingdom,Services,-44884,-49578,-47990
2024-07-01,1,Revenue,Product Revenue,United Kingdom,Hardware,497499,529602,531961
2024-07-01,2,Revenue,Subscription Revenue,United Kingdom,Hardware,358788,397202,398873
2024-07-01,3,Revenue,Service Revenue,United Kingdom,Hardware,203857,231701,229867
2024-07-01,4,Revenue,Support & Maintenance,United Kingdom,Hardware,112608,119160,120333
2024-07-01,5,COGS,Direct Materials,United Kingdom,Hardware,-180288,-190965,-180273
2024-07-01,6,COGS,Direct Labor,United Kingdom,Hardware,-163604,-176276,-173546
2024-07-01,7,COGS,Cloud & Hosting,United Kingdom,Hardware,-81527,-88138,-85108
2024-07-01,8,COGS,Support Delivery,United Kingdom,Hardware,-62499,-66103,-64944
2024-07-01,9,Operating Expenses,Sales,United Kingdom,Hardware,-118317,-132207,-124597
2024-07-01,10,Operating Expenses,Marketing,United Kingdom,Hardware,-100985,-110172,-106013
2024-07-01,11,Operating Expenses,Research & Development,United Kingdom,Hardware,-147216,-161586,-160557
2024-07-01,12,Operating Expenses,General & Administrative,United Kingdom,Hardware,-88358,-95483,-97280
2024-07-01,13,Operating Expenses,IT & Systems,United Kingdom,Hardware,-46051,-51414,-48998
2024-07-01,14,Operating Expenses,Facilities & Rent,United Kingdom,Hardware,-39249,-44069,-44116
2024-07-01,15,Operating Expenses,Depreciation & Amort.,United Kingdom,Hardware,-36804,-40397,-40377
2024-07-01,16,Other,Interest Income,United Kingdom,Hardware,8344,8814,8658
2024-07-01,17,Other,Interest Expense,United Kingdom,Hardware,-19080,-20566,-20003
2024-07-01,18,Other,FX Gain/(Loss),United Kingdom,Hardware,-9991,-11017,-11116
2024-07-01,19,Other,Other Income/(Expense),United Kingdom,Hardware,-13738,-14690,-14428
2024-07-01,20,Other,Income Tax,United Kingdom,Hardware,-62211,-66103,-64669
2024-07-01,1,Revenue,Product Revenue,Spain,Software,392974,441335,428330
2024-07-01,2,Revenue,Subscription Revenue,Spain,Software,299003,331001,318439
2024-07-01,3,Revenue,Service Revenue,Spain,Software,183121,193084,196619
2024-07-01,4,Revenue,Support & Maintenance,Spain,Software,92631,99300,101047
2024-07-01,5,COGS,Direct Materials,Spain,Software,-148665,-159138,-150984
2024-07-01,6,COGS,Direct Labor,Spain,Software,-134406,-146896,-142609
2024-07-01,7,COGS,Cloud & Hosting,Spain,Software,-66210,-73448,-70021
2024-07-01,8,COGS,Support Delivery,Spain,Software,-49105,-55086,-55878
2024-07-01,9,Operating Expenses,Sales,Spain,Software,-101276,-110172,-108483
2024-07-01,10,Operating Expenses,Marketing,Spain,Software,-86266,-91810,-91191
2024-07-01,11,Operating Expenses,Research & Development,Spain,Software,-119943,-134655,-132804
2024-07-01,12,Operating Expenses,General & Administrative,Spain,Software,-71014,-79569,-80831
2024-07-01,13,Operating Expenses,IT & Systems,Spain,Software,-37911,-42845,-41295
2024-07-01,14,Operating Expenses,Facilities & Rent,Spain,Software,-33945,-36724,-35147
2024-07-01,15,Operating Expenses,Depreciation & Amort.,Spain,Software,-31847,-33664,-33055
2024-07-01,16,Other,Interest Income,Spain,Software,6464,7345,7218
2024-07-01,17,Other,Interest Expense,Spain,Software,-15218,-17138,-16700
2024-07-01,18,Other,FX Gain/(Loss),Spain,Software,8272,9181,9239
2024-07-01,19,Other,Other Income/(Expense),Spain,Software,-11283,-12241,-12080
2024-07-01,20,Other,Income Tax,Spain,Software,-49609,-55086,-52312
2024-07-01,1,Revenue,Product Revenue,Spain,Services,234033,264801,251503
2024-07-01,2,Revenue,Subscription Revenue,Spain,Services,181345,198601,197959
2024-07-01,3,Revenue,Service Revenue,Spain,Services,106846,115850,117560
2024-07-01,4,Revenue,Support & Maintenance,Spain,Services,54443,59580,59998
2024-07-01,5,COGS,Direct Materials,Spain,Services,-84777,-95483,-95688
2024-07-01,6,COGS,Direct Labor,Spain,Services,-83558,-88138,-87175
2024-07-01,7,COGS,Cloud & Hosting,Spain,Services,-40511,-44069,-41928
2024-07-01,8,COGS,Support Delivery,Spain,Services,-29737,-33052,-32222
2024-07-01,9,Operating Expenses,Sales,Spain,Services,-60907,-66103,-67117
2024-07-01,10,Operating Expenses,Marketing,Spain,Services,-48557,-55086,-54108
2024-07-01,11,Operating Expenses,Research & Development,Spain,Services,-70964,-80793,-79562
2024-07-01,12,Operating Expenses,General & Administrative,Spain,Services,-44543,-47741,-48557
2024-07-01,13,Operating Expenses,IT & Systems,Spain,Services,-24269,-25707,-25728
2024-07-01,14,Operating Expenses,Facilities & Rent,Spain,Services,-20387,-22034,-22066
2024-07-01,15,Operating Expenses,Depreciation & Amort.,Spain,Services,-17968,-20198,-19623
2024-07-01,16,Other,Interest Income,Spain,Services,4129,4407,4442
2024-07-01,17,Other,Interest Expense,Spain,Services,-9673,-10283,-9887
2024-07-01,18,Other,FX Gain/(Loss),Spain,Services,-4865,-5509,-5266
2024-07-01,19,Other,Other Income/(Expense),Spain,Services,6558,7345,7070
2024-07-01,20,Other,Income Tax,Spain,Services,-29437,-33052,-32011
2024-07-01,1,Revenue,Product Revenue,Spain,Hardware,315248,353068,354293
2024-07-01,2,Revenue,Subscription Revenue,Spain,Hardware,244884,264801,264453
2024-07-01,3,Revenue,Service Revenue,Spain,Hardware,137444,154467,155421
2024-07-01,4,Revenue,Support & Maintenance,Spain,Hardware,72685,79440,78582
2024-07-01,5,COGS,Direct Materials,Spain,Hardware,-113578,-127310,-125334
2024-07-01,6,COGS,Direct Labor,Spain,Hardware,-107772,-117517,-116110
2024-07-01,7,COGS,Cloud & Hosting,Spain,Hardware,-54781,-58759,-58234
2024-07-01,8,COGS,Support Delivery,Spain,Hardware,-40974,-44069,-43890
2024-07-01,9,Operating Expenses,Sales,Spain,Hardware,-81631,-88138,-87089
2024-07-01,10,Operating Expenses,Marketing,Spain,Hardware,-68725,-73448,-72690
2024-07-01,11,Operating Expenses,Research & Development,Spain,Hardware,-94416,-107724,-106940
2024-07-01,12,Operating Expenses,General & Administrative,Spain,Hardware,-56564,-63655,-61699
2024-07-01,13,Operating Expenses,IT & Systems,Spain,Hardware,-30716,-34276,-34592
2024-07-01,14,Operating Expenses,Facilities & Rent,Spain,Hardware,-26059,-29379,-27671
2024-07-01,15,Operating Expenses,Depreciation & Amort.,Spain,Hardware,-23643,-26931,-26792
2024-07-01,16,Other,Interest Income,Spain,Hardware,5398,5876,5584
2024-07-01,17,Other,Interest Expense,Spain,Hardware,-12437,-13710,-13344
2024-07-01,18,Other,FX Gain/(Loss),Spain,Hardware,6768,7345,7094
2024-07-01,19,Other,Other Income/(Expense),Spain,Hardware,-9056,-9793,-9368
2024-07-01,20,Other,Income Tax,Spain,Hardware,-41275,-44069,-42838
2024-07-01,1,Revenue,Product Revenue,Italy,Software,470241,514891,498857
2024-07-01,2,Revenue,Subscription Revenue,Italy,Software,351530,386168,385618
2024-07-01,3,Revenue,Service Revenue,Italy,Software,206644,225265,227498
2024-07-01,4,Revenue,Support & Maintenance,Italy,Software,109575,115850,116537
2024-07-01,5,COGS,Direct Materials,Italy,Software,-175434,-185661,-189023
2024-07-01,6,COGS,Direct Labor,Italy,Software,-159943,-171379,-165710
2024-07-01,7,COGS,Cloud & Hosting,Italy,Software,-80841,-85690,-86756
2024-07-01,8,COGS,Support Delivery,Italy,Software,-56979,-64267,-62589
2024-07-01,9,Operating Expenses,Sales,Italy,Software,-121820,-128534,-127151
2024-07-01,10,Operating Expenses,Marketing,Italy,Software,-100412,-107112,-108690
2024-07-01,11,Operating Expenses,Research & Development,Italy,Software,-143601,-157098,-154145
2024-07-01,12,Operating Expenses,General & Administrative,Italy,Software,-81899,-92830,-87955
2024-07-01,13,Operating Expenses,IT & Systems,Italy,Software,-46689,-49986,-49332
2024-07-01,14,Operating Expenses,Facilities & Rent,Italy,Software,-38442,-42845,-41865
2024-07-01,15,Operating Expenses,Depreciation & Amort.,Italy,Software,-34528,-39274,-37295
2024-07-01,16,Other,Interest Income,Italy,Software,8084,8569,8540
2024-07-01,17,Other,Interest Expense,Italy,Software,-18078,-19994,-19610
2024-07-01,18,Other,FX Gain/(Loss),Italy,Software,-9601,-10711,-10532
2024-07-01,19,Other,Other Income/(Expense),Italy,Software,-13052,-14282,-13804
2024-07-01,20,Other,Income Tax,Italy,Software,-57491,-64267,-64894
2024-07-01,1,Revenue,Product Revenue,Italy,Services,276977,308935,314379
2024-07-01,2,Revenue,Subscription Revenue,Italy,Services,215317,231701,223381
2024-07-01,3,Revenue,Service Revenue,Italy,Services,120209,135159,130997
2024-07-01,4,Revenue,Support & Maintenance,Italy,Services,61587,69510,66351
2024-07-01,5,COGS,Direct Materials,Italy,Services,-99814,-111396,-108110
2024-07-01,6,COGS,Direct Labor,Italy,Services,-91521,-102828,-97579
2024-07-01,7,COGS,Cloud & Hosting,Italy,Services,-46057,-51414,-50752
2024-07-01,8,COGS,Support Delivery,Italy,Services,-34329,-38560,-38296
2024-07-01,9,Operating Expenses,Sales,Italy,Services,-69923,-77121,-73706
2024-07-01,10,Operating Expenses,Marketing,Italy,Services,-60232,-64267,-61515
2024-07-01,11,Operating Expenses,Research & Development,Italy,Services,-85054,-94259,-93626
2024-07-01,12,Operating Expenses,General & Administrative,Italy,Services,-52738,-55698,-52569
2024-07-01,13,Operating Expenses,IT & Systems,Italy,Services,-27543,-29991,-28967
2024-07-01,14,Operating Expenses,Facilities & Rent,Italy,Services,-23499,-25707,-24868
2024-07-01,15,Operating Expenses,Depreciation & Amort.,Italy,Services,-21512,-23565,-23538
2024-07-01,16,Other,Interest Income,Italy,Services,4700,5141,5226
2024-07-01,17,Other,Interest Expense,Italy,Services,-11220,-11997,-11672
2024-07-01,18,Other,FX Gain/(Loss),Italy,Services,-5653,-6427,-6507
2024-07-01,19,Other,Other Income/(Expense),Italy,Services,7914,8569,8536
2024-07-01,20,Other,Income Tax,Italy,Services,-36199,-38560,-37236
2024-07-01,1,Revenue,Product Revenue,Italy,Hardware,363419,411913,405366
2024-07-01,2,Revenue,Subscription Revenue,Italy,Hardware,290356,308935,293975
2024-07-01,3,Revenue,Service Revenue,Italy,Hardware,159312,180212,183572
2024-07-01,4,Revenue,Support & Maintenance,Italy,Hardware,87725,92680,94372
2024-07-01,5,COGS,Direct Materials,Italy,Hardware,-137778,-148529,-147010
2024-07-01,6,COGS,Direct Labor,Italy,Hardware,-125890,-137103,-135457
2024-07-01,7,COGS,Cloud & Hosting,Italy,Hardware,-60488,-68552,-67933
2024-07-01,8,COGS,Support Delivery,Italy,Hardware,-45918,-51414,-49105
2024-07-01,9,Operating Expenses,Sales,Italy,Hardware,-90399,-102828,-98435
2024-07-01,10,Operating Expenses,Marketing,Italy,Hardware,-76946,-85690,-86154
2024-07-01,11,Operating Expenses,Research & Development,Italy,Hardware,-110267,-125678,-124995
2024-07-01,12,Operating Expenses,General & Administrative,Italy,Hardware,-69994,-74264,-71042
2024-07-01,13,Operating Expenses,IT & Systems,Italy,Hardware,-35658,-39988,-38649
2024-07-01,14,Operating Expenses,Facilities & Rent,Italy,Hardware,-31969,-34276,-33300
2024-07-01,15,Operating Expenses,Depreciation & Amort.,Italy,Hardware,-28143,-31420,-30888
2024-07-01,16,Other,Interest Income,Italy,Hardware,6064,6855,6774
2024-07-01,17,Other,Interest Expense,Italy,Hardware,-14408,-15995,-15440
2024-07-01,18,Other,FX Gain/(Loss),Italy,Hardware,-7845,-8569,-8230
2024-07-01,19,Other,Other Income/(Expense),Italy,Hardware,-10720,-11425,-11293
2024-07-01,20,Other,Income Tax,Italy,Hardware,-48297,-51414,-51563
2024-07-01,1,Revenue,Product Revenue,United States,Software,1068628,1176893,1131658
2024-07-01,2,Revenue,Subscription Revenue,United States,Software,833086,882670,840557
2024-07-01,3,Revenue,Service Revenue,United States,Software,476786,514891,503648
2024-07-01,4,Revenue,Support & Maintenance,United States,Software,240222,264801,262375
2024-07-01,5,COGS,Direct Materials,United States,Software,-373946,-424367,-406900
2024-07-01,6,COGS,Direct Labor,United States,Software,-345430,-391724,-390130
2024-07-01,7,COGS,Cloud & Hosting,United States,Software,-180837,-195862,-185172
2024-07-01,8,COGS,Support Delivery,United States,Software,-133686,-146896,-143181
2024-07-01,9,Operating Expenses,Sales,United States,Software,-273099,-293793,-291729
2024-07-01,10,Operating Expenses,Marketing,United States,Software,-227817,-244827,-231226
2024-07-01,11,Operating Expenses,Research & Development,United States,Software,-315748,-359080,-354679
2024-07-01,12,Operating Expenses,General & Administrative,United States,Software,-194851,-212184,-202771
2024-07-01,13,Operating Expenses,IT & Systems,United States,Software,-104020,-114253,-114343
2024-07-01,14,Operating Expenses,Facilities & Rent,United States,Software,-91058,-97931,-99365
2024-07-01,15,Operating Expenses,Depreciation & Amort.,United States,Software,-81160,-89770,-87274
2024-07-01,16,Other,Interest Income,United States,Software,18020,19586,19287
2024-07-01,17,Other,Interest Expense,United States,Software,-41640,-45701,-44802
2024-07-01,18,Other,FX Gain/(Loss),United States,Software,-21746,-24483,-23671
2024-07-01,19,Other,Other Income/(Expense),United States,Software,30893,32644,32266
2024-07-01,20,Other,Income Tax,United States,Software,-128868,-146896,-142462
2024-07-01,1,Revenue,Product Revenue,United States,Services,644888,706136,678679
2024-07-01,2,Revenue,Subscription Revenue,United States,Services,486008,529602,537478
2024-07-01,3,Revenue,Service Revenue,United States,Services,271541,308935,310155
2024-07-01,4,Revenue,Support & Maintenance,United States,Services,147444,158881,159159
2024-07-01,5,COGS,Direct Materials,United States,Services,-223974,-254620,-256776
2024-07-01,6,COGS,Direct Labor,United States,Services,-217029,-235034,-234547
2024-07-01,7,COGS,Cloud & Hosting,United States,Services,-105141,-117517,-115671
2024-07-01,8,COGS,Support Delivery,United States,Services,-79459,-88138,-84968
2024-07-01,9,Operating Expenses,Sales,United States,Services,-167200,-176276,-171416
2024-07-01,10,Operating Expenses,Marketing,United States,Services,-131713,-146896,-140530
2024-07-01,11,Operating Expenses,Research & Development,United States,Services,-200120,-215448,-219477
2024-07-01,12,Operating Expenses,General & Administrative,United States,Services,-118552,-127310,-129078
2024-07-01,13,Operating Expenses,IT & Systems,United States,Services,-62790,-68552,-66589
2024-07-01,14,Operating Expenses,Facilities & Rent,United States,Services,-53507,-58759,-58944
2024-07-01,15,Operating Expenses,Depreciation & Amort.,United States,Services,-48053,-53862,-53569
2024-07-01,16,Other,Interest Income,United States,Services,10299,11752,11822
2024-07-01,17,Other,Interest Expense,United States,Services,-25914,-27421,-26804
2024-07-01,18,Other,FX Gain/(Loss),United States,Services,13669,14690,14968
2024-07-01,19,Other,Other Income/(Expense),United States,Services,-17993,-19586,-19722
2024-07-01,20,Other,Income Tax,United States,Services,-81369,-88138,-87764
2024-07-01,1,Revenue,Product Revenue,United States,Hardware,827860,941515,936052
2024-07-01,2,Revenue,Subscription Revenue,United States,Hardware,652605,706136,719754
2024-07-01,3,Revenue,Service Revenue,United States,Hardware,375293,411913,399178
2024-07-01,4,Revenue,Support & Maintenance,United States,Hardware,200968,211841,207017
2024-07-01,5,COGS,Direct Materials,United States,Hardware,-318673,-339494,-339211
2024-07-01,6,COGS,Direct Labor,United States,Hardware,-274963,-313379,-301409
2024-07-01,7,COGS,Cloud & Hosting,United States,Hardware,-145894,-156690,-149027
2024-07-01,8,COGS,Support Delivery,United States,Hardware,-102979,-117517,-116394
2024-07-01,9,Operating Expenses,Sales,United States,Hardware,-208235,-235034,-222198
2024-07-01,10,Operating Expenses,Marketing,United States,Hardware,-176719,-195862,-188944
2024-07-01,11,Operating Expenses,Research & Development,United States,Hardware,-256342,-287264,-290181
2024-07-01,12,Operating Expenses,General & Administrative,United States,Hardware,-152492,-169747,-170607
2024-07-01,13,Operating Expenses,IT & Systems,United States,Hardware,-85208,-91402,-86484
2024-07-01,14,Operating Expenses,Facilities & Rent,United States,Hardware,-73762,-78345,-76380
2024-07-01,15,Operating Expenses,Depreciation & Amort.,United States,Hardware,-63894,-71816,-69575
2024-07-01,16,Other,Interest Income,United States,Hardware,14329,15669,15872
2024-07-01,17,Other,Interest Expense,United States,Hardware,-32568,-36561,-35084
2024-07-01,18,Other,FX Gain/(Loss),United States,Hardware,17526,19586,18465
2024-07-01,19,Other,Other Income/(Expense),United States,Hardware,-24606,-26115,-24866
2024-07-01,20,Other,Income Tax,United States,Hardware,-110997,-117517,-115893
2024-07-01,1,Revenue,Product Revenue,Nordics,Software,331902,367779,352649
2024-07-01,2,Revenue,Subscription Revenue,Nordics,Software,261681,275834,260816
2024-07-01,3,Revenue,Service Revenue,Nordics,Software,144313,160903,154279
2024-07-01,4,Revenue,Support & Maintenance,Nordics,Software,76877,82750,83252
2024-07-01,5,COGS,Direct Materials,Nordics,Software,-124969,-132615,-128638
2024-07-01,6,COGS,Direct Labor,Nordics,Software,-114433,-122414,-122163
2024-07-01,7,COGS,Cloud & Hosting,Nordics,Software,-57439,-61207,-60051
2024-07-01,8,COGS,Support Delivery,Nordics,Software,-40238,-45905,-45422
2024-07-01,9,Operating Expenses,Sales,Nordics,Software,-86037,-91810,-90822
2024-07-01,10,Operating Expenses,Marketing,Nordics,Software,-67587,-76509,-74592
2024-07-01,11,Operating Expenses,Research & Development,Nordics,Software,-105273,-112213,-111877
2024-07-01,12,Operating Expenses,General & Administrative,Nordics,Software,-60405,-66307,-66616
2024-07-01,13,Operating Expenses,IT & Systems,Nordics,Software,-32873,-35704,-35086
2024-07-01,14,Operating Expenses,Facilities & Rent,Nordics,Software,-27978,-30603,-29929
2024-07-01,15,Operating Expenses,Depreciation & Amort.,Nordics,Software,-26300,-28053,-27533
2024-07-01,16,Other,Interest Income,Nordics,Software,5454,6121,5932
2024-07-01,17,Other,Interest Expense,Nordics,Software,-12660,-14282,-13696
2024-07-01,18,Other,FX Gain/(Loss),Nordics,Software,6887,7651,7798
2024-07-01,19,Other,Other Income/(Expense),Nordics,Software,-9284,-10201,-10165
2024-07-01,20,Other,Income Tax,Nordics,Software,-43343,-45905,-45450
2024-07-01,1,Revenue,Product Revenue,Nordics,Services,204323,220668,218953
2024-07-01,2,Revenue,Subscription Revenue,Nordics,Services,151453,165501,164980
2024-07-01,3,Revenue,Service Revenue,Nordics,Services,84649,96542,97249
2024-07-01,4,Revenue,Support & Maintenance,Nordics,Services,45158,49650,49249
2024-07-01,5,COGS,Direct Materials,Nordics,Services,-71713,-79569,-78536
2024-07-01,6,COGS,Direct Labor,Nordics,Services,-67549,-73448,-74825
2024-07-01,7,COGS,Cloud & Hosting,Nordics,Services,-33637,-36724,-34704
2024-07-01,8,COGS,Support Delivery,Nordics,Services,-25947,-27543,-26182
2024-07-01,9,Operating Expenses,Sales,Nordics,Services,-51591,-55086,-54362
2024-07-01,10,Operating Expenses,Marketing,Nordics,Services,-41216,-45905,-45147
2024-07-01,11,Operating Expenses,Research & Development,Nordics,Services,-58966,-67328,-66903
2024-07-01,12,Operating Expenses,General & Administrative,Nordics,Services,-37609,-39784,-38880
2024-07-01,13,Operating Expenses,IT & Systems,Nordics,Services,-20312,-21422,-20288
2024-07-01,14,Operating Expenses,Facilities & Rent,Nordics,Services,-16942,-18362,-18507
2024-07-01,15,Operating Expenses,Depreciation & Amort.,Nordics,Services,-14768,-16832,-16259
2024-07-01,16,Other,Interest Income,Nordics,Services,3282,3672,3615
2024-07-01,17,Other,Interest Expense,Nordics,Services,-7976,-8569,-8439
2024-07-01,18,Other,FX Gain/(Loss),Nordics,Services,4261,4591,4473
2024-07-01,19,Other,Other Income/(Expense),Nordics,Services,5699,6121,5768
2024-07-01,20,Other,Income Tax,Nordics,Services,-25541,-27543,-26262
2024-07-01,1,Revenue,Product Revenue,Nordics,Hardware,277286,294223,284220
2024-07-01,2,Revenue,Subscription Revenue,Nordics,Hardware,201180,220668,210736
2024-07-01,3,Revenue,Service Revenue,Nordics,Hardware,121167,128723,125563
2024-07-01,4,Revenue,Support & Maintenance,Nordics,Hardware,59946,66200,63461
2024-07-01,5,COGS,Direct Materials,Nordics,Hardware,-94208,-106092,-103413
2024-07-01,6,COGS,Direct Labor,Nordics,Hardware,-87293,-97931,-95250
2024-07-01,7,COGS,Cloud & Hosting,Nordics,Hardware,-44324,-48965,-49219
2024-07-01,8,COGS,Support Delivery,Nordics,Hardware,-32941,-36724,-34836
2024-07-01,9,Operating Expenses,Sales,Nordics,Hardware,-69476,-73448,-73040
2024-07-01,10,Operating Expenses,Marketing,Nordics,Hardware,-55714,-61207,-61779
2024-07-01,11,Operating Expenses,Research & Development,Nordics,Hardware,-78914,-89770,-89387
2024-07-01,12,Operating Expenses,General & Administrative,Nordics,Hardware,-47523,-53046,-52261
2024-07-01,13,Operating Expenses,IT & Systems,Nordics,Hardware,-26552,-28563,-28936
2024-07-01,14,Operating Expenses,Facilities & Rent,Nordics,Hardware,-22372,-24483,-23613
2024-07-01,15,Operating Expenses,Depreciation & Amort.,Nordics,Hardware,-20892,-22443,-22451
2024-07-01,16,Other,Interest Income,Nordics,Hardware,4641,4897,4867
2024-07-01,17,Other,Interest Expense,Nordics,Hardware,-10506,-11425,-11341
2024-07-01,18,Other,FX Gain/(Loss),Nordics,Hardware,5686,6121,5894
2024-07-01,19,Other,Other Income/(Expense),Nordics,Hardware,-7710,-8161,-7934
2024-07-01,20,Other,Income Tax,Nordics,Hardware,-32886,-36724,-37310
2024-08-01,1,Revenue,Product Revenue,France,Software,696768,786502,741538
2024-08-01,2,Revenue,Subscription Revenue,France,Software,543484,589876,566516
2024-08-01,3,Revenue,Service Revenue,France,Software,317749,344094,348380
2024-08-01,4,Revenue,Support & Maintenance,France,Software,161931,176963,171865
2024-08-01,5,COGS,Direct Materials,France,Software,-252922,-270812,-267541
2024-08-01,6,COGS,Direct Labor,France,Software,-236271,-249980,-238376
2024-08-01,7,COGS,Cloud & Hosting,France,Software,-113514,-124990,-124503
2024-08-01,8,COGS,Support Delivery,France,Software,-86575,-93742,-95549
2024-08-01,9,Operating Expenses,Sales,France,Software,-166882,-187485,-178486
2024-08-01,10,Operating Expenses,Marketing,France,Software,-146469,-156237,-148896
2024-08-01,11,Operating Expenses,Research & Development,France,Software,-205793,-229148,-227938
2024-08-01,12,Operating Expenses,General & Administrative,France,Software,-127671,-135406,-129991
2024-08-01,13,Operating Expenses,IT & Systems,France,Software,-68015,-72911,-72973
2024-08-01,14,Operating Expenses,Facilities & Rent,France,Software,-56156,-62495,-60900
2024-08-01,15,Operating Expenses,Depreciation & Amort.,France,Software,-51511,-57287,-54944
2024-08-01,16,Other,Interest Income,France,Software,11779,12499,12429
2024-08-01,17,Other,Interest Expense,France,Software,-27512,-29164,-28385
2024-08-01,18,Other,FX Gain/(Loss),France,Software,13961,15624,15471
2024-08-01,19,Other,Other Income/(Expense),France,Software,19305,20832,20472
2024-08-01,20,Other,Income Tax,France,Software,-87528,-93742,-93002
2024-08-01,1,Revenue,Product Revenue,France,Services,429082,471901,445382
2024-08-01,2,Revenue,Subscription Revenue,France,Services,318383,353926,339263
2024-08-01,3,Revenue,Service Revenue,France,Services,193460,206457,210060
2024-08-01,4,Revenue,Support & Maintenance,France,Services,99642,106178,101963
2024-08-01,5,COGS,Direct Materials,France,Services,-149385,-162487,-156966
2024-08-01,6,COGS,Direct Labor,France,Services,-140896,-149988,-147996
2024-08-01,7,COGS,Cloud & Hosting,France,Services,-65942,-74994,-70990
2024-08-01,8,COGS,Support Delivery,France,Services,-52644,-56245,-53394
2024-08-01,9,Operating Expenses,Sales,France,Services,-103599,-112491,-112426
2024-08-01,10,Operating Expenses,Marketing,France,Services,-87340,-93742,-90305
2024-08-01,11,Operating Expenses,Research & Development,France,Services,-120901,-137489,-132932
2024-08-01,12,Operating Expenses,General & Administrative,France,Services,-74081,-81243,-80508
2024-08-01,13,Operating Expenses,IT & Systems,France,Services,-39716,-43746,-43413
2024-08-01,14,Operating Expenses,Facilities & Rent,France,Services,-35137,-37497,-37454
2024-08-01,15,Operating Expenses,Depreciation & Amort.,France,Services,-32261,-34372,-34946
2024-08-01,16,Other,Interest Income,France,Services,6917,7499,7356
2024-08-01,17,Other,Interest Expense,France,Services,-16598,-17499,-17354
2024-08-01,18,Other,FX Gain/(Loss),France,Services,8304,9374,9238
2024-08-01,19,Other,Other Income/(Expense),France,Services,11036,12499,12165
2024-08-01,20,Other,Income Tax,France,Services,-51620,-56245,-54834
2024-08-01,1,Revenue,Product Revenue,France,Hardware,563396,629201,624865
2024-08-01,2,Revenue,Subscription Revenue,France,Hardware,446682,471901,463312
2024-08-01,3,Revenue,Service Revenue,France,Hardware,253184,275276,263930
2024-08-01,4,Revenue,Support & Maintenance,France,Hardware,132822,141570,141868
2024-08-01,5,COGS,Direct Materials,France,Hardware,-196814,-216649,-213442
2024-08-01,6,COGS,Direct Labor,France,Hardware,-178280,-199984,-190041
2024-08-01,7,COGS,Cloud & Hosting,France,Hardware,-87752,-99992,-98828
2024-08-01,8,COGS,Support Delivery,France,Hardware,-66640,-74994,-73719
2024-08-01,9,Operating Expenses,Sales,France,Hardware,-141480,-149988,-145561
2024-08-01,10,Operating Expenses,Marketing,France,Hardware,-114147,-124990,-123754
2024-08-01,11,Operating Expenses,Research & Development,France,Hardware,-161044,-183319,-180489
2024-08-01,12,Operating Expenses,General & Administrative,France,Hardware,-95070,-108325,-110431
2024-08-01,13,Operating Expenses,IT & Systems,France,Hardware,-54667,-58329,-55695
2024-08-01,14,Operating Expenses,Facilities & Rent,France,Hardware,-47118,-49996,-47705
2024-08-01,15,Operating Expenses,Depreciation & Amort.,France,Hardware,-42592,-45830,-44597
2024-08-01,16,Other,Interest Income,France,Hardware,8813,9999,9868
2024-08-01,17,Other,Interest Expense,France,Hardware,-21034,-23331,-22569
2024-08-01,18,Other,FX Gain/(Loss),France,Hardware,11168,12499,12119
2024-08-01,19,Other,Other Income/(Expense),France,Hardware,15481,16665,15837
2024-08-01,20,Other,Income Tax,France,Hardware,-70825,-74994,-74253
2024-08-01,1,Revenue,Product Revenue,Germany,Software,880112,943802,934675
2024-08-01,2,Revenue,Subscription Revenue,Germany,Software,671375,707851,710812
2024-08-01,3,Revenue,Service Revenue,Germany,Software,370653,412913,394317
2024-08-01,4,Revenue,Support & Maintenance,Germany,Software,187642,212355,202045
2024-08-01,5,COGS,Direct Materials,Germany,Software,-297112,-324974,-310932
2024-08-01,6,COGS,Direct Labor,Germany,Software,-269751,-299976,-297481
2024-08-01,7,COGS,Cloud & Hosting,Germany,Software,-132425,-149988,-144712
2024-08-01,8,COGS,Support Delivery,Germany,Software,-100802,-112491,-108426
2024-08-01,9,Operating Expenses,Sales,Germany,Software,-198103,-224982,-215142
2024-08-01,10,Operating Expenses,Marketing,Germany,Software,-175335,-187485,-177403
2024-08-01,11,Operating Expenses,Research & Development,Germany,Software,-253028,-274978,-277877
2024-08-01,12,Operating Expenses,General & Administrative,Germany,Software,-149262,-162487,-153773
2024-08-01,13,Operating Expenses,IT & Systems,Germany,Software,-79643,-87493,-85340
2024-08-01,14,Operating Expenses,Facilities & Rent,Germany,Software,-68058,-74994,-70991
2024-08-01,15,Operating Expenses,Depreciation & Amort.,Germany,Software,-62304,-68744,-66105
2024-08-01,16,Other,Interest Income,Germany,Software,14126,14999,14209
2024-08-01,17,Other,Interest Expense,Germany,Software,-30881,-34997,-35248
2024-08-01,18,Other,FX Gain/(Loss),Germany,Software,-17571,-18748,-17863
2024-08-01,19,Other,Other Income/(Expense),Germany,Software,-23364,-24998,-24847
2024-08-01,20,Other,Income Tax,Germany,Software,-101126,-112491,-106672
2024-08-01,1,Revenue,Product Revenue,Germany,Services,503017,566281,558567
2024-08-01,2,Revenue,Subscription Revenue,Germany,Services,396628,424711,422058
2024-08-01,3,Revenue,Service Revenue,Germany,Services,227522,247748,244001
2024-08-01,4,Revenue,Support & Maintenance,Germany,Services,118678,127413,128023
2024-08-01,5,COGS,Direct Materials,Germany,Services,-180890,-194984,-188344
2024-08-01,6,COGS,Direct Labor,Germany,Services,-167793,-179986,-183048
2024-08-01,7,COGS,Cloud & Hosting,Germany,Services,-80065,-89993,-91555
2024-08-01,8,COGS,Support Delivery,Germany,Services,-59649,-67495,-64632
2024-08-01,9,Operating Expenses,Sales,Germany,Services,-121566,-134989,-128897
2024-08-01,10,Operating Expenses,Marketing,Germany,Services,-103327,-112491,-109882
2024-08-01,11,Operating Expenses,Research & Development,Germany,Services,-152523,-164987,-168208
2024-08-01,12,Operating Expenses,General & Administrative,Germany,Services,-85831,-97492,-92103
2024-08-01,13,Operating Expenses,IT & Systems,Germany,Services,-47520,-52496,-50015
2024-08-01,14,Operating Expenses,Facilities & Rent,Germany,Services,-39882,-44996,-45026
2024-08-01,15,Operating Expenses,Depreciation & Amort.,Germany,Services,-36345,-41247,-39348
2024-08-01,16,Other,Interest Income,Germany,Services,8412,8999,8969
2024-08-01,17,Other,Interest Expense,Germany,Services,-18725,-20998,-21348
2024-08-01,18,Other,FX Gain/(Loss),Germany,Services,10424,11249,11210
2024-08-01,19,Other,Other Income/(Expense),Germany,Services,-13544,-14999,-14426
2024-08-01,20,Other,Income Tax,Germany,Services,-63320,-67495,-64088
2024-08-01,1,Revenue,Product Revenue,Germany,Hardware,712193,755042,733715
2024-08-01,2,Revenue,Subscription Revenue,Germany,Hardware,533227,566281,555687
2024-08-01,3,Revenue,Service Revenue,Germany,Hardware,299581,330331,326759
2024-08-01,4,Revenue,Support & Maintenance,Germany,Hardware,157165,169884,172543
2024-08-01,5,COGS,Direct Materials,Germany,Hardware,-242572,-259979,-263376
2024-08-01,6,COGS,Direct Labor,Germany,Hardware,-223730,-239981,-240312
2024-08-01,7,COGS,Cloud & Hosting,Germany,Hardware,-106052,-119990,-120337
2024-08-01,8,COGS,Support Delivery,Germany,Hardware,-79485,-89993,-89425
2024-08-01,9,Operating Expenses,Sales,Germany,Hardware,-169638,-179986,-171329
2024-08-01,10,Operating Expenses,Marketing,Germany,Hardware,-138248,-149988,-141805
2024-08-01,11,Operating Expenses,Research & Development,Germany,Hardware,-202077,-219982,-213600
2024-08-01,12,Operating Expenses,General & Administrative,Germany,Hardware,-115033,-129990,-125554
2024-08-01,13,Operating Expenses,IT & Systems,Germany,Hardware,-66090,-69994,-67538
2024-08-01,14,Operating Expenses,Facilities & Rent,Germany,Hardware,-54011,-59995,-58791
2024-08-01,15,Operating Expenses,Depreciation & Amort.,Germany,Hardware,-48477,-54996,-53489
2024-08-01,16,Other,Interest Income,Germany,Hardware,11315,11999,11773
2024-08-01,17,Other,Interest Expense,Germany,Hardware,-25250,-27998,-28048
2024-08-01,18,Other,FX Gain/(Loss),Germany,Hardware,-14004,-14999,-15235
2024-08-01,19,Other,Other Income/(Expense),Germany,Hardware,17565,19998,20230
2024-08-01,20,Other,Income Tax,Germany,Hardware,-80624,-89993,-89979
2024-08-01,1,Revenue,Product Revenue,United Kingdom,Software,636128,707851,707492
2024-08-01,2,Revenue,Subscription Revenue,United Kingdom,Software,481311,530889,510650
2024-08-01,3,Revenue,Service Revenue,United Kingdom,Software,281940,309685,310750
2024-08-01,4,Revenue,Support & Maintenance,United Kingdom,Software,141179,159267,155732
2024-08-01,5,COGS,Direct Materials,United Kingdom,Software,-224831,-243730,-239111
2024-08-01,6,COGS,Direct Labor,United Kingdom,Software,-197718,-224982,-226271
2024-08-01,7,COGS,Cloud & Hosting,United Kingdom,Software,-105736,-112491,-110967
2024-08-01,8,COGS,Support Delivery,United Kingdom,Software,-76666,-84368,-81540
2024-08-01,9,Operating Expenses,Sales,United Kingdom,Software,-151403,-168736,-168020
2024-08-01,10,Operating Expenses,Marketing,United Kingdom,Software,-130619,-140614,-140365
2024-08-01,11,Operating Expenses,Research & Development,United Kingdom,Software,-187234,-206233,-206938
2024-08-01,12,Operating Expenses,General & Administrative,United Kingdom,Software,-110095,-121865,-118401
2024-08-01,13,Operating Expenses,IT & Systems,United Kingdom,Software,-59032,-65620,-66016
2024-08-01,14,Operating Expenses,Facilities & Rent,United Kingdom,Software,-51164,-56245,-55716
2024-08-01,15,Operating Expenses,Depreciation & Amort.,United Kingdom,Software,-45774,-51558,-50819
2024-08-01,16,Other,Interest Income,United Kingdom,Software,10133,11249,10718
2024-08-01,17,Other,Interest Expense,United Kingdom,Software,-24761,-26248,-25784
2024-08-01,18,Other,FX Gain/(Loss),United Kingdom,Software,12866,14061,13382
2024-08-01,19,Other,Other Income/(Expense),United Kingdom,Software,-17380,-18748,-17788
2024-08-01,20,Other,Income Tax,United Kingdom,Software,-77948,-84368,-82373
2024-08-01,1,Revenue,Product Revenue,United Kingdom,Services,378120,424711,401621
2024-08-01,2,Revenue,Subscription Revenue,United Kingdom,Services,296454,318533,323063
2024-08-01,3,Revenue,Service Revenue,United Kingdom,Services,164331,185811,179634
2024-08-01,4,Revenue,Support & Maintenance,United Kingdom,Services,87931,95560,91146
2024-08-01,5,COGS,Direct Materials,United Kingdom,Services,-136243,-146238,-140203
2024-08-01,6,COGS,Direct Labor,United Kingdom,Services,-127031,-134989,-129871
2024-08-01,7,COGS,Cloud & Hosting,United Kingdom,Services,-63162,-67495,-65791
2024-08-01,8,COGS,Support Delivery,United Kingdom,Services,-44546,-50621,-49577
2024-08-01,9,Operating Expenses,Sales,United Kingdom,Services,-94864,-101242,-95866
2024-08-01,10,Operating Expenses,Marketing,United Kingdom,Services,-79713,-84368,-82961
2024-08-01,11,Operating Expenses,Research & Development,United Kingdom,Services,-109949,-123740,-122515
2024-08-01,12,Operating Expenses,General & Administrative,United Kingdom,Services,-66582,-73119,-72623
2024-08-01,13,Operating Expenses,IT & Systems,United Kingdom,Services,-36863,-39372,-39436
2024-08-01,14,Operating Expenses,Facilities & Rent,United Kingdom,Services,-29847,-33747,-32132
2024-08-01,15,Operating Expenses,Depreciation & Amort.,United Kingdom,Services,-28676,-30935,-29157
2024-08-01,16,Other,Interest Income,United Kingdom,Services,5958,6749,6775
2024-08-01,17,Other,Interest Expense,United Kingdom,Services,-14575,-15749,-14951
2024-08-01,18,Other,FX Gain/(Loss),United Kingdom,Services,7444,8437,8526
2024-08-01,19,Other,Other Income/(Expense),United Kingdom,Services,10513,11249,11419
2024-08-01,20,Other,Income Tax,United Kingdom,Services,-47408,-50621,-49580
2024-08-01,1,Revenue,Product Revenue,United Kingdom,Hardware,507799,566281,569275
2024-08-01,2,Revenue,Subscription Revenue,United Kingdom,Hardware,385389,424711,417744
2024-08-01,3,Revenue,Service Revenue,United Kingdom,Hardware,225296,247748,246427
2024-08-01,4,Revenue,Support & Maintenance,United Kingdom,Hardware,120878,127413,128693
2024-08-01,5,COGS,Direct Materials,United Kingdom,Hardware,-180342,-194984,-191576
2024-08-01,6,COGS,Direct Labor,United Kingdom,Hardware,-170395,-179986,-172918
2024-08-01,7,COGS,Cloud & Hosting,United Kingdom,Hardware,-83192,-89993,-88130
2024-08-01,8,COGS,Support Delivery,United Kingdom,Hardware,-60791,-67495,-68395
2024-08-01,9,Operating Expenses,Sales,United Kingdom,Hardware,-127307,-134989,-132216
2024-08-01,10,Operating Expenses,Marketing,United Kingdom,Hardware,-101584,-112491,-113676
2024-08-01,11,Operating Expenses,Research & Development,United Kingdom,Hardware,-144865,-164987,-157156
2024-08-01,12,Operating Expenses,General & Administrative,United Kingdom,Hardware,-89569,-97492,-98431
2024-08-01,13,Operating Expenses,IT & Systems,United Kingdom,Hardware,-49162,-52496,-51757
2024-08-01,14,Operating Expenses,Facilities & Rent,United Kingdom,Hardware,-42207,-44996,-45498
2024-08-01,15,Operating Expenses,Depreciation & Amort.,United Kingdom,Hardware,-37761,-41247,-41243
2024-08-01,16,Other,Interest Income,United Kingdom,Hardware,8457,8999,9100
2024-08-01,17,Other,Interest Expense,United Kingdom,Hardware,-19419,-20998,-20818
2024-08-01,18,Other,FX Gain/(Loss),United Kingdom,Hardware,10033,11249,11220
2024-08-01,19,Other,Other Income/(Expense),United Kingdom,Hardware,-13787,-14999,-14662
2024-08-01,20,Other,Income Tax,United Kingdom,Hardware,-61245,-67495,-68204
2024-08-01,1,Revenue,Product Revenue,Spain,Software,424762,471901,466875
2024-08-01,2,Revenue,Subscription Revenue,Spain,Software,310822,353926,353461
2024-08-01,3,Revenue,Service Revenue,Spain,Software,182702,206457,202766
2024-08-01,4,Revenue,Support & Maintenance,Spain,Software,96501,106178,107649
2024-08-01,5,COGS,Direct Materials,Spain,Software,-151621,-162487,-156414
2024-08-01,6,COGS,Direct Labor,Spain,Software,-137415,-149988,-152358
2024-08-01,7,COGS,Cloud & Hosting,Spain,Software,-69274,-74994,-73061
2024-08-01,8,COGS,Support Delivery,Spain,Software,-52690,-56245,-55325
2024-08-01,9,Operating Expenses,Sales,Spain,Software,-101647,-112491,-106526
2024-08-01,10,Operating Expenses,Marketing,Spain,Software,-82804,-93742,-89608
2024-08-01,11,Operating Expenses,Research & Development,Spain,Software,-122712,-137489,-132856
2024-08-01,12,Operating Expenses,General & Administrative,Spain,Software,-74537,-81243,-76747
2024-08-01,13,Operating Expenses,IT & Systems,Spain,Software,-40829,-43746,-41777
2024-08-01,14,Operating Expenses,Facilities & Rent,Spain,Software,-33893,-37497,-35633
2024-08-01,15,Operating Expenses,Depreciation & Amort.,Spain,Software,-31450,-34372,-34720
2024-08-01,16,Other,Interest Income,Spain,Software,6757,7499,7536
2024-08-01,17,Other,Interest Expense,Spain,Software,-15800,-17499,-16477
2024-08-01,18,Other,FX Gain/(Loss),Spain,Software,-8502,-9374,-9419
2024-08-01,19,Other,Other Income/(Expense),Spain,Software,11383,12499,12405
2024-08-01,20,Other,Income Tax,Spain,Software,-50516,-56245,-55754
2024-08-01,1,Revenue,Product Revenue,Spain,Services,248793,283141,272082
2024-08-01,2,Revenue,Subscription Revenue,Spain,Services,198249,212355,210380
2024-08-01,3,Revenue,Service Revenue,Spain,Services,114400,123874,120013
2024-08-01,4,Revenue,Support & Maintenance,Spain,Services,57100,63707,63599
2024-08-01,5,COGS,Direct Materials,Spain,Services,-92519,-97492,-94357
2024-08-01,6,COGS,Direct Labor,Spain,Services,-84967,-89993,-91328
2024-08-01,7,COGS,Cloud & Hosting,Spain,Services,-39870,-44996,-43288
2024-08-01,8,COGS,Support Delivery,Spain,Services,-30275,-33747,-33146
2024-08-01,9,Operating Expenses,Sales,Spain,Services,-60703,-67495,-66219
2024-08-01,10,Operating Expenses,Marketing,Spain,Services,-52922,-56245,-53870
2024-08-01,11,Operating Expenses,Research & Development,Spain,Services,-75612,-82493,-82082
2024-08-01,12,Operating Expenses,General & Administrative,Spain,Services,-43086,-48746,-49539
2024-08-01,13,Operating Expenses,IT & Systems,Spain,Services,-24880,-26248,-24819
2024-08-01,14,Operating Expenses,Facilities & Rent,Spain,Services,-20312,-22498,-22774
2024-08-01,15,Operating Expenses,Depreciation & Amort.,Spain,Services,-19057,-20623,-19789
2024-08-01,16,Other,Interest Income,Spain,Services,4019,4500,4570
2024-08-01,17,Other,Interest Expense,Spain,Services,-9957,-10499,-10553
2024-08-01,18,Other,FX Gain/(Loss),Spain,Services,5177,5625,5523
2024-08-01,19,Other,Other Income/(Expense),Spain,Services,-6934,-7499,-7105
2024-08-01,20,Other,Income Tax,Spain,Services,-30105,-33747,-33719
2024-08-01,1,Revenue,Product Revenue,Spain,Hardware,351319,377521,364480
2024-08-01,2,Revenue,Subscription Revenue,Spain,Hardware,251065,283141,278636
2024-08-01,3,Revenue,Service Revenue,Spain,Hardware,145827,165165,167295
2024-08-01,4,Revenue,Support & Maintenance,Spain,Hardware,76022,84942,80780
2024-08-01,5,COGS,Direct Materials,Spain,Hardware,-119113,-129990,-122513
2024-08-01,6,COGS,Direct Labor,Spain,Hardware,-112413,-119990,-114352
2024-08-01,7,COGS,Cloud & Hosting,Spain,Hardware,-53367,-59995,-58356
2024-08-01,8,COGS,Support Delivery,Spain,Hardware,-41470,-44996,-42481
2024-08-01,9,Operating Expenses,Sales,Spain,Hardware,-81466,-89993,-90350
2024-08-01,10,Operating Expenses,Marketing,Spain,Hardware,-67294,-74994,-74189
2024-08-01,11,Operating Expenses,Research & Development,Spain,Hardware,-97641,-109991,-109142
2024-08-01,12,Operating Expenses,General & Administrative,Spain,Hardware,-61575,-64995,-66046
2024-08-01,13,Operating Expenses,IT & Systems,Spain,Hardware,-31927,-34997,-34168
2024-08-01,14,Operating Expenses,Facilities & Rent,Spain,Hardware,-27679,-29998,-30212
2024-08-01,15,Operating Expenses,Depreciation & Amort.,Spain,Hardware,-25008,-27498,-26439
2024-08-01,16,Other,Interest Income,Spain,Hardware,5667,6000,5960
2024-08-01,17,Other,Interest Expense,Spain,Hardware,-12605,-13999,-13205
2024-08-01,18,Other,FX Gain/(Loss),Spain,Hardware,6605,7499,7116
2024-08-01,19,Other,Other Income/(Expense),Spain,Hardware,9189,9999,10177
2024-08-01,20,Other,Income Tax,Spain,Hardware,-42121,-44996,-42426
2024-08-01,1,Revenue,Product Revenue,Italy,Software,518996,550551,532163
2024-08-01,2,Revenue,Subscription Revenue,Italy,Software,388100,412913,415241
2024-08-01,3,Revenue,Service Revenue,Italy,Software,225218,240866,238061
2024-08-01,4,Revenue,Support & Maintenance,Italy,Software,116984,123874,118947
2024-08-01,5,COGS,Direct Materials,Italy,Software,-176699,-189568,-179146
2024-08-01,6,COGS,Direct Labor,Italy,Software,-157506,-174986,-164933
2024-08-01,7,COGS,Cloud & Hosting,Italy,Software,-79520,-87493,-87240
2024-08-01,8,COGS,Support Delivery,Italy,Software,-57784,-65620,-65732
2024-08-01,9,Operating Expenses,Sales,Italy,Software,-116385,-131239,-126310
2024-08-01,10,Operating Expenses,Marketing,Italy,Software,-98932,-109366,-104191
2024-08-01,11,Operating Expenses,Research & Development,Italy,Software,-151814,-160404,-155228
2024-08-01,12,Operating Expenses,General & Administrative,Italy,Software,-88554,-94784,-90609
2024-08-01,13,Operating Expenses,IT & Systems,Italy,Software,-47184,-51038,-49398
2024-08-01,14,Operating Expenses,Facilities & Rent,Italy,Software,-41341,-43746,-43022
2024-08-01,15,Operating Expenses,Depreciation & Amort.,Italy,Software,-36429,-40101,-39432
2024-08-01,16,Other,Interest Income,Italy,Software,8057,8749,8689
2024-08-01,17,Other,Interest Expense,Italy,Software,-18322,-20415,-20113
2024-08-01,18,Other,FX Gain/(Loss),Italy,Software,9828,10937,10911
2024-08-01,19,Other,Other Income/(Expense),Italy,Software,-13463,-14582,-14099
2024-08-01,20,Other,Income Tax,Italy,Software,-59252,-65620,-65279
2024-08-01,1,Revenue,Product Revenue,Italy,Services,302890,330331,321323
2024-08-01,2,Revenue,Subscription Revenue,Italy,Services,233085,247748,235449
2024-08-01,3,Revenue,Service Revenue,Italy,Services,136215,144520,143691
2024-08-01,4,Revenue,Support & Maintenance,Italy,Services,68641,74324,70983
2024-08-01,5,COGS,Direct Materials,Italy,Services,-102047,-113741,-110937
2024-08-01,6,COGS,Direct Labor,Italy,Services,-92166,-104992,-105531
2024-08-01,7,COGS,Cloud & Hosting,Italy,Services,-47903,-52496,-52556
2024-08-01,8,COGS,Support Delivery,Italy,Services,-36576,-39372,-37361
2024-08-01,9,Operating Expenses,Sales,Italy,Services,-74620,-78744,-76501
2024-08-01,10,Operating Expenses,Marketing,Italy,Services,-61366,-65620,-64420
2024-08-01,11,Operating Expenses,Research & Development,Italy,Services,-91254,-96242,-97085
2024-08-01,12,Operating Expenses,General & Administrative,Italy,Services,-51586,-56870,-56888
2024-08-01,13,Operating Expenses,IT & Systems,Italy,Services,-28766,-30623,-30909
2024-08-01,14,Operating Expenses,Facilities & Rent,Italy,Services,-24526,-26248,-25713
2024-08-01,15,Operating Expenses,Depreciation & Amort.,Italy,Services,-21422,-24061,-24524
2024-08-01,16,Other,Interest Income,Italy,Services,4756,5250,5301
2024-08-01,17,Other,Interest Expense,Italy,Services,-11544,-12249,-12406
2024-08-01,18,Other,FX Gain/(Loss),Italy,Services,-6016,-6562,-6351
2024-08-01,19,Other,Other Income/(Expense),Italy,Services,-8102,-8749,-8534
2024-08-01,20,Other,Income Tax,Italy,Services,-34733,-39372,-38016
2024-08-01,1,Revenue,Product Revenue,Italy,Hardware,394834,440441,425105
2024-08-01,2,Revenue,Subscription Revenue,Italy,Hardware,303160,330331,325600
2024-08-01,3,Revenue,Service Revenue,Italy,Hardware,176394,192693,192377
2024-08-01,4,Revenue,Support & Maintenance,Italy,Hardware,89125,99099,94937
2024-08-01,5,COGS,Direct Materials,Italy,Hardware,-140377,-151655,-145079
2024-08-01,6,COGS,Direct Labor,Italy,Hardware,-128965,-139989,-140412
2024-08-01,7,COGS,Cloud & Hosting,Italy,Hardware,-61429,-69994,-70544
2024-08-01,8,COGS,Support Delivery,Italy,Hardware,-49461,-52496,-50840
2024-08-01,9,Operating Expenses,Sales,Italy,Hardware,-92915,-104992,-99464
2024-08-01,10,Operating Expenses,Marketing,Italy,Hardware,-80376,-87493,-83029
2024-08-01,11,Operating Expenses,Research & Development,Italy,Hardware,-119538,-128323,-127123
2024-08-01,12,Operating Expenses,General & Administrative,Italy,Hardware,-70678,-75827,-74880
2024-08-01,13,Operating Expenses,IT & Systems,Italy,Hardware,-36084,-40830,-41598
2024-08-01,14,Operating Expenses,Facilities & Rent,Italy,Hardware,-33067,-34997,-33076
2024-08-01,15,Operating Expenses,Depreciation & Amort.,Italy,Hardware,-28787,-32081,-31921
2024-08-01,16,Other,Interest Income,Italy,Hardware,6476,6999,6923
2024-08-01,17,Other,Interest Expense,Italy,Hardware,-14777,-16332,-15552
2024-08-01,18,Other,FX Gain/(Loss),Italy,Hardware,7863,8749,8899
2024-08-01,19,Other,Other Income/(Expense),Italy,Hardware,10402,11666,11172
2024-08-01,20,Other,Income Tax,Italy,Hardware,-46155,-52496,-51764
2024-08-01,1,Revenue,Product Revenue,United States,Software,1109157,1258403,1204306
2024-08-01,2,Revenue,Subscription Revenue,United States,Software,882315,943802,922384
2024-08-01,3,Revenue,Service Revenue,United States,Software,487154,550551,525980
2024-08-01,4,Revenue,Support & Maintenance,United States,Software,255985,283141,280017
2024-08-01,5,COGS,Direct Materials,United States,Software,-391135,-433299,-429592
2024-08-01,6,COGS,Direct Labor,United States,Software,-364572,-399968,-377053
2024-08-01,7,COGS,Cloud & Hosting,United States,Software,-189543,-199984,-200003
2024-08-01,8,COGS,Support Delivery,United States,Software,-132690,-149988,-147486
2024-08-01,9,Operating Expenses,Sales,United States,Software,-283074,-299976,-294493
2024-08-01,10,Operating Expenses,Marketing,United States,Software,-235354,-249980,-251632
2024-08-01,11,Operating Expenses,Research & Development,United States,Software,-346415,-366637,-355559
2024-08-01,12,Operating Expenses,General & Administrative,United States,Software,-191125,-216649,-211846
2024-08-01,13,Operating Expenses,IT & Systems,United States,Software,-108420,-116657,-115923
2024-08-01,14,Operating Expenses,Facilities & Rent,United States,Software,-88398,-99992,-96780
2024-08-01,15,Operating Expenses,Depreciation & Amort.,United States,Software,-80851,-91659,-92643
2024-08-01,16,Other,Interest Income,United States,Software,18384,19998,18879
2024-08-01,17,Other,Interest Expense,United States,Software,-43717,-46663,-44133
2024-08-01,18,Other,FX Gain/(Loss),United States,Software,23349,24998,24182
2024-08-01,19,Other,Other Income/(Expense),United States,Software,30695,33331,33151
2024-08-01,20,Other,Income Tax,United States,Software,-137216,-149988,-150946
2024-08-01,1,Revenue,Product Revenue,United States,Services,685691,755042,757511
2024-08-01,2,Revenue,Subscription Revenue,United States,Services,515947,566281,574948
2024-08-01,3,Revenue,Service Revenue,United States,Services,308170,330331,323904
2024-08-01,4,Revenue,Support & Maintenance,United States,Services,156411,169884,168329
2024-08-01,5,COGS,Direct Materials,United States,Services,-236126,-259979,-249098
2024-08-01,6,COGS,Direct Labor,United States,Services,-214615,-239981,-242184
2024-08-01,7,COGS,Cloud & Hosting,United States,Services,-113453,-119990,-117000
2024-08-01,8,COGS,Support Delivery,United States,Services,-78882,-89993,-91607
2024-08-01,9,Operating Expenses,Sales,United States,Services,-157986,-179986,-172391
2024-08-01,10,Operating Expenses,Marketing,United States,Services,-140662,-149988,-148031
2024-08-01,11,Operating Expenses,Research & Development,United States,Services,-205864,-219982,-207116
2024-08-01,12,Operating Expenses,General & Administrative,United States,Services,-122889,-129990,-130132
2024-08-01,13,Operating Expenses,IT & Systems,United States,Services,-61972,-69994,-68201
2024-08-01,14,Operating Expenses,Facilities & Rent,United States,Services,-52896,-59995,-59311
2024-08-01,15,Operating Expenses,Depreciation & Amort.,United States,Services,-50976,-54996,-53463
2024-08-01,16,Other,Interest Income,United States,Services,10887,11999,11796
2024-08-01,17,Other,Interest Expense,United States,Services,-24569,-27998,-26965
2024-08-01,18,Other,FX Gain/(Loss),United States,Services,13736,14999,14868
2024-08-01,19,Other,Other Income/(Expense),United States,Services,17737,19998,19094
2024-08-01,20,Other,Income Tax,United States,Services,-83503,-89993,-85529
2024-08-01,1,Revenue,Product Revenue,United States,Hardware,896199,1006722,1009141
2024-08-01,2,Revenue,Subscription Revenue,United States,Hardware,666984,755042,734650
2024-08-01,3,Revenue,Service Revenue,United States,Hardware,404142,440441,438566
2024-08-01,4,Revenue,Support & Maintenance,United States,Hardware,214303,226512,215577
2024-08-01,5,COGS,Direct Materials,United States,Hardware,-312194,-346639,-343515
2024-08-01,6,COGS,Direct Labor,United States,Hardware,-286369,-319974,-320887
2024-08-01,7,COGS,Cloud & Hosting,United States,Hardware,-150202,-159987,-162406
2024-08-01,8,COGS,Support Delivery,United States,Hardware,-108538,-119990,-121865
2024-08-01,9,Operating Expenses,Sales,United States,Hardware,-214727,-239981,-230799
2024-08-01,10,Operating Expenses,Marketing,United States,Hardware,-180992,-199984,-197185
2024-08-01,11,Operating Expenses,Research & Development,United States,Hardware,-264136,-293310,-298988
2024-08-01,12,Operating Expenses,General & Administrative,United States,Hardware,-156304,-173319,-164707
2024-08-01,13,Operating Expenses,IT & Systems,United States,Hardware,-84731,-93326,-93627
2024-08-01,14,Operating Expenses,Facilities & Rent,United States,Hardware,-71474,-79994,-79813
2024-08-01,15,Operating Expenses,Depreciation & Amort.,United States,Hardware,-66256,-73327,-70896
2024-08-01,16,Other,Interest Income,United States,Hardware,15104,15999,16011
2024-08-01,17,Other,Interest Expense,United States,Hardware,-34751,-37330,-37589
2024-08-01,18,Other,FX Gain/(Loss),United States,Hardware,17585,19998,18909
2024-08-01,19,Other,Other Income/(Expense),United States,Hardware,-25199,-26665,-25762
2024-08-01,20,Other,Income Tax,United States,Hardware,-110369,-119990,-116150
2024-08-01,1,Revenue,Product Revenue,Nordics,Software,362094,393251,387404
2024-08-01,2,Revenue,Subscription Revenue,Nordics,Software,260247,294938,299717
2024-08-01,3,Revenue,Service Revenue,Nordics,Software,162563,172047,173471
2024-08-01,4,Revenue,Support & Maintenance,Nordics,Software,80675,88481,86288
2024-08-01,5,COGS,Direct Materials,Nordics,Software,-126094,-135406,-136017
2024-08-01,6,COGS,Direct Labor,Nordics,Software,-115134,-124990,-127388
2024-08-01,7,COGS,Cloud & Hosting,Nordics,Software,-55210,-62495,-63057
2024-08-01,8,COGS,Support Delivery,Nordics,Software,-44236,-46871,-47247
2024-08-01,9,Operating Expenses,Sales,Nordics,Software,-84658,-93742,-89344
2024-08-01,10,Operating Expenses,Marketing,Nordics,Software,-68631,-78119,-79383
2024-08-01,11,Operating Expenses,Research & Development,Nordics,Software,-103105,-114574,-116143
2024-08-01,12,Operating Expenses,General & Administrative,Nordics,Software,-61303,-67703,-68760
2024-08-01,13,Operating Expenses,IT & Systems,Nordics,Software,-32611,-36455,-35482
2024-08-01,14,Operating Expenses,Facilities & Rent,Nordics,Software,-28409,-31247,-29517
2024-08-01,15,Operating Expenses,Depreciation & Amort.,Nordics,Software,-26589,-28644,-27913
2024-08-01,16,Other,Interest Income,Nordics,Software,5612,6249,6030
2024-08-01,17,Other,Interest Expense,Nordics,Software,-13048,-14582,-14503
2024-08-01,18,Other,FX Gain/(Loss),Nordics,Software,-7300,-7812,-7785
2024-08-01,19,Other,Other Income/(Expense),Nordics,Software,9530,10416,9950
2024-08-01,20,Other,Income Tax,Nordics,Software,-41744,-46871,-44268
2024-08-01,1,Revenue,Product Revenue,Nordics,Services,213270,235950,233978
2024-08-01,2,Revenue,Subscription Revenue,Nordics,Services,162009,176963,171906
2024-08-01,3,Revenue,Service Revenue,Nordics,Services,93446,103228,102305
2024-08-01,4,Revenue,Support & Maintenance,Nordics,Services,47632,53089,53580
2024-08-01,5,COGS,Direct Materials,Nordics,Services,-74085,-81243,-82664
2024-08-01,6,COGS,Direct Labor,Nordics,Services,-67051,-74994,-74415
2024-08-01,7,COGS,Cloud & Hosting,Nordics,Services,-35141,-37497,-37628
2024-08-01,8,COGS,Support Delivery,Nordics,Services,-26496,-28123,-28577
2024-08-01,9,Operating Expenses,Sales,Nordics,Services,-50606,-56245,-55693
2024-08-01,10,Operating Expenses,Marketing,Nordics,Services,-42108,-46871,-46105
2024-08-01,11,Operating Expenses,Research & Development,Nordics,Services,-62331,-68744,-66789
2024-08-01,12,Operating Expenses,General & Administrative,Nordics,Services,-36472,-40622,-40303
2024-08-01,13,Operating Expenses,IT & Systems,Nordics,Services,-19650,-21873,-21677
2024-08-01,14,Operating Expenses,Facilities & Rent,Nordics,Services,-16676,-18748,-18105
2024-08-01,15,Operating Expenses,Depreciation & Amort.,Nordics,Services,-15171,-17186,-16690
2024-08-01,16,Other,Interest Income,Nordics,Services,3321,3750,3752
2024-08-01,17,Other,Interest Expense,Nordics,Services,-7901,-8749,-8826
2024-08-01,18,Other,FX Gain/(Loss),Nordics,Services,4254,4687,4678
2024-08-01,19,Other,Other Income/(Expense),Nordics,Services,-5746,-6249,-6187
2024-08-01,20,Other,Income Tax,Nordics,Services,-26288,-28123,-27836
2024-08-01,1,Revenue,Product Revenue,Nordics,Hardware,282207,314601,304829
2024-08-01,2,Revenue,Subscription Revenue,Nordics,Hardware,216111,235950,234056
2024-08-01,3,Revenue,Service Revenue,Nordics,Hardware,125320,137638,138700
2024-08-01,4,Revenue,Support & Maintenance,Nordics,Hardware,65782,70785,71909
2024-08-01,5,COGS,Direct Materials,Nordics,Hardware,-101590,-108325,-109093
2024-08-01,6,COGS,Direct Labor,Nordics,Hardware,-91541,-99992,-96202
2024-08-01,7,COGS,Cloud & Hosting,Nordics,Hardware,-45964,-49996,-47729
2024-08-01,8,COGS,Support Delivery,Nordics,Hardware,-33972,-37497,-36021
2024-08-01,9,Operating Expenses,Sales,Nordics,Hardware,-67172,-74994,-75778
2024-08-01,10,Operating Expenses,Marketing,Nordics,Hardware,-58612,-62495,-59329
2024-08-01,11,Operating Expenses,Research & Development,Nordics,Hardware,-84998,-91659,-90308
2024-08-01,12,Operating Expenses,General & Administrative,Nordics,Hardware,-48161,-54162,-51754
2024-08-01,13,Operating Expenses,IT & Systems,Nordics,Hardware,-27517,-29164,-29241
2024-08-01,14,Operating Expenses,Facilities & Rent,Nordics,Hardware,-23272,-24998,-23761
2024-08-01,15,Operating Expenses,Depreciation & Amort.,Nordics,Hardware,-21577,-22915,-23068
2024-08-01,16,Other,Interest Income,Nordics,Hardware,4422,5000,4971
2024-08-01,17,Other,Interest Expense,Nordics,Hardware,-10519,-11666,-11487
2024-08-01,18,Other,FX Gain/(Loss),Nordics,Hardware,-5787,-6249,-6251
2024-08-01,19,Other,Other Income/(Expense),Nordics,Hardware,-7909,-8333,-8377
2024-08-01,20,Other,Income Tax,Nordics,Hardware,-34531,-37497,-37476
2024-09-01,1,Revenue,Product Revenue,France,Software,809908,855168,818912
2024-09-01,2,Revenue,Subscription Revenue,France,Software,600878,641376,622304
2024-09-01,3,Revenue,Service Revenue,France,Software,345657,374136,355805
2024-09-01,4,Revenue,Support & Maintenance,France,Software,180363,192413,187311
2024-09-01,5,COGS,Direct Materials,France,Software,-260072,-277930,-278500
2024-09-01,6,COGS,Direct Labor,France,Software,-243541,-256550,-254510
2024-09-01,7,COGS,Cloud & Hosting,France,Software,-117698,-128275,-122422
2024-09-01,8,COGS,Support Delivery,France,Software,-88782,-96206,-96235
2024-09-01,9,Operating Expenses,Sales,France,Software,-178687,-192413,-192070
2024-09-01,10,Operating Expenses,Marketing,France,Software,-150556,-160344,-154471
2024-09-01,11,Operating Expenses,Research & Development,France,Software,-219837,-235171,-233471
2024-09-01,12,Operating Expenses,General & Administrative,France,Software,-122637,-138965,-131562
2024-09-01,13,Operating Expenses,IT & Systems,France,Software,-66464,-74827,-74657
2024-09-01,14,Operating Expenses,Facilities & Rent,France,Software,-57743,-64138,-63911
2024-09-01,15,Operating Expenses,Depreciation & Amort.,France,Software,-53627,-58793,-56421
2024-09-01,16,Other,Interest Income,France,Software,11774,12828,12416
2024-09-01,17,Other,Interest Expense,France,Software,-27940,-29931,-28463
2024-09-01,18,Other,FX Gain/(Loss),France,Software,14968,16034,15155
2024-09-01,19,Other,Other Income/(Expense),France,Software,19379,21379,21588
2024-09-01,20,Other,Income Tax,France,Software,-86874,-96206,-94467
2024-09-01,1,Revenue,Product Revenue,France,Services,478657,513101,502623
2024-09-01,2,Revenue,Subscription Revenue,France,Services,363335,384826,373228
2024-09-01,3,Revenue,Service Revenue,France,Services,201752,224482,227351
2024-09-01,4,Revenue,Support & Maintenance,France,Services,109410,115448,110010
2024-09-01,5,COGS,Direct Materials,France,Services,-157709,-166758,-160040
2024-09-01,6,COGS,Direct Labor,France,Services,-136781,-153930,-149682
2024-09-01,7,COGS,Cloud & Hosting,France,Services,-70262,-76965,-76875
2024-09-01,8,COGS,Support Delivery,France,Services,-54736,-57724,-56060
2024-09-01,9,Operating Expenses,Sales,France,Services,-104827,-115448,-115500
2024-09-01,10,Operating Expenses,Marketing,France,Services,-90994,-96206,-94259
2024-09-01,11,Operating Expenses,Research & Development,France,Services,-128859,-141103,-139930
2024-09-01,12,Operating Expenses,General & Administrative,France,Services,-77759,-83379,-83162
2024-09-01,13,Operating Expenses,IT & Systems,France,Services,-41307,-44896,-43656
2024-09-01,14,Operating Expenses,Facilities & Rent,France,Services,-35464,-38483,-39132
2024-09-01,15,Operating Expenses,Depreciation & Amort.,France,Services,-32054,-35276,-35686
2024-09-01,16,Other,Interest Income,France,Services,7190,7697,7531
2024-09-01,17,Other,Interest Expense,France,Services,-16345,-17959,-17243
2024-09-01,18,Other,FX Gain/(Loss),France,Services,-8783,-9621,-9475
2024-09-01,19,Other,Other Income/(Expense),France,Services,11301,12828,12872
2024-09-01,20,Other,Income Tax,France,Services,-51399,-57724,-56322
2024-09-01,1,Revenue,Product Revenue,France,Hardware,605050,684134,695778
2024-09-01,2,Revenue,Subscription Revenue,France,Hardware,461387,513101,486363
2024-09-01,3,Revenue,Service Revenue,France,Hardware,277313,299309,302088
2024-09-01,4,Revenue,Support & Maintenance,France,Hardware,144448,153930,154745
2024-09-01,5,COGS,Direct Materials,France,Hardware,-198649,-222344,-226590
2024-09-01,6,COGS,Direct Labor,France,Hardware,-192490,-205240,-195335
2024-09-01,7,COGS,Cloud & Hosting,France,Hardware,-91550,-102620,-96624
2024-09-01,8,COGS,Support Delivery,France,Hardware,-67776,-76965,-76785
2024-09-01,9,Operating Expenses,Sales,France,Hardware,-143784,-153930,-147945
2024-09-01,10,Operating Expenses,Marketing,France,Hardware,-116489,-128275,-130499
2024-09-01,11,Operating Expenses,Research & Development,France,Hardware,-176675,-188137,-186363
2024-09-01,12,Operating Expenses,General & Administrative,France,Hardware,-103409,-111172,-108103
2024-09-01,13,Operating Expenses,IT & Systems,France,Hardware,-54510,-59862,-58736
2024-09-01,14,Operating Expenses,Facilities & Rent,France,Hardware,-47801,-51310,-49538
2024-09-01,15,Operating Expenses,Depreciation & Amort.,France,Hardware,-42588,-47034,-46719
2024-09-01,16,Other,Interest Income,France,Hardware,9044,10262,10431
2024-09-01,17,Other,Interest Expense,France,Hardware,-21995,-23945,-24009
2024-09-01,18,Other,FX Gain/(Loss),France,Hardware,11772,12828,13021
2024-09-01,19,Other,Other Income/(Expense),France,Hardware,-15796,-17103,-16760
2024-09-01,20,Other,Income Tax,France,Hardware,-68628,-76965,-77415
2024-09-01,1,Revenue,Product Revenue,Germany,Software,967445,1026202,999682
2024-09-01,2,Revenue,Subscription Revenue,Germany,Software,730798,769651,729449
2024-09-01,3,Revenue,Service Revenue,Germany,Software,399180,448963,427946
2024-09-01,4,Revenue,Support & Maintenance,Germany,Software,210597,230895,234785
2024-09-01,5,COGS,Direct Materials,Germany,Software,-304725,-333516,-331502
2024-09-01,6,COGS,Direct Labor,Germany,Software,-288323,-307860,-289976
2024-09-01,7,COGS,Cloud & Hosting,Germany,Software,-136595,-153930,-154927
2024-09-01,8,COGS,Support Delivery,Germany,Software,-106999,-115448,-116854
2024-09-01,9,Operating Expenses,Sales,Germany,Software,-202947,-230895,-224057
2024-09-01,10,Operating Expenses,Marketing,Germany,Software,-173720,-192413,-185421
2024-09-01,11,Operating Expenses,Research & Development,Germany,Software,-252575,-282205,-268864
2024-09-01,12,Operating Expenses,General & Administrative,Germany,Software,-154419,-166758,-159502
2024-09-01,13,Operating Expenses,IT & Systems,Germany,Software,-79219,-89793,-85824
2024-09-01,14,Operating Expenses,Facilities & Rent,Germany,Software,-69973,-76965,-73107
2024-09-01,15,Operating Expenses,Depreciation & Amort.,Germany,Software,-65171,-70551,-70787
2024-09-01,16,Other,Interest Income,Germany,Software,13588,15393,14988
2024-09-01,17,Other,Interest Expense,Germany,Software,-33087,-35917,-36306
2024-09-01,18,Other,FX Gain/(Loss),Germany,Software,-18075,-19241,-19173
2024-09-01,19,Other,Other Income/(Expense),Germany,Software,23100,25655,24558
2024-09-01,20,Other,Income Tax,Germany,Software,-103983,-115448,-108925
2024-09-01,1,Revenue,Product Revenue,Germany,Services,553639,615721,589705
2024-09-01,2,Revenue,Subscription Revenue,Germany,Services,415785,461791,452199
2024-09-01,3,Revenue,Service Revenue,Germany,Services,248224,269378,273569
2024-09-01,4,Revenue,Support & Maintenance,Germany,Services,130684,138537,134135
2024-09-01,5,COGS,Direct Materials,Germany,Services,-180926,-200109,-198227
2024-09-01,6,COGS,Direct Labor,Germany,Services,-172309,-184716,-187868
2024-09-01,7,COGS,Cloud & Hosting,Germany,Services,-81321,-92358,-91019
2024-09-01,8,COGS,Support Delivery,Germany,Services,-62543,-69269,-66656
2024-09-01,9,Operating Expenses,Sales,Germany,Services,-127573,-138537,-138257
2024-09-01,10,Operating Expenses,Marketing,Germany,Services,-108980,-115448,-114138
2024-09-01,11,Operating Expenses,Research & Development,Germany,Services,-154481,-169323,-161112
2024-09-01,12,Operating Expenses,General & Administrative,Germany,Services,-90091,-100055,-95546
2024-09-01,13,Operating Expenses,IT & Systems,Germany,Services,-49753,-53876,-54400
2024-09-01,14,Operating Expenses,Facilities & Rent,Germany,Services,-42373,-46179,-46561
2024-09-01,15,Operating Expenses,Depreciation & Amort.,Germany,Services,-39164,-42331,-41294
2024-09-01,16,Other,Interest Income,Germany,Services,8129,9236,8840
2024-09-01,17,Other,Interest Expense,Germany,Services,-19061,-21550,-21872
2024-09-01,18,Other,FX Gain/(Loss),Germany,Services,10425,11545,11678
2024-09-01,19,Other,Other Income/(Expense),Germany,Services,-14044,-15393,-15637
2024-09-01,20,Other,Income Tax,Germany,Services,-61418,-69269,-68827
2024-09-01,1,Revenue,Product Revenue,Germany,Hardware,772187,820961,814425
2024-09-01,2,Revenue,Subscription Revenue,Germany,Hardware,557022,615721,583973
2024-09-01,3,Revenue,Service Revenue,Germany,Hardware,332327,359171,365150
2024-09-01,4,Revenue,Support & Maintenance,Germany,Hardware,169474,184716,187985
2024-09-01,5,COGS,Direct Materials,Germany,Hardware,-244460,-266812,-258205
2024-09-01,6,COGS,Direct Labor,Germany,Hardware,-216294,-246288,-245487
2024-09-01,7,COGS,Cloud & Hosting,Germany,Hardware,-114495,-123144,-123137
2024-09-01,8,COGS,Support Delivery,Germany,Hardware,-86806,-92358,-89834
2024-09-01,9,Operating Expenses,Sales,Germany,Hardware,-173020,-184716,-185865
2024-09-01,10,Operating Expenses,Marketing,Germany,Hardware,-137723,-153930,-153927
2024-09-01,11,Operating Expenses,Research & Development,Germany,Hardware,-200466,-225764,-214372
2024-09-01,12,Operating Expenses,General & Administrative,Germany,Hardware,-124345,-133406,-130999
2024-09-01,13,Operating Expenses,IT & Systems,Germany,Hardware,-65503,-71834,-72061
2024-09-01,14,Operating Expenses,Facilities & Rent,Germany,Hardware,-55614,-61572,-60189
2024-09-01,15,Operating Expenses,Depreciation & Amort.,Germany,Hardware,-50870,-56441,-55083
2024-09-01,16,Other,Interest Income,Germany,Hardware,11485,12314,11757
2024-09-01,17,Other,Interest Expense,Germany,Hardware,-26825,-28734,-27594
2024-09-01,18,Other,FX Gain/(Loss),Germany,Hardware,-14546,-15393,-14972
2024-09-01,19,Other,Other Income/(Expense),Germany,Hardware,19245,20524,19779
2024-09-01,20,Other,Income Tax,Germany,Hardware,-82811,-92358,-91968
2024-09-01,1,Revenue,Product Revenue,United Kingdom,Software,694871,769651,724694
2024-09-01,2,Revenue,Subscription Revenue,United Kingdom,Software,520151,577238,578667
2024-09-01,3,Revenue,Service Revenue,United Kingdom,Software,298867,336722,337540
2024-09-01,4,Revenue,Support & Maintenance,United Kingdom,Software,152014,173172,166063
2024-09-01,5,COGS,Direct Materials,United Kingdom,Software,-230772,-250137,-246949
2024-09-01,6,COGS,Direct Labor,United Kingdom,Software,-215418,-230895,-234026
2024-09-01,7,COGS,Cloud & Hosting,United Kingdom,Software,-101231,-115448,-111410
2024-09-01,8,COGS,Support Delivery,United Kingdom,Software,-76142,-86586,-84190
2024-09-01,9,Operating Expenses,Sales,United Kingdom,Software,-153671,-173172,-167067
2024-09-01,10,Operating Expenses,Marketing,United Kingdom,Software,-129010,-144310,-141998
2024-09-01,11,Operating Expenses,Research & Development,United Kingdom,Software,-192288,-211654,-202770
2024-09-01,12,Operating Expenses,General & Administrative,United Kingdom,Software,-110971,-125068,-124134
2024-09-01,13,Operating Expenses,IT & Systems,United Kingdom,Software,-61731,-67344,-67557
2024-09-01,14,Operating Expenses,Facilities & Rent,United Kingdom,Software,-54758,-57724,-56806
2024-09-01,15,Operating Expenses,Depreciation & Amort.,United Kingdom,Software,-48918,-52914,-52436
2024-09-01,16,Other,Interest Income,United Kingdom,Software,10335,11545,10893
2024-09-01,17,Other,Interest Expense,United Kingdom,Software,-24410,-26938,-27267
2024-09-01,18,Other,FX Gain/(Loss),United Kingdom,Software,-13339,-14431,-13586
2024-09-01,19,Other,Other Income/(Expense),United Kingdom,Software,17872,19241,18204
2024-09-01,20,Other,Income Tax,United Kingdom,Software,-80165,-86586,-86590
2024-09-01,1,Revenue,Product Revenue,United Kingdom,Services,405600,461791,455754
2024-09-01,2,Revenue,Subscription Revenue,United Kingdom,Services,305364,346343,330266
2024-09-01,3,Revenue,Service Revenue,United Kingdom,Services,187031,202033,191232
2024-09-01,4,Revenue,Support & Maintenance,United Kingdom,Services,95891,103903,100141
2024-09-01,5,COGS,Direct Materials,United Kingdom,Services,-133558,-150082,-152660
2024-09-01,6,COGS,Direct Labor,United Kingdom,Services,-124646,-138537,-131330
2024-09-01,7,COGS,Cloud & Hosting,United Kingdom,Services,-62587,-69269,-67208
2024-09-01,8,COGS,Support Delivery,United Kingdom,Services,-48069,-51951,-51991
2024-09-01,9,Operating Expenses,Sales,United Kingdom,Services,-92007,-103903,-103971
2024-09-01,10,Operating Expenses,Marketing,United Kingdom,Services,-77828,-86586,-86245
2024-09-01,11,Operating Expenses,Research & Development,United Kingdom,Services,-113168,-126992,-126218
2024-09-01,12,Operating Expenses,General & Administrative,United Kingdom,Services,-69798,-75041,-76328
2024-09-01,13,Operating Expenses,IT & Systems,United Kingdom,Services,-37049,-40407,-39948
2024-09-01,14,Operating Expenses,Facilities & Rent,United Kingdom,Services,-31371,-34634,-33853
2024-09-01,15,Operating Expenses,Depreciation & Amort.,United Kingdom,Services,-29117,-31748,-29970
2024-09-01,16,Other,Interest Income,United Kingdom,Services,6492,6927,6951
2024-09-01,17,Other,Interest Expense,United Kingdom,Services,-14298,-16163,-15551
2024-09-01,18,Other,FX Gain/(Loss),United Kingdom,Services,8070,8659,8282
2024-09-01,19,Other,Other Income/(Expense),United Kingdom,Services,10459,11545,10991
2024-09-01,20,Other,Income Tax,United Kingdom,Services,-46437,-51951,-52369
2024-09-01,1,Revenue,Product Revenue,United Kingdom,Hardware,553393,615721,604905
2024-09-01,2,Revenue,Subscription Revenue,United Kingdom,Hardware,435964,461791,444704
2024-09-01,3,Revenue,Service Revenue,United Kingdom,Hardware,253775,269378,256880
2024-09-01,4,Revenue,Support & Maintenance,United Kingdom,Hardware,123713,138537,137367
2024-09-01,5,COGS,Direct Materials,United Kingdom,Hardware,-178941,-200109,-198831
2024-09-01,6,COGS,Direct Labor,United Kingdom,Hardware,-169894,-184716,-185685
2024-09-01,7,COGS,Cloud & Hosting,United Kingdom,Hardware,-84783,-92358,-93621
2024-09-01,8,COGS,Support Delivery,United Kingdom,Hardware,-64139,-69269,-68792
2024-09-01,9,Operating Expenses,Sales,United Kingdom,Hardware,-130701,-138537,-134082
2024-09-01,10,Operating Expenses,Marketing,United Kingdom,Hardware,-101972,-115448,-108914
2024-09-01,11,Operating Expenses,Research & Development,United Kingdom,Hardware,-152527,-169323,-167573
2024-09-01,12,Operating Expenses,General & Administrative,United Kingdom,Hardware,-90624,-100055,-96355
2024-09-01,13,Operating Expenses,IT & Systems,United Kingdom,Hardware,-49089,-53876,-51923
2024-09-01,14,Operating Expenses,Facilities & Rent,United Kingdom,Hardware,-43200,-46179,-45747
2024-09-01,15,Operating Expenses,Depreciation & Amort.,United Kingdom,Hardware,-39887,-42331,-41237
2024-09-01,16,Other,Interest Income,United Kingdom,Hardware,8514,9236,8794
2024-09-01,17,Other,Interest Expense,United Kingdom,Hardware,-19205,-21550,-21618
2024-09-01,18,Other,FX Gain/(Loss),United Kingdom,Hardware,-10259,-11545,-11366
2024-09-01,19,Other,Other Income/(Expense),United Kingdom,Hardware,14419,15393,15416
2024-09-01,20,Other,Income Tax,United Kingdom,Hardware,-63043,-69269,-69793
2024-09-01,1,Revenue,Product Revenue,Spain,Software,480774,513101,510064
2024-09-01,2,Revenue,Subscription Revenue,Spain,Software,354107,384826,371986
2024-09-01,3,Revenue,Service Revenue,Spain,Software,208761,224482,222521
2024-09-01,4,Revenue,Support & Maintenance,Spain,Software,103547,115448,110845
2024-09-01,5,COGS,Direct Materials,Spain,Software,-156034,-166758,-161562
2024-09-01,6,COGS,Direct Labor,Spain,Software,-141867,-153930,-154140
2024-09-01,7,COGS,Cloud & Hosting,Spain,Software,-68528,-76965,-76329
2024-09-01,8,COGS,Support Delivery,Spain,Software,-52225,-57724,-54374
2024-09-01,9,Operating Expenses,Sales,Spain,Software,-108884,-115448,-114769
2024-09-01,10,Operating Expenses,Marketing,Spain,Software,-85213,-96206,-95928
2024-09-01,11,Operating Expenses,Research & Development,Spain,Software,-127126,-141103,-139211
2024-09-01,12,Operating Expenses,General & Administrative,Spain,Software,-77029,-83379,-79180
2024-09-01,13,Operating Expenses,IT & Systems,Spain,Software,-39749,-44896,-44487
2024-09-01,14,Operating Expenses,Facilities & Rent,Spain,Software,-35072,-38483,-37125
2024-09-01,15,Operating Expenses,Depreciation & Amort.,Spain,Software,-31031,-35276,-35717
2024-09-01,16,Other,Interest Income,Spain,Software,7025,7697,7581
2024-09-01,17,Other,Interest Expense,Spain,Software,-16342,-17959,-17107
2024-09-01,18,Other,FX Gain/(Loss),Spain,Software,-9079,-9621,-9296
2024-09-01,19,Other,Other Income/(Expense),Spain,Software,-12107,-12828,-12819
2024-09-01,20,Other,Income Tax,Spain,Software,-53863,-57724,-54992
2024-09-01,1,Revenue,Product Revenue,Spain,Services,291232,307860,312131
2024-09-01,2,Revenue,Subscription Revenue,Spain,Services,205851,230895,224747
2024-09-01,3,Revenue,Service Revenue,Spain,Services,124751,134689,129395
2024-09-01,4,Revenue,Support & Maintenance,Spain,Services,61916,69269,70458
2024-09-01,5,COGS,Direct Materials,Spain,Services,-92655,-100055,-94779
2024-09-01,6,COGS,Direct Labor,Spain,Services,-84061,-92358,-93418
2024-09-01,7,COGS,Cloud & Hosting,Spain,Services,-42221,-46179,-44991
2024-09-01,8,COGS,Support Delivery,Spain,Services,-32109,-34634,-33445
2024-09-01,9,Operating Expenses,Sales,Spain,Services,-63280,-69269,-68186
2024-09-01,10,Operating Expenses,Marketing,Spain,Services,-52957,-57724,-56229
2024-09-01,11,Operating Expenses,Research & Development,Spain,Services,-79353,-84662,-79751
2024-09-01,12,Operating Expenses,General & Administrative,Spain,Services,-44122,-50027,-48062
2024-09-01,13,Operating Expenses,IT & Systems,Spain,Services,-23875,-26938,-26873
2024-09-01,14,Operating Expenses,Facilities & Rent,Spain,Services,-21741,-23090,-23249
2024-09-01,15,Operating Expenses,Depreciation & Amort.,Spain,Services,-18823,-21165,-21058
2024-09-01,16,Other,Interest Income,Spain,Services,4137,4618,4451
2024-09-01,17,Other,Interest Expense,Spain,Services,-9877,-10775,-10367
2024-09-01,18,Other,FX Gain/(Loss),Spain,Services,5218,5772,5635
2024-09-01,19,Other,Other Income/(Expense),Spain,Services,7030,7697,7348
2024-09-01,20,Other,Income Tax,Spain,Services,-32200,-34634,-32826
2024-09-01,1,Revenue,Product Revenue,Spain,Hardware,380363,410481,406176
2024-09-01,2,Revenue,Subscription Revenue,Spain,Hardware,271729,307860,307009
2024-09-01,3,Revenue,Service Revenue,Spain,Hardware,158667,179585,171982
2024-09-01,4,Revenue,Support & Maintenance,Spain,Hardware,86878,92358,93222
2024-09-01,5,COGS,Direct Materials,Spain,Hardware,-124028,-133406,-126658
2024-09-01,6,COGS,Direct Labor,Spain,Hardware,-108329,-123144,-118207
2024-09-01,7,COGS,Cloud & Hosting,Spain,Hardware,-57231,-61572,-61253
2024-09-01,8,COGS,Support Delivery,Spain,Hardware,-41124,-46179,-46771
2024-09-01,9,Operating Expenses,Sales,Spain,Hardware,-83993,-92358,-93534
2024-09-01,10,Operating Expenses,Marketing,Spain,Hardware,-68444,-76965,-77901
2024-09-01,11,Operating Expenses,Research & Development,Spain,Hardware,-99320,-112882,-106267
2024-09-01,12,Operating Expenses,General & Administrative,Spain,Hardware,-62196,-66703,-66144
2024-09-01,13,Operating Expenses,IT & Systems,Spain,Hardware,-34059,-35917,-35213
2024-09-01,14,Operating Expenses,Facilities & Rent,Spain,Hardware,-27532,-30786,-30906
2024-09-01,15,Operating Expenses,Depreciation & Amort.,Spain,Hardware,-26584,-28221,-26728
2024-09-01,16,Other,Interest Income,Spain,Hardware,5627,6157,5988
2024-09-01,17,Other,Interest Expense,Spain,Hardware,-13464,-14367,-13720
2024-09-01,18,Other,FX Gain/(Loss),Spain,Hardware,6895,7697,7538
2024-09-01,19,Other,Other Income/(Expense),Spain,Hardware,9229,10262,9828
2024-09-01,20,Other,Income Tax,Spain,Hardware,-41321,-46179,-45352
2024-09-01,1,Revenue,Product Revenue,Italy,Software,531785,598618,572856
2024-09-01,2,Revenue,Subscription Revenue,Italy,Software,398751,448963,425127
2024-09-01,3,Revenue,Service Revenue,Italy,Software,239646,261895,248176
2024-09-01,4,Revenue,Support & Maintenance,Italy,Software,118142,134689,134864
2024-09-01,5,COGS,Direct Materials,Italy,Software,-181858,-194551,-189523
2024-09-01,6,COGS,Direct Labor,Italy,Software,-159518,-179585,-180706
2024-09-01,7,COGS,Cloud & Hosting,Italy,Software,-82285,-89793,-89011
2024-09-01,8,COGS,Support Delivery,Italy,Software,-59452,-67344,-65354
2024-09-01,9,Operating Expenses,Sales,Italy,Software,-127501,-134689,-126861
2024-09-01,10,Operating Expenses,Marketing,Italy,Software,-102735,-112241,-106268
2024-09-01,11,Operating Expenses,Research & Development,Italy,Software,-151976,-164620,-164081
2024-09-01,12,Operating Expenses,General & Administrative,Italy,Software,-91447,-97275,-98919
2024-09-01,13,Operating Expenses,IT & Systems,Italy,Software,-47812,-52379,-52324
2024-09-01,14,Operating Expenses,Facilities & Rent,Italy,Software,-40063,-44896,-42821
2024-09-01,15,Operating Expenses,Depreciation & Amort.,Italy,Software,-36184,-41155,-41751
2024-09-01,16,Other,Interest Income,Italy,Software,8386,8979,8914
2024-09-01,17,Other,Interest Expense,Italy,Software,-19065,-20952,-20598
2024-09-01,18,Other,FX Gain/(Loss),Italy,Software,-10445,-11224,-11005
2024-09-01,19,Other,Other Income/(Expense),Italy,Software,-13682,-14965,-14123
2024-09-01,20,Other,Income Tax,Italy,Software,-59666,-67344,-65154
2024-09-01,1,Revenue,Product Revenue,Italy,Services,337630,359171,339031
2024-09-01,2,Revenue,Subscription Revenue,Italy,Services,242896,269378,263343
2024-09-01,3,Revenue,Service Revenue,Italy,Services,140466,157137,158283
2024-09-01,4,Revenue,Support & Maintenance,Italy,Services,74326,80813,78707
2024-09-01,5,COGS,Direct Materials,Italy,Services,-105026,-116730,-115155
2024-09-01,6,COGS,Direct Labor,Italy,Services,-94783,-107751,-104604
2024-09-01,7,COGS,Cloud & Hosting,Italy,Services,-47365,-53876,-52020
2024-09-01,8,COGS,Support Delivery,Italy,Services,-37461,-40407,-39177
2024-09-01,9,Operating Expenses,Sales,Italy,Services,-72163,-80813,-76507
2024-09-01,10,Operating Expenses,Marketing,Italy,Services,-60290,-67344,-64631
2024-09-01,11,Operating Expenses,Research & Development,Italy,Services,-88309,-98772,-94916
2024-09-01,12,Operating Expenses,General & Administrative,Italy,Services,-55061,-58365,-58237
2024-09-01,13,Operating Expenses,IT & Systems,Italy,Services,-29460,-31427,-30172
2024-09-01,14,Operating Expenses,Facilities & Rent,Italy,Services,-24723,-26938,-26516
2024-09-01,15,Operating Expenses,Depreciation & Amort.,Italy,Services,-21968,-24693,-23675
2024-09-01,16,Other,Interest Income,Italy,Services,4937,5388,5290
2024-09-01,17,Other,Interest Expense,Italy,Services,-11510,-12571,-12348
2024-09-01,18,Other,FX Gain/(Loss),Italy,Services,6390,6734,6839
2024-09-01,19,Other,Other Income/(Expense),Italy,Services,8418,8979,8717
2024-09-01,20,Other,Income Tax,Italy,Services,-37128,-40407,-39252
2024-09-01,1,Revenue,Product Revenue,Italy,Hardware,425890,478894,480181
2024-09-01,2,Revenue,Subscription Revenue,Italy,Hardware,338045,359171,339646
2024-09-01,3,Revenue,Service Revenue,Italy,Hardware,195188,209516,201004
2024-09-01,4,Revenue,Support & Maintenance,Italy,Hardware,100509,107751,108232
2024-09-01,5,COGS,Direct Materials,Italy,Hardware,-139214,-155641,-153076
2024-09-01,6,COGS,Direct Labor,Italy,Hardware,-126732,-143668,-139336
2024-09-01,7,COGS,Cloud & Hosting,Italy,Hardware,-64998,-71834,-67912
2024-09-01,8,COGS,Support Delivery,Italy,Hardware,-47862,-53876,-54543
2024-09-01,9,Operating Expenses,Sales,Italy,Hardware,-100612,-107751,-109400
2024-09-01,10,Operating Expenses,Marketing,Italy,Hardware,-79603,-89793,-86883
2024-09-01,11,Operating Expenses,Research & Development,Italy,Hardware,-123762,-131696,-131500
2024-09-01,12,Operating Expenses,General & Administrative,Italy,Hardware,-72458,-77820,-77073
2024-09-01,13,Operating Expenses,IT & Systems,Italy,Hardware,-37906,-41903,-42717
2024-09-01,14,Operating Expenses,Facilities & Rent,Italy,Hardware,-33082,-35917,-33886
2024-09-01,15,Operating Expenses,Depreciation & Amort.,Italy,Hardware,-29947,-32924,-32988
2024-09-01,16,Other,Interest Income,Italy,Hardware,6660,7183,7167
2024-09-01,17,Other,Interest Expense,Italy,Hardware,-15088,-16761,-16297
2024-09-01,18,Other,FX Gain/(Loss),Italy,Hardware,-8505,-8979,-8856
2024-09-01,19,Other,Other Income/(Expense),Italy,Hardware,-11092,-11972,-11544
2024-09-01,20,Other,Income Tax,Italy,Hardware,-49323,-53876,-51412
2024-09-01,1,Revenue,Product Revenue,United States,Software,1213634,1368269,1342282
2024-09-01,2,Revenue,Subscription Revenue,United States,Software,933574,1026202,985750
2024-09-01,3,Revenue,Service Revenue,United States,Software,528351,598618,608724
2024-09-01,4,Revenue,Support & Maintenance,United States,Software,287153,307860,313725
2024-09-01,5,COGS,Direct Materials,United States,Software,-398052,-444687,-437522
2024-09-01,6,COGS,Direct Labor,United States,Software,-367640,-410481,-408994
2024-09-01,7,COGS,Cloud & Hosting,United States,Software,-188704,-205240,-199414
2024-09-01,8,COGS,Support Delivery,United States,Software,-135733,-153930,-146181
2024-09-01,9,Operating Expenses,Sales,United States,Software,-276174,-307860,-304973
2024-09-01,10,Operating Expenses,Marketing,United States,Software,-242885,-256550,-247365
2024-09-01,11,Operating Expenses,Research & Development,United States,Software,-343681,-376274,-356076
2024-09-01,12,Operating Expenses,General & Administrative,United States,Software,-204788,-222344,-216108
2024-09-01,13,Operating Expenses,IT & Systems,United States,Software,-105821,-119724,-119934
2024-09-01,14,Operating Expenses,Facilities & Rent,United States,Software,-92647,-102620,-99770
2024-09-01,15,Operating Expenses,Depreciation & Amort.,United States,Software,-85866,-94068,-91274
2024-09-01,16,Other,Interest Income,United States,Software,18393,20524,19915
2024-09-01,17,Other,Interest Expense,United States,Software,-42563,-47889,-46284
2024-09-01,18,Other,FX Gain/(Loss),United States,Software,23536,25655,26093
2024-09-01,19,Other,Other Income/(Expense),United States,Software,31326,34207,33125
2024-09-01,20,Other,Income Tax,United States,Software,-144151,-153930,-146198
2024-09-01,1,Revenue,Product Revenue,United States,Services,748677,820961,803248
2024-09-01,2,Revenue,Subscription Revenue,United States,Services,568340,615721,595086
2024-09-01,3,Revenue,Service Revenue,United States,Services,327805,359171,348643
2024-09-01,4,Revenue,Support & Maintenance,United States,Services,163684,184716,184758
2024-09-01,5,COGS,Direct Materials,United States,Services,-242217,-266812,-258372
2024-09-01,6,COGS,Direct Labor,United States,Services,-223845,-246288,-238349
2024-09-01,7,COGS,Cloud & Hosting,United States,Services,-115155,-123144,-124733
2024-09-01,8,COGS,Support Delivery,United States,Services,-82035,-92358,-89187
2024-09-01,9,Operating Expenses,Sales,United States,Services,-164265,-184716,-182506
2024-09-01,10,Operating Expenses,Marketing,United States,Services,-135717,-153930,-154119
2024-09-01,11,Operating Expenses,Research & Development,United States,Services,-199360,-225764,-220067
2024-09-01,12,Operating Expenses,General & Administrative,United States,Services,-118926,-133406,-129515
2024-09-01,13,Operating Expenses,IT & Systems,United States,Services,-66643,-71834,-71245
2024-09-01,14,Operating Expenses,Facilities & Rent,United States,Services,-56309,-61572,-61616
2024-09-01,15,Operating Expenses,Depreciation & Amort.,United States,Services,-50030,-56441,-54246
2024-09-01,16,Other,Interest Income,United States,Services,11496,12314,11774
2024-09-01,17,Other,Interest Expense,United States,Services,-25472,-28734,-29174
2024-09-01,18,Other,FX Gain/(Loss),United States,Services,-14611,-15393,-15180
2024-09-01,19,Other,Other Income/(Expense),United States,Services,19120,20524,19381
2024-09-01,20,Other,Income Tax,United States,Services,-83773,-92358,-91532
2024-09-01,1,Revenue,Product Revenue,United States,Hardware,971350,1094615,1083733
2024-09-01,2,Revenue,Subscription Revenue,United States,Hardware,733733,820961,781000
2024-09-01,3,Revenue,Service Revenue,United States,Hardware,430339,478894,454309
2024-09-01,4,Revenue,Support & Maintenance,United States,Hardware,232239,246288,246237
2024-09-01,5,COGS,Direct Materials,United States,Hardware,-312752,-355750,-360783
2024-09-01,6,COGS,Direct Labor,United States,Hardware,-303817,-328385,-314592
2024-09-01,7,COGS,Cloud & Hosting,United States,Hardware,-148803,-164192,-155490
2024-09-01,8,COGS,Support Delivery,United States,Hardware,-115480,-123144,-119901
2024-09-01,9,Operating Expenses,Sales,United States,Hardware,-224678,-246288,-244846
2024-09-01,10,Operating Expenses,Marketing,United States,Hardware,-184507,-205240,-199582
2024-09-01,11,Operating Expenses,Research & Development,United States,Hardware,-273272,-301019,-289938
2024-09-01,12,Operating Expenses,General & Administrative,United States,Hardware,-162370,-177875,-177755
2024-09-01,13,Operating Expenses,IT & Systems,United States,Hardware,-88554,-95779,-90242
2024-09-01,14,Operating Expenses,Facilities & Rent,United States,Hardware,-74056,-82096,-81196
2024-09-01,15,Operating Expenses,Depreciation & Amort.,United States,Hardware,-70383,-75255,-73199
2024-09-01,16,Other,Interest Income,United States,Hardware,14465,16419,15468
2024-09-01,17,Other,Interest Expense,United States,Hardware,-34386,-38312,-37448
2024-09-01,18,Other,FX Gain/(Loss),United States,Hardware,18283,20524,20040
2024-09-01,19,Other,Other Income/(Expense),United States,Hardware,-24828,-27365,-26398
2024-09-01,20,Other,Income Tax,United States,Hardware,-109691,-123144,-118414
2024-09-01,1,Revenue,Product Revenue,Nordics,Software,379709,427584,419057
2024-09-01,2,Revenue,Subscription Revenue,Nordics,Software,297516,320688,319665
2024-09-01,3,Revenue,Service Revenue,Nordics,Software,177334,187068,182659
2024-09-01,4,Revenue,Support & Maintenance,Nordics,Software,85438,96206,98008
2024-09-01,5,COGS,Direct Materials,Nordics,Software,-130368,-138965,-133611
2024-09-01,6,COGS,Direct Labor,Nordics,Software,-119463,-128275,-125117
2024-09-01,7,COGS,Cloud & Hosting,Nordics,Software,-57955,-64138,-62589
2024-09-01,8,COGS,Support Delivery,Nordics,Software,-42417,-48103,-46332
2024-09-01,9,Operating Expenses,Sales,Nordics,Software,-88911,-96206,-96887
2024-09-01,10,Operating Expenses,Marketing,Nordics,Software,-74332,-80172,-76524
2024-09-01,11,Operating Expenses,Research & Development,Nordics,Software,-107353,-117586,-117479
2024-09-01,12,Operating Expenses,General & Administrative,Nordics,Software,-62755,-69482,-68922
2024-09-01,13,Operating Expenses,IT & Systems,Nordics,Software,-34241,-37414,-37556
2024-09-01,14,Operating Expenses,Facilities & Rent,Nordics,Software,-29500,-32069,-31638
2024-09-01,15,Operating Expenses,Depreciation & Amort.,Nordics,Software,-27293,-29396,-29438
2024-09-01,16,Other,Interest Income,Nordics,Software,5753,6414,6129
2024-09-01,17,Other,Interest Expense,Nordics,Software,-13384,-14965,-14512
2024-09-01,18,Other,FX Gain/(Loss),Nordics,Software,7108,8017,7996
2024-09-01,19,Other,Other Income/(Expense),Nordics,Software,-9991,-10690,-10564
2024-09-01,20,Other,Income Tax,Nordics,Software,-42975,-48103,-48637
2024-09-01,1,Revenue,Product Revenue,Nordics,Services,237089,256550,242496
2024-09-01,2,Revenue,Subscription Revenue,Nordics,Services,172129,192413,184494
2024-09-01,3,Revenue,Service Revenue,Nordics,Services,102942,112241,107194
2024-09-01,4,Revenue,Support & Maintenance,Nordics,Services,51075,57724,57470
2024-09-01,5,COGS,Direct Materials,Nordics,Services,-74913,-83379,-84835
2024-09-01,6,COGS,Direct Labor,Nordics,Services,-67585,-76965,-74183
2024-09-01,7,COGS,Cloud & Hosting,Nordics,Services,-33989,-38483,-37576
2024-09-01,8,COGS,Support Delivery,Nordics,Services,-25934,-28862,-27633
2024-09-01,9,Operating Expenses,Sales,Nordics,Services,-54296,-57724,-57166
2024-09-01,10,Operating Expenses,Marketing,Nordics,Services,-45427,-48103,-47435
2024-09-01,11,Operating Expenses,Research & Development,Nordics,Services,-62662,-70551,-70433
2024-09-01,12,Operating Expenses,General & Administrative,Nordics,Services,-37105,-41689,-39857
2024-09-01,13,Operating Expenses,IT & Systems,Nordics,Services,-21010,-22448,-22184
2024-09-01,14,Operating Expenses,Facilities & Rent,Nordics,Services,-17407,-19241,-19393
2024-09-01,15,Operating Expenses,Depreciation & Amort.,Nordics,Services,-16293,-17638,-16795
2024-09-01,16,Other,Interest Income,Nordics,Services,3470,3848,3639
2024-09-01,17,Other,Interest Expense,Nordics,Services,-8467,-8979,-9054
2024-09-01,18,Other,FX Gain/(Loss),Nordics,Services,4288,4810,4894
2024-09-01,19,Other,Other Income/(Expense),Nordics,Services,-5707,-6414,-6158
2024-09-01,20,Other,Income Tax,Nordics,Services,-26585,-28862,-28517
2024-09-01,1,Revenue,Product Revenue,Nordics,Hardware,302873,342067,330546
2024-09-01,2,Revenue,Subscription Revenue,Nordics,Hardware,232584,256550,258985
2024-09-01,3,Revenue,Service Revenue,Nordics,Hardware,132746,149654,141992
2024-09-01,4,Revenue,Support & Maintenance,Nordics,Hardware,69258,76965,75002
2024-09-01,5,COGS,Direct Materials,Nordics,Hardware,-100834,-111172,-105008
2024-09-01,6,COGS,Direct Labor,Nordics,Hardware,-96518,-102620,-100331
2024-09-01,7,COGS,Cloud & Hosting,Nordics,Hardware,-46000,-51310,-51670
2024-09-01,8,COGS,Support Delivery,Nordics,Hardware,-34468,-38483,-37192
2024-09-01,9,Operating Expenses,Sales,Nordics,Hardware,-72034,-76965,-75159
2024-09-01,10,Operating Expenses,Marketing,Nordics,Hardware,-57892,-64138,-65022
2024-09-01,11,Operating Expenses,Research & Development,Nordics,Hardware,-84314,-94068,-90977
2024-09-01,12,Operating Expenses,General & Administrative,Nordics,Hardware,-52606,-55586,-54083
2024-09-01,13,Operating Expenses,IT & Systems,Nordics,Hardware,-27794,-29931,-30254
2024-09-01,14,Operating Expenses,Facilities & Rent,Nordics,Hardware,-22596,-25655,-24659
2024-09-01,15,Operating Expenses,Depreciation & Amort.,Nordics,Hardware,-21511,-23517,-22420
2024-09-01,16,Other,Interest Income,Nordics,Hardware,4716,5131,4952
2024-09-01,17,Other,Interest Expense,Nordics,Hardware,-10861,-11972,-12083
2024-09-01,18,Other,FX Gain/(Loss),Nordics,Hardware,-5673,-6414,-6464
2024-09-01,19,Other,Other Income/(Expense),Nordics,Hardware,-7613,-8552,-8293
2024-09-01,20,Other,Income Tax,Nordics,Hardware,-34291,-38483,-38888
2024-10-01,1,Revenue,Product Revenue,France,Software,829546,924569,908682
2024-10-01,2,Revenue,Subscription Revenue,France,Software,648901,693427,662539
2024-10-01,3,Revenue,Service Revenue,France,Software,383379,404499,395260
2024-10-01,4,Revenue,Support & Maintenance,France,Software,186496,208028,208159
2024-10-01,5,COGS,Direct Materials,France,Software,-262669,-285111,-269642
2024-10-01,6,COGS,Direct Labor,France,Software,-242601,-263180,-267611
2024-10-01,7,COGS,Cloud & Hosting,France,Software,-116259,-131590,-130020
2024-10-01,8,COGS,Support Delivery,France,Software,-90280,-98692,-93325
2024-10-01,9,Operating Expenses,Sales,France,Software,-186416,-197385,-201134
2024-10-01,10,Operating Expenses,Marketing,France,Software,-151608,-164487,-159686
2024-10-01,11,Operating Expenses,Research & Development,France,Software,-218833,-241248,-237765
2024-10-01,12,Operating Expenses,General & Administrative,France,Software,-132461,-142556,-143473
2024-10-01,13,Operating Expenses,IT & Systems,France,Software,-71377,-76761,-77883
2024-10-01,14,Operating Expenses,Facilities & Rent,France,Software,-61739,-65795,-65451
2024-10-01,15,Operating Expenses,Depreciation & Amort.,France,Software,-54976,-60312,-57198
2024-10-01,16,Other,Interest Income,France,Software,11977,13159,12988
2024-10-01,17,Other,Interest Expense,France,Software,-29139,-30704,-31188
2024-10-01,18,Other,FX Gain/(Loss),France,Software,-14941,-16449,-15599
2024-10-01,19,Other,Other Income/(Expense),France,Software,-20352,-21932,-21720
2024-10-01,20,Other,Income Tax,France,Software,-93266,-98692,-100414
2024-10-01,1,Revenue,Product Revenue,France,Services,508959,554741,555037
2024-10-01,2,Revenue,Subscription Revenue,France,Services,393159,416056,417547
2024-10-01,3,Revenue,Service Revenue,France,Services,228507,242699,230719
2024-10-01,4,Revenue,Support & Maintenance,France,Services,110503,124817,119265
2024-10-01,5,COGS,Direct Materials,France,Services,-156527,-171067,-166152
2024-10-01,6,COGS,Direct Labor,France,Services,-140181,-157908,-156681
2024-10-01,7,COGS,Cloud & Hosting,France,Services,-70176,-78954,-74484
2024-10-01,8,COGS,Support Delivery,France,Services,-52271,-59215,-58931
2024-10-01,9,Operating Expenses,Sales,France,Services,-104681,-118431,-120137
2024-10-01,10,Operating Expenses,Marketing,France,Services,-89330,-98692,-93789
2024-10-01,11,Operating Expenses,Research & Development,France,Services,-134727,-144749,-141703
2024-10-01,12,Operating Expenses,General & Administrative,France,Services,-76708,-85533,-81280
2024-10-01,13,Operating Expenses,IT & Systems,France,Services,-41491,-46056,-46032
2024-10-01,14,Operating Expenses,Facilities & Rent,France,Services,-35448,-39477,-39883
2024-10-01,15,Operating Expenses,Depreciation & Amort.,France,Services,-32662,-36187,-35729
2024-10-01,16,Other,Interest Income,France,Services,7006,7895,7593
2024-10-01,17,Other,Interest Expense,France,Services,-17018,-18423,-17782
2024-10-01,18,Other,FX Gain/(Loss),France,Services,9318,9869,9378
2024-10-01,19,Other,Other Income/(Expense),France,Services,11563,13159,12900
2024-10-01,20,Other,Income Tax,France,Services,-51942,-59215,-58480
2024-10-01,1,Revenue,Product Revenue,France,Hardware,670680,739655,737510
2024-10-01,2,Revenue,Subscription Revenue,France,Hardware,521624,554741,524004
2024-10-01,3,Revenue,Service Revenue,France,Hardware,306436,323599,307436
2024-10-01,4,Revenue,Support & Maintenance,France,Hardware,156617,166422,158212
2024-10-01,5,COGS,Direct Materials,France,Hardware,-202666,-228089,-221575
2024-10-01,6,COGS,Direct Labor,France,Hardware,-197466,-210544,-203630
2024-10-01,7,COGS,Cloud & Hosting,France,Hardware,-95231,-105272,-102256
2024-10-01,8,COGS,Support Delivery,France,Hardware,-73825,-78954,-78192
2024-10-01,9,Operating Expenses,Sales,France,Hardware,-144450,-157908,-153189
2024-10-01,10,Operating Expenses,Marketing,France,Hardware,-117007,-131590,-128927
2024-10-01,11,Operating Expenses,Research & Development,France,Hardware,-171290,-192998,-194986
2024-10-01,12,Operating Expenses,General & Administrative,France,Hardware,-107892,-114044,-115868
2024-10-01,13,Operating Expenses,IT & Systems,France,Hardware,-58006,-61409,-58153
2024-10-01,14,Operating Expenses,Facilities & Rent,France,Hardware,-49887,-52636,-50448
2024-10-01,15,Operating Expenses,Depreciation & Amort.,France,Hardware,-42409,-48250,-45529
2024-10-01,16,Other,Interest Income,France,Hardware,9903,10527,10346
2024-10-01,17,Other,Interest Expense,France,Hardware,-23078,-24563,-23644
2024-10-01,18,Other,FX Gain/(Loss),France,Hardware,12312,13159,12886
2024-10-01,19,Other,Other Income/(Expense),France,Hardware,15828,17545,17181
2024-10-01,20,Other,Income Tax,France,Hardware,-74503,-78954,-78735
2024-10-01,1,Revenue,Product Revenue,Germany,Software,1035439,1109483,1079358
2024-10-01,2,Revenue,Subscription Revenue,Germany,Software,741908,832112,796947
2024-10-01,3,Revenue,Service Revenue,Germany,Software,450909,485399,473611
2024-10-01,4,Revenue,Support & Maintenance,Germany,Software,220645,249634,237361
2024-10-01,5,COGS,Direct Materials,Germany,Software,-315103,-342133,-336458
2024-10-01,6,COGS,Direct Labor,Germany,Software,-286878,-315816,-317908
2024-10-01,7,COGS,Cloud & Hosting,Germany,Software,-145952,-157908,-160140
2024-10-01,8,COGS,Support Delivery,Germany,Software,-106835,-118431,-119454
2024-10-01,9,Operating Expenses,Sales,Germany,Software,-215794,-236862,-223078
2024-10-01,10,Operating Expenses,Marketing,Germany,Software,-180452,-197385,-188809
2024-10-01,11,Operating Expenses,Research & Development,Germany,Software,-267866,-289498,-272688
2024-10-01,12,Operating Expenses,General & Administrative,Germany,Software,-161160,-171067,-161142
2024-10-01,13,Operating Expenses,IT & Systems,Germany,Software,-80819,-92113,-92904
2024-10-01,14,Operating Expenses,Facilities & Rent,Germany,Software,-72254,-78954,-76304
2024-10-01,15,Operating Expenses,Depreciation & Amort.,Germany,Software,-67583,-72374,-71028
2024-10-01,16,Other,Interest Income,Germany,Software,13874,15791,15195
2024-10-01,17,Other,Interest Expense,Germany,Software,-34995,-36845,-36874
2024-10-01,18,Other,FX Gain/(Loss),Germany,Software,18569,19738,19362
2024-10-01,19,Other,Other Income/(Expense),Germany,Software,-23633,-26318,-25548
2024-10-01,20,Other,Income Tax,Germany,Software,-111927,-118431,-115022
2024-10-01,1,Revenue,Product Revenue,Germany,Services,589683,665690,672129
2024-10-01,2,Revenue,Subscription Revenue,Germany,Services,466755,499267,496967
2024-10-01,3,Revenue,Service Revenue,Germany,Services,274444,291239,287536
2024-10-01,4,Revenue,Support & Maintenance,Germany,Services,137106,149780,150158
2024-10-01,5,COGS,Direct Materials,Germany,Services,-193167,-205280,-205304
2024-10-01,6,COGS,Direct Labor,Germany,Services,-171349,-189489,-185204
2024-10-01,7,COGS,Cloud & Hosting,Germany,Services,-89220,-94745,-96418
2024-10-01,8,COGS,Support Delivery,Germany,Services,-64549,-71058,-71006
2024-10-01,9,Operating Expenses,Sales,Germany,Services,-130038,-142117,-142150
2024-10-01,10,Operating Expenses,Marketing,Germany,Services,-104094,-118431,-111513
2024-10-01,11,Operating Expenses,Research & Development,Germany,Services,-157640,-173699,-173572
2024-10-01,12,Operating Expenses,General & Administrative,Germany,Services,-91499,-102640,-97764
2024-10-01,13,Operating Expenses,IT & Systems,Germany,Services,-51732,-55268,-54918
2024-10-01,14,Operating Expenses,Facilities & Rent,Germany,Services,-43999,-47372,-46546
2024-10-01,15,Operating Expenses,Depreciation & Amort.,Germany,Services,-39170,-43425,-43318
2024-10-01,16,Other,Interest Income,Germany,Services,8832,9474,9597
2024-10-01,17,Other,Interest Expense,Germany,Services,-19602,-22107,-22482
2024-10-01,18,Other,FX Gain/(Loss),Germany,Services,11048,11843,11522
2024-10-01,19,Other,Other Income/(Expense),Germany,Services,14426,15791,15409
2024-10-01,20,Other,Income Tax,Germany,Services,-65112,-71058,-71846
2024-10-01,1,Revenue,Product Revenue,Germany,Hardware,788319,887586,878067
2024-10-01,2,Revenue,Subscription Revenue,Germany,Hardware,629410,665690,629046
2024-10-01,3,Revenue,Service Revenue,Germany,Hardware,362810,388319,386039
2024-10-01,4,Revenue,Support & Maintenance,Germany,Hardware,188638,199707,194306
2024-10-01,5,COGS,Direct Materials,Germany,Hardware,-243824,-273707,-262732
2024-10-01,6,COGS,Direct Labor,Germany,Hardware,-226896,-252652,-237871
2024-10-01,7,COGS,Cloud & Hosting,Germany,Hardware,-112989,-126326,-127523
2024-10-01,8,COGS,Support Delivery,Germany,Hardware,-85768,-94745,-89832
2024-10-01,9,Operating Expenses,Sales,Germany,Hardware,-171160,-189489,-183265
2024-10-01,10,Operating Expenses,Marketing,Germany,Hardware,-141866,-157908,-156009
2024-10-01,11,Operating Expenses,Research & Development,Germany,Hardware,-203424,-231598,-223305
2024-10-01,12,Operating Expenses,General & Administrative,Germany,Hardware,-122791,-136853,-137682
2024-10-01,13,Operating Expenses,IT & Systems,Germany,Hardware,-68485,-73690,-70671
2024-10-01,14,Operating Expenses,Facilities & Rent,Germany,Hardware,-58721,-63163,-61198
2024-10-01,15,Operating Expenses,Depreciation & Amort.,Germany,Hardware,-53916,-57900,-54989
2024-10-01,16,Other,Interest Income,Germany,Hardware,11398,12633,12472
2024-10-01,17,Other,Interest Expense,Germany,Hardware,-26577,-29476,-28065
2024-10-01,18,Other,FX Gain/(Loss),Germany,Hardware,14725,15791,16056
2024-10-01,19,Other,Other Income/(Expense),Germany,Hardware,18853,21054,21330
2024-10-01,20,Other,Income Tax,Germany,Hardware,-89770,-94745,-96547
2024-10-01,1,Revenue,Product Revenue,United Kingdom,Software,760834,832112,828580
2024-10-01,2,Revenue,Subscription Revenue,United Kingdom,Software,565208,624084,609831
2024-10-01,3,Revenue,Service Revenue,United Kingdom,Software,329424,364049,351280
2024-10-01,4,Revenue,Support & Maintenance,United Kingdom,Software,172302,187225,183945
2024-10-01,5,COGS,Direct Materials,United Kingdom,Software,-225777,-256600,-242542
2024-10-01,6,COGS,Direct Labor,United Kingdom,Software,-218981,-236862,-223576
2024-10-01,7,COGS,Cloud & Hosting,United Kingdom,Software,-104300,-118431,-111942
2024-10-01,8,COGS,Support Delivery,United Kingdom,Software,-84330,-88823,-85379
2024-10-01,9,Operating Expenses,Sales,United Kingdom,Software,-165162,-177646,-172625
2024-10-01,10,Operating Expenses,Marketing,United Kingdom,Software,-133556,-148039,-144510
2024-10-01,11,Operating Expenses,Research & Development,United Kingdom,Software,-193128,-217123,-205341
2024-10-01,12,Operating Expenses,General & Administrative,United Kingdom,Software,-115623,-128300,-126783
2024-10-01,13,Operating Expenses,IT & Systems,United Kingdom,Software,-63236,-69085,-66632
2024-10-01,14,Operating Expenses,Facilities & Rent,United Kingdom,Software,-56229,-59215,-59256
2024-10-01,15,Operating Expenses,Depreciation & Amort.,United Kingdom,Software,-47758,-54281,-53947
2024-10-01,16,Other,Interest Income,United Kingdom,Software,10554,11843,11951
2024-10-01,17,Other,Interest Expense,United Kingdom,Software,-24286,-27634,-27149
2024-10-01,18,Other,FX Gain/(Loss),United Kingdom,Software,13633,14804,14252
2024-10-01,19,Other,Other Income/(Expense),United Kingdom,Software,18035,19738,19978
2024-10-01,20,Other,Income Tax,United Kingdom,Software,-82730,-88823,-84045
2024-10-01,1,Revenue,Product Revenue,United Kingdom,Services,457379,499267,471178
2024-10-01,2,Revenue,Subscription Revenue,United Kingdom,Services,345996,374450,372415
2024-10-01,3,Revenue,Service Revenue,United Kingdom,Services,196282,218429,210924
2024-10-01,4,Revenue,Support & Maintenance,United Kingdom,Services,104230,112335,113985
2024-10-01,5,COGS,Direct Materials,United Kingdom,Services,-140096,-153960,-145816
2024-10-01,6,COGS,Direct Labor,United Kingdom,Services,-125788,-142117,-142468
2024-10-01,7,COGS,Cloud & Hosting,United Kingdom,Services,-63570,-71058,-68071
2024-10-01,8,COGS,Support Delivery,United Kingdom,Services,-46954,-53294,-52376
2024-10-01,9,Operating Expenses,Sales,United Kingdom,Services,-93888,-106588,-107909
2024-10-01,10,Operating Expenses,Marketing,United Kingdom,Services,-79794,-88823,-83935
2024-10-01,11,Operating Expenses,Research & Development,United Kingdom,Services,-122250,-130274,-127728
2024-10-01,12,Operating Expenses,General & Administrative,United Kingdom,Services,-69427,-76980,-72463
2024-10-01,13,Operating Expenses,IT & Systems,United Kingdom,Services,-36550,-41451,-41211
2024-10-01,14,Operating Expenses,Facilities & Rent,United Kingdom,Services,-33703,-35529,-35144
2024-10-01,15,Operating Expenses,Depreciation & Amort.,United Kingdom,Services,-30785,-32568,-31303
2024-10-01,16,Other,Interest Income,United Kingdom,Services,6300,7106,7222
2024-10-01,17,Other,Interest Expense,United Kingdom,Services,-15351,-16580,-15945
2024-10-01,18,Other,FX Gain/(Loss),United Kingdom,Services,-8174,-8882,-8465
2024-10-01,19,Other,Other Income/(Expense),United Kingdom,Services,-10975,-11843,-11952
2024-10-01,20,Other,Income Tax,United Kingdom,Services,-49325,-53294,-53358
2024-10-01,1,Revenue,Product Revenue,United Kingdom,Hardware,597361,665690,629654
2024-10-01,2,Revenue,Subscription Revenue,United Kingdom,Hardware,468964,499267,497711
2024-10-01,3,Revenue,Service Revenue,United Kingdom,Hardware,270543,291239,282308
2024-10-01,4,Revenue,Support & Maintenance,United Kingdom,Hardware,141916,149780,146446
2024-10-01,5,COGS,Direct Materials,United Kingdom,Hardware,-184373,-205280,-201335
2024-10-01,6,COGS,Direct Labor,United Kingdom,Hardware,-179152,-189489,-185738
2024-10-01,7,COGS,Cloud & Hosting,United Kingdom,Hardware,-89729,-94745,-92750
2024-10-01,8,COGS,Support Delivery,United Kingdom,Hardware,-67132,-71058,-70759
2024-10-01,9,Operating Expenses,Sales,United Kingdom,Hardware,-125252,-142117,-138950
2024-10-01,10,Operating Expenses,Marketing,United Kingdom,Hardware,-110400,-118431,-113921
2024-10-01,11,Operating Expenses,Research & Development,United Kingdom,Hardware,-159004,-173699,-166374
2024-10-01,12,Operating Expenses,General & Administrative,United Kingdom,Hardware,-92500,-102640,-98029
2024-10-01,13,Operating Expenses,IT & Systems,United Kingdom,Hardware,-52264,-55268,-55840
2024-10-01,14,Operating Expenses,Facilities & Rent,United Kingdom,Hardware,-44872,-47372,-46818
2024-10-01,15,Operating Expenses,Depreciation & Amort.,United Kingdom,Hardware,-39405,-43425,-41305
2024-10-01,16,Other,Interest Income,United Kingdom,Hardware,8398,9474,9443
2024-10-01,17,Other,Interest Expense,United Kingdom,Hardware,-19405,-22107,-22205
2024-10-01,18,Other,FX Gain/(Loss),United Kingdom,Hardware,10568,11843,11280
2024-10-01,19,Other,Other Income/(Expense),United Kingdom,Hardware,-14180,-15791,-15779
2024-10-01,20,Other,Income Tax,United Kingdom,Hardware,-66187,-71058,-71176
2024-10-01,1,Revenue,Product Revenue,Spain,Software,488654,554741,560600
2024-10-01,2,Revenue,Subscription Revenue,Spain,Software,389844,416056,420958
2024-10-01,3,Revenue,Service Revenue,Spain,Software,223165,242699,240190
2024-10-01,4,Revenue,Support & Maintenance,Spain,Software,115563,124817,124958
2024-10-01,5,COGS,Direct Materials,Spain,Software,-158913,-171067,-168327
2024-10-01,6,COGS,Direct Labor,Spain,Software,-139849,-157908,-157013
2024-10-01,7,COGS,Cloud & Hosting,Spain,Software,-69907,-78954,-74757
2024-10-01,8,COGS,Support Delivery,Spain,Software,-56096,-59215,-59368
2024-10-01,9,Operating Expenses,Sales,Spain,Software,-112447,-118431,-120227
2024-10-01,10,Operating Expenses,Marketing,Spain,Software,-92642,-98692,-98846
2024-10-01,11,Operating Expenses,Research & Development,Spain,Software,-128547,-144749,-138226
2024-10-01,12,Operating Expenses,General & Administrative,Spain,Software,-78042,-85533,-85945
2024-10-01,13,Operating Expenses,IT & Systems,Spain,Software,-40513,-46056,-45738
2024-10-01,14,Operating Expenses,Facilities & Rent,Spain,Software,-36576,-39477,-39041
2024-10-01,15,Operating Expenses,Depreciation & Amort.,Spain,Software,-32172,-36187,-36770
2024-10-01,16,Other,Interest Income,Spain,Software,7349,7895,8044
2024-10-01,17,Other,Interest Expense,Spain,Software,-16667,-18423,-18303
2024-10-01,18,Other,FX Gain/(Loss),Spain,Software,-8907,-9869,-9622
2024-10-01,19,Other,Other Income/(Expense),Spain,Software,-11979,-13159,-13256
2024-10-01,20,Other,Income Tax,Spain,Software,-55966,-59215,-56871
2024-10-01,1,Revenue,Product Revenue,Spain,Services,303477,332845,320745
2024-10-01,2,Revenue,Subscription Revenue,Spain,Services,223541,249634,253538
2024-10-01,3,Revenue,Service Revenue,Spain,Services,129708,145620,137852
2024-10-01,4,Revenue,Support & Maintenance,Spain,Services,68716,74890,71609
2024-10-01,5,COGS,Direct Materials,Spain,Services,-90495,-102640,-98664
2024-10-01,6,COGS,Direct Labor,Spain,Services,-89299,-94745,-90102
2024-10-01,7,COGS,Cloud & Hosting,Spain,Services,-41691,-47372,-44862
2024-10-01,8,COGS,Support Delivery,Spain,Services,-31215,-35529,-35906
2024-10-01,9,Operating Expenses,Sales,Spain,Services,-64982,-71058,-69943
2024-10-01,10,Operating Expenses,Marketing,Spain,Services,-52272,-59215,-56908
2024-10-01,11,Operating Expenses,Research & Development,Spain,Services,-79957,-86849,-87662
2024-10-01,12,Operating Expenses,General & Administrative,Spain,Services,-45275,-51320,-48714
2024-10-01,13,Operating Expenses,IT & Systems,Spain,Services,-25489,-27634,-26366
2024-10-01,14,Operating Expenses,Facilities & Rent,Spain,Services,-20775,-23686,-24044
2024-10-01,15,Operating Expenses,Depreciation & Amort.,Spain,Services,-19803,-21712,-21687
2024-10-01,16,Other,Interest Income,Spain,Services,4158,4737,4625
2024-10-01,17,Other,Interest Expense,Spain,Services,-9710,-11054,-11162
2024-10-01,18,Other,FX Gain/(Loss),Spain,Services,-5623,-5922,-5970
2024-10-01,19,Other,Other Income/(Expense),Spain,Services,7342,7895,7632
2024-10-01,20,Other,Income Tax,Spain,Services,-31296,-35529,-36070
2024-10-01,1,Revenue,Product Revenue,Spain,Hardware,402861,443793,441192
2024-10-01,2,Revenue,Subscription Revenue,Spain,Hardware,314728,332845,322762
2024-10-01,3,Revenue,Service Revenue,Spain,Hardware,174081,194159,190263
2024-10-01,4,Revenue,Support & Maintenance,Spain,Hardware,93149,99853,100521
2024-10-01,5,COGS,Direct Materials,Spain,Hardware,-126539,-136853,-133291
2024-10-01,6,COGS,Direct Labor,Spain,Hardware,-112638,-126326,-119035
2024-10-01,7,COGS,Cloud & Hosting,Spain,Hardware,-59538,-63163,-62979
2024-10-01,8,COGS,Support Delivery,Spain,Hardware,-43884,-47372,-47818
2024-10-01,9,Operating Expenses,Sales,Spain,Hardware,-83278,-94745,-92296
2024-10-01,10,Operating Expenses,Marketing,Spain,Hardware,-72821,-78954,-77685
2024-10-01,11,Operating Expenses,Research & Development,Spain,Hardware,-109703,-115799,-115575
2024-10-01,12,Operating Expenses,General & Administrative,Spain,Hardware,-64590,-68427,-65910
2024-10-01,13,Operating Expenses,IT & Systems,Spain,Hardware,-33269,-36845,-36457
2024-10-01,14,Operating Expenses,Facilities & Rent,Spain,Hardware,-28857,-31582,-32078
2024-10-01,15,Operating Expenses,Depreciation & Amort.,Spain,Hardware,-27212,-28950,-29401
2024-10-01,16,Other,Interest Income,Spain,Hardware,5665,6316,6316
2024-10-01,17,Other,Interest Expense,Spain,Hardware,-13199,-14738,-14716
2024-10-01,18,Other,FX Gain/(Loss),Spain,Hardware,6971,7895,7640
2024-10-01,19,Other,Other Income/(Expense),Spain,Hardware,-9439,-10527,-10067
2024-10-01,20,Other,Income Tax,Spain,Hardware,-42934,-47372,-44589
2024-10-01,1,Revenue,Product Revenue,Italy,Software,582110,647198,636740
2024-10-01,2,Revenue,Subscription Revenue,Italy,Software,432405,485399,481817
2024-10-01,3,Revenue,Service Revenue,Italy,Software,249386,283149,280017
2024-10-01,4,Revenue,Support & Maintenance,Italy,Software,135961,145620,142519
2024-10-01,5,COGS,Direct Materials,Italy,Software,-186993,-199578,-192666
2024-10-01,6,COGS,Direct Labor,Italy,Software,-164107,-184226,-174427
2024-10-01,7,COGS,Cloud & Hosting,Italy,Software,-85959,-92113,-93752
2024-10-01,8,COGS,Support Delivery,Italy,Software,-65624,-69085,-66048
2024-10-01,9,Operating Expenses,Sales,Italy,Software,-124496,-138169,-140360
2024-10-01,10,Operating Expenses,Marketing,Italy,Software,-107309,-115141,-111764
2024-10-01,11,Operating Expenses,Research & Development,Italy,Software,-159552,-168874,-159126
2024-10-01,12,Operating Expenses,General & Administrative,Italy,Software,-94048,-99789,-101732
2024-10-01,13,Operating Expenses,IT & Systems,Italy,Software,-47717,-53732,-54743
2024-10-01,14,Operating Expenses,Facilities & Rent,Italy,Software,-43002,-46056,-43654
2024-10-01,15,Operating Expenses,Depreciation & Amort.,Italy,Software,-39978,-42218,-42447
2024-10-01,16,Other,Interest Income,Italy,Software,8716,9211,9134
2024-10-01,17,Other,Interest Expense,Italy,Software,-19362,-21493,-21558
2024-10-01,18,Other,FX Gain/(Loss),Italy,Software,-10175,-11514,-11267
2024-10-01,19,Other,Other Income/(Expense),Italy,Software,-13660,-15352,-15410
2024-10-01,20,Other,Income Tax,Italy,Software,-62538,-69085,-68061
2024-10-01,1,Revenue,Product Revenue,Italy,Services,351254,388319,369856
2024-10-01,2,Revenue,Subscription Revenue,Italy,Services,266770,291239,277516
2024-10-01,3,Revenue,Service Revenue,Italy,Services,154378,169890,169203
2024-10-01,4,Revenue,Support & Maintenance,Italy,Services,78945,87372,83279
2024-10-01,5,COGS,Direct Materials,Italy,Services,-107414,-119747,-114787
2024-10-01,6,COGS,Direct Labor,Italy,Services,-103932,-110535,-108688
2024-10-01,7,COGS,Cloud & Hosting,Italy,Services,-49700,-55268,-56207
2024-10-01,8,COGS,Support Delivery,Italy,Services,-37070,-41451,-39198
2024-10-01,9,Operating Expenses,Sales,Italy,Services,-76457,-82902,-80263
2024-10-01,10,Operating Expenses,Marketing,Italy,Services,-61624,-69085,-67443
2024-10-01,11,Operating Expenses,Research & Development,Italy,Services,-92013,-101324,-98550
2024-10-01,12,Operating Expenses,General & Administrative,Italy,Services,-55843,-59873,-58934
2024-10-01,13,Operating Expenses,IT & Systems,Italy,Services,-30442,-32239,-30733
2024-10-01,14,Operating Expenses,Facilities & Rent,Italy,Services,-24255,-27634,-26157
2024-10-01,15,Operating Expenses,Depreciation & Amort.,Italy,Services,-23075,-25331,-25586
2024-10-01,16,Other,Interest Income,Italy,Services,5158,5527,5513
2024-10-01,17,Other,Interest Expense,Italy,Services,-11654,-12896,-12802
2024-10-01,18,Other,FX Gain/(Loss),Italy,Services,-6261,-6908,-6849
2024-10-01,19,Other,Other Income/(Expense),Italy,Services,8715,9211,9098
2024-10-01,20,Other,Income Tax,Italy,Services,-39127,-41451,-39416
2024-10-01,1,Revenue,Product Revenue,Italy,Hardware,461204,517759,506985
2024-10-01,2,Revenue,Subscription Revenue,Italy,Hardware,346214,388319,380213
2024-10-01,3,Revenue,Service Revenue,Italy,Hardware,199561,226519,224252
2024-10-01,4,Revenue,Support & Maintenance,Italy,Hardware,110284,116496,113931
2024-10-01,5,COGS,Direct Materials,Italy,Hardware,-140882,-159662,-153208
2024-10-01,6,COGS,Direct Labor,Italy,Hardware,-132578,-147381,-144426
2024-10-01,7,COGS,Cloud & Hosting,Italy,Hardware,-67049,-73690,-69429
2024-10-01,8,COGS,Support Delivery,Italy,Hardware,-52014,-55268,-52302
2024-10-01,9,Operating Expenses,Sales,Italy,Hardware,-100655,-110535,-109860
2024-10-01,10,Operating Expenses,Marketing,Italy,Hardware,-84877,-92113,-91361
2024-10-01,11,Operating Expenses,Research & Development,Italy,Hardware,-126469,-135099,-130143
2024-10-01,12,Operating Expenses,General & Administrative,Italy,Hardware,-71560,-79831,-76746
2024-10-01,13,Operating Expenses,IT & Systems,Italy,Hardware,-38733,-42986,-42218
2024-10-01,14,Operating Expenses,Facilities & Rent,Italy,Hardware,-32879,-36845,-35387
2024-10-01,15,Operating Expenses,Depreciation & Amort.,Italy,Hardware,-29837,-33775,-33535
2024-10-01,16,Other,Interest Income,Italy,Hardware,6720,7369,6945
2024-10-01,17,Other,Interest Expense,Italy,Hardware,-15383,-17194,-17136
2024-10-01,18,Other,FX Gain/(Loss),Italy,Hardware,-8404,-9211,-9260
2024-10-01,19,Other,Other Income/(Expense),Italy,Hardware,-11536,-12282,-12316
2024-10-01,20,Other,Income Tax,Italy,Hardware,-49233,-55268,-53532
2024-10-01,1,Revenue,Product Revenue,United States,Software,1348600,1479310,1461012
2024-10-01,2,Revenue,Subscription Revenue,United States,Software,988253,1109483,1119934
2024-10-01,3,Revenue,Service Revenue,United States,Software,611550,647198,623674
2024-10-01,4,Revenue,Support & Maintenance,United States,Software,294586,332845,335593
2024-10-01,5,COGS,Direct Materials,United States,Software,-401758,-456178,-432309
2024-10-01,6,COGS,Direct Labor,United States,Software,-386820,-421087,-408382
2024-10-01,7,COGS,Cloud & Hosting,United States,Software,-192053,-210544,-201220
2024-10-01,8,COGS,Support Delivery,United States,Software,-140715,-157908,-157197
2024-10-01,9,Operating Expenses,Sales,United States,Software,-277459,-315816,-316169
2024-10-01,10,Operating Expenses,Marketing,United States,Software,-249211,-263180,-254743
2024-10-01,11,Operating Expenses,Research & Development,United States,Software,-354221,-385997,-386950
2024-10-01,12,Operating Expenses,General & Administrative,United States,Software,-206234,-228089,-228258
2024-10-01,13,Operating Expenses,IT & Systems,United States,Software,-115959,-122817,-116501
2024-10-01,14,Operating Expenses,Facilities & Rent,United States,Software,-93365,-105272,-99275
2024-10-01,15,Operating Expenses,Depreciation & Amort.,United States,Software,-90987,-96499,-91217
2024-10-01,16,Other,Interest Income,United States,Software,18703,21054,20283
2024-10-01,17,Other,Interest Expense,United States,Software,-46115,-49127,-48744
2024-10-01,18,Other,FX Gain/(Loss),United States,Software,-24444,-26318,-25534
2024-10-01,19,Other,Other Income/(Expense),United States,Software,32027,35091,35361
2024-10-01,20,Other,Income Tax,United States,Software,-148658,-157908,-148705
2024-10-01,1,Revenue,Product Revenue,United States,Services,834066,887586,878576
2024-10-01,2,Revenue,Subscription Revenue,United States,Services,628107,665690,629888
2024-10-01,3,Revenue,Service Revenue,United States,Services,356919,388319,392861
2024-10-01,4,Revenue,Support & Maintenance,United States,Services,184118,199707,203422
2024-10-01,5,COGS,Direct Materials,United States,Services,-252544,-273707,-273908
2024-10-01,6,COGS,Direct Labor,United States,Services,-237738,-252652,-238078
2024-10-01,7,COGS,Cloud & Hosting,United States,Services,-117210,-126326,-127497
2024-10-01,8,COGS,Support Delivery,United States,Services,-88148,-94745,-93042
2024-10-01,9,Operating Expenses,Sales,United States,Services,-177173,-189489,-180101
2024-10-01,10,Operating Expenses,Marketing,United States,Services,-143788,-157908,-158203
2024-10-01,11,Operating Expenses,Research & Development,United States,Services,-207727,-231598,-226967
2024-10-01,12,Operating Expenses,General & Administrative,United States,Services,-128671,-136853,-130886
2024-10-01,13,Operating Expenses,IT & Systems,United States,Services,-68138,-73690,-69676
2024-10-01,14,Operating Expenses,Facilities & Rent,United States,Services,-58025,-63163,-61063
2024-10-01,15,Operating Expenses,Depreciation & Amort.,United States,Services,-52005,-57900,-54765
2024-10-01,16,Other,Interest Income,United States,Services,11471,12633,11951
2024-10-01,17,Other,Interest Expense,United States,Services,-26089,-29476,-28001
2024-10-01,18,Other,FX Gain/(Loss),United States,Services,14182,15791,15408
2024-10-01,19,Other,Other Income/(Expense),United States,Services,-19051,-21054,-20592
2024-10-01,20,Other,Income Tax,United States,Services,-84288,-94745,-94900
2024-10-01,1,Revenue,Product Revenue,United States,Hardware,1107405,1183448,1118702
2024-10-01,2,Revenue,Subscription Revenue,United States,Hardware,842552,887586,860420
2024-10-01,3,Revenue,Service Revenue,United States,Hardware,472762,517759,500884
2024-10-01,4,Revenue,Support & Maintenance,United States,Hardware,241382,266276,254628
2024-10-01,5,COGS,Direct Materials,United States,Hardware,-344602,-364942,-358352
2024-10-01,6,COGS,Direct Labor,United States,Hardware,-298155,-336870,-327505
2024-10-01,7,COGS,Cloud & Hosting,United States,Hardware,-148283,-168435,-162452
2024-10-01,8,COGS,Support Delivery,United States,Hardware,-113207,-126326,-123112
2024-10-01,9,Operating Expenses,Sales,United States,Hardware,-224014,-252652,-246620
2024-10-01,10,Operating Expenses,Marketing,United States,Hardware,-185791,-210544,-213909
2024-10-01,11,Operating Expenses,Research & Development,United States,Hardware,-271638,-308797,-301106
2024-10-01,12,Operating Expenses,General & Administrative,United States,Hardware,-163321,-182471,-176537
2024-10-01,13,Operating Expenses,IT & Systems,United States,Hardware,-93226,-98254,-99610
2024-10-01,14,Operating Expenses,Facilities & Rent,United States,Hardware,-74055,-84217,-80474
2024-10-01,15,Operating Expenses,Depreciation & Amort.,United States,Hardware,-72235,-77199,-74075
2024-10-01,16,Other,Interest Income,United States,Hardware,14882,16843,16109
2024-10-01,17,Other,Interest Expense,United States,Hardware,-36003,-39301,-37493
2024-10-01,18,Other,FX Gain/(Loss),United States,Hardware,19546,21054,20931
2024-10-01,19,Other,Other Income/(Expense),United States,Hardware,24788,28072,27845
2024-10-01,20,Other,Income Tax,United States,Hardware,-117986,-126326,-122731
2024-10-01,1,Revenue,Product Revenue,Nordics,Software,413126,462284,440094
2024-10-01,2,Revenue,Subscription Revenue,Nordics,Software,323189,346713,338040
2024-10-01,3,Revenue,Service Revenue,Nordics,Software,178176,202249,200990
2024-10-01,4,Revenue,Support & Maintenance,Nordics,Software,95744,104014,103339
2024-10-01,5,COGS,Direct Materials,Nordics,Software,-130297,-142556,-135739
2024-10-01,6,COGS,Direct Labor,Nordics,Software,-124617,-131590,-130227
2024-10-01,7,COGS,Cloud & Hosting,Nordics,Software,-58717,-65795,-66751
2024-10-01,8,COGS,Support Delivery,Nordics,Software,-45351,-49346,-46690
2024-10-01,9,Operating Expenses,Sales,Nordics,Software,-87220,-98692,-96395
2024-10-01,10,Operating Expenses,Marketing,Nordics,Software,-72372,-82244,-82529
2024-10-01,11,Operating Expenses,Research & Development,Nordics,Software,-109008,-120624,-122028
2024-10-01,12,Operating Expenses,General & Administrative,Nordics,Software,-66659,-71278,-69555
2024-10-01,13,Operating Expenses,IT & Systems,Nordics,Software,-34416,-38380,-38254
2024-10-01,14,Operating Expenses,Facilities & Rent,Nordics,Software,-29136,-32897,-32071
2024-10-01,15,Operating Expenses,Depreciation & Amort.,Nordics,Software,-27343,-30156,-29640
2024-10-01,16,Other,Interest Income,Nordics,Software,5821,6579,6611
2024-10-01,17,Other,Interest Expense,Nordics,Software,-14327,-15352,-14670
2024-10-01,18,Other,FX Gain/(Loss),Nordics,Software,-7441,-8224,-8157
2024-10-01,19,Other,Other Income/(Expense),Nordics,Software,10195,10966,10779
2024-10-01,20,Other,Income Tax,Nordics,Software,-46321,-49346,-46978
2024-10-01,1,Revenue,Product Revenue,Nordics,Services,258954,277371,280807
2024-10-01,2,Revenue,Subscription Revenue,Nordics,Services,193757,208028,208460
2024-10-01,3,Revenue,Service Revenue,Nordics,Services,115145,121350,120867
2024-10-01,4,Revenue,Support & Maintenance,Nordics,Services,56783,62408,61784
2024-10-01,5,COGS,Direct Materials,Nordics,Services,-75904,-85533,-83737
2024-10-01,6,COGS,Direct Labor,Nordics,Services,-71743,-78954,-79994
2024-10-01,7,COGS,Cloud & Hosting,Nordics,Services,-37080,-39477,-38693
2024-10-01,8,COGS,Support Delivery,Nordics,Services,-26784,-29608,-30156
2024-10-01,9,Operating Expenses,Sales,Nordics,Services,-53874,-59215,-55990
2024-10-01,10,Operating Expenses,Marketing,Nordics,Services,-44936,-49346,-48991
2024-10-01,11,Operating Expenses,Research & Development,Nordics,Services,-68223,-72374,-68817
2024-10-01,12,Operating Expenses,General & Administrative,Nordics,Services,-38991,-42767,-41799
2024-10-01,13,Operating Expenses,IT & Systems,Nordics,Services,-20449,-23028,-22042
2024-10-01,14,Operating Expenses,Facilities & Rent,Nordics,Services,-17726,-19738,-18836
2024-10-01,15,Operating Expenses,Depreciation & Amort.,Nordics,Services,-16829,-18094,-18317
2024-10-01,16,Other,Interest Income,Nordics,Services,3654,3948,3777
2024-10-01,17,Other,Interest Expense,Nordics,Services,-8620,-9211,-8870
2024-10-01,18,Other,FX Gain/(Loss),Nordics,Services,4537,4935,4833
2024-10-01,19,Other,Other Income/(Expense),Nordics,Services,-6105,-6579,-6199
2024-10-01,20,Other,Income Tax,Nordics,Services,-26182,-29608,-28199
2024-10-01,1,Revenue,Product Revenue,Nordics,Hardware,329472,369828,352252
2024-10-01,2,Revenue,Subscription Revenue,Nordics,Hardware,259609,277371,272474
2024-10-01,3,Revenue,Service Revenue,Nordics,Hardware,147394,161800,164090
2024-10-01,4,Revenue,Support & Maintenance,Nordics,Hardware,75087,83211,78682
2024-10-01,5,COGS,Direct Materials,Nordics,Hardware,-101759,-114044,-112255
2024-10-01,6,COGS,Direct Labor,Nordics,Hardware,-94084,-105272,-101263
2024-10-01,7,COGS,Cloud & Hosting,Nordics,Hardware,-46909,-52636,-52417
2024-10-01,8,COGS,Support Delivery,Nordics,Hardware,-35040,-39477,-39985
2024-10-01,9,Operating Expenses,Sales,Nordics,Hardware,-72471,-78954,-77855
2024-10-01,10,Operating Expenses,Marketing,Nordics,Hardware,-61684,-65795,-66833
2024-10-01,11,Operating Expenses,Research & Development,Nordics,Hardware,-84942,-96499,-92991
2024-10-01,12,Operating Expenses,General & Administrative,Nordics,Hardware,-52467,-57022,-55777
2024-10-01,13,Operating Expenses,IT & Systems,Nordics,Hardware,-27883,-30704,-29228
2024-10-01,14,Operating Expenses,Facilities & Rent,Nordics,Hardware,-24065,-26318,-25149
2024-10-01,15,Operating Expenses,Depreciation & Amort.,Nordics,Hardware,-21548,-24125,-22921
2024-10-01,16,Other,Interest Income,Nordics,Hardware,4856,5264,5083
2024-10-01,17,Other,Interest Expense,Nordics,Hardware,-10859,-12282,-12063
2024-10-01,18,Other,FX Gain/(Loss),Nordics,Hardware,6012,6579,6490
2024-10-01,19,Other,Other Income/(Expense),Nordics,Hardware,-7705,-8773,-8429
2024-10-01,20,Other,Income Tax,Nordics,Hardware,-36340,-39477,-39289
2024-11-01,1,Revenue,Product Revenue,France,Software,925954,977322,988505
2024-11-01,2,Revenue,Subscription Revenue,France,Software,644820,732991,725117
2024-11-01,3,Revenue,Service Revenue,France,Software,378427,427578,434479
2024-11-01,4,Revenue,Support & Maintenance,France,Software,204954,219897,211948
2024-11-01,5,COGS,Direct Materials,France,Software,-274780,-290850,-291698
2024-11-01,6,COGS,Direct Labor,France,Software,-246877,-268477,-257719
2024-11-01,7,COGS,Cloud & Hosting,France,Software,-120212,-134238,-133158
2024-11-01,8,COGS,Support Delivery,France,Software,-89253,-100679,-100773
2024-11-01,9,Operating Expenses,Sales,France,Software,-181397,-201358,-202885
2024-11-01,10,Operating Expenses,Marketing,France,Software,-148033,-167798,-168045
2024-11-01,11,Operating Expenses,Research & Development,France,Software,-221541,-246104,-240590
2024-11-01,12,Operating Expenses,General & Administrative,France,Software,-137373,-145425,-139629
2024-11-01,13,Operating Expenses,IT & Systems,France,Software,-72334,-78306,-79716
2024-11-01,14,Operating Expenses,Facilities & Rent,France,Software,-62869,-67119,-66188
2024-11-01,15,Operating Expenses,Depreciation & Amort.,France,Software,-57889,-61526,-62561
2024-11-01,16,Other,Interest Income,France,Software,12388,13424,13503
2024-11-01,17,Other,Interest Expense,France,Software,-29477,-31322,-29711
2024-11-01,18,Other,FX Gain/(Loss),France,Software,-15690,-16780,-16653
2024-11-01,19,Other,Other Income/(Expense),France,Software,-20273,-22373,-21983
2024-11-01,20,Other,Income Tax,France,Software,-88633,-100679,-99091
2024-11-01,1,Revenue,Product Revenue,France,Services,553930,586393,591338
2024-11-01,2,Revenue,Subscription Revenue,France,Services,392895,439795,434337
2024-11-01,3,Revenue,Service Revenue,France,Services,227400,256547,260712
2024-11-01,4,Revenue,Support & Maintenance,France,Services,116215,131938,126523
2024-11-01,5,COGS,Direct Materials,France,Services,-164686,-174510,-168599
2024-11-01,6,COGS,Direct Labor,France,Services,-149416,-161086,-156660
2024-11-01,7,COGS,Cloud & Hosting,France,Services,-73442,-80543,-82015
2024-11-01,8,COGS,Support Delivery,France,Services,-55428,-60407,-59527
2024-11-01,9,Operating Expenses,Sales,France,Services,-106645,-120815,-113962
2024-11-01,10,Operating Expenses,Marketing,France,Services,-93791,-100679,-99314
2024-11-01,11,Operating Expenses,Research & Development,France,Services,-129586,-147662,-144422
2024-11-01,12,Operating Expenses,General & Administrative,France,Services,-77148,-87255,-86858
2024-11-01,13,Operating Expenses,IT & Systems,France,Services,-44489,-46983,-45707
2024-11-01,14,Operating Expenses,Facilities & Rent,France,Services,-35999,-40272,-38260
2024-11-01,15,Operating Expenses,Depreciation & Amort.,France,Services,-33225,-36916,-36075
2024-11-01,16,Other,Interest Income,France,Services,7086,8054,8119
2024-11-01,17,Other,Interest Expense,France,Services,-17055,-18793,-18191
2024-11-01,18,Other,FX Gain/(Loss),France,Services,-8892,-10068,-9750
2024-11-01,19,Other,Other Income/(Expense),France,Services,-12493,-13424,-13158
2024-11-01,20,Other,Income Tax,France,Services,-54555,-60407,-61100
2024-11-01,1,Revenue,Product Revenue,France,Hardware,723330,781857,774133
2024-11-01,2,Revenue,Subscription Revenue,France,Hardware,541167,586393,562871
2024-11-01,3,Revenue,Service Revenue,France,Hardware,303972,342063,331859
2024-11-01,4,Revenue,Support & Maintenance,France,Hardware,163810,175918,168844
2024-11-01,5,COGS,Direct Materials,France,Hardware,-218829,-232680,-222353
2024-11-01,6,COGS,Direct Labor,France,Hardware,-195999,-214782,-204586
2024-11-01,7,COGS,Cloud & Hosting,France,Hardware,-98951,-107391,-104351
2024-11-01,8,COGS,Support Delivery,France,Hardware,-72681,-80543,-76785
2024-11-01,9,Operating Expenses,Sales,France,Hardware,-142711,-161086,-155254
2024-11-01,10,Operating Expenses,Marketing,France,Hardware,-123417,-134238,-134005
2024-11-01,11,Operating Expenses,Research & Development,France,Hardware,-186974,-196883,-189587
2024-11-01,12,Operating Expenses,General & Administrative,France,Hardware,-109256,-116340,-112438
2024-11-01,13,Operating Expenses,IT & Systems,France,Hardware,-58507,-62645,-62376
2024-11-01,14,Operating Expenses,Facilities & Rent,France,Hardware,-49761,-53695,-53211
2024-11-01,15,Operating Expenses,Depreciation & Amort.,France,Hardware,-44825,-49221,-47558
2024-11-01,16,Other,Interest Income,France,Hardware,9761,10739,10296
2024-11-01,17,Other,Interest Expense,France,Hardware,-23099,-25058,-24887
2024-11-01,18,Other,FX Gain/(Loss),France,Hardware,12632,13424,13224
2024-11-01,19,Other,Other Income/(Expense),France,Hardware,16879,17898,17599
2024-11-01,20,Other,Income Tax,France,Hardware,-72238,-80543,-78904
2024-11-01,1,Revenue,Product Revenue,Germany,Software,1075148,1172786,1160607
2024-11-01,2,Revenue,Subscription Revenue,Germany,Software,785811,879589,855600
2024-11-01,3,Revenue,Service Revenue,Germany,Software,463093,513094,518958
2024-11-01,4,Revenue,Support & Maintenance,Germany,Software,232852,263877,252808
2024-11-01,5,COGS,Direct Materials,Germany,Software,-320431,-349020,-354358
2024-11-01,6,COGS,Direct Labor,Germany,Software,-297156,-322172,-304849
2024-11-01,7,COGS,Cloud & Hosting,Germany,Software,-142652,-161086,-153672
2024-11-01,8,COGS,Support Delivery,Germany,Software,-110777,-120815,-117921
2024-11-01,9,Operating Expenses,Sales,Germany,Software,-219134,-241629,-246077
2024-11-01,10,Operating Expenses,Marketing,Germany,Software,-181719,-201358,-195741
2024-11-01,11,Operating Expenses,Research & Development,Germany,Software,-267175,-295325,-294376
2024-11-01,12,Operating Expenses,General & Administrative,Germany,Software,-158199,-174510,-167094
2024-11-01,13,Operating Expenses,IT & Systems,Germany,Software,-88093,-93967,-89493
2024-11-01,14,Operating Expenses,Facilities & Rent,Germany,Software,-74186,-80543,-80258
2024-11-01,15,Operating Expenses,Depreciation & Amort.,Germany,Software,-66304,-73831,-72469
2024-11-01,16,Other,Interest Income,Germany,Software,14598,16109,15935
2024-11-01,17,Other,Interest Expense,Germany,Software,-35418,-37587,-36164
2024-11-01,18,Other,FX Gain/(Loss),Germany,Software,18144,20136,19340
2024-11-01,19,Other,Other Income/(Expense),Germany,Software,23887,26848,27371
2024-11-01,20,Other,Income Tax,Germany,Software,-112387,-120815,-123081
2024-11-01,1,Revenue,Product Revenue,Germany,Services,643263,703672,671404
2024-11-01,2,Revenue,Subscription Revenue,Germany,Services,466656,527754,518581
2024-11-01,3,Revenue,Service Revenue,Germany,Services,285714,307856,299160
2024-11-01,4,Revenue,Support & Maintenance,Germany,Services,141887,158326,158234
2024-11-01,5,COGS,Direct Materials,Germany,Services,-197484,-209412,-201791
2024-11-01,6,COGS,Direct Labor,Germany,Services,-178212,-193303,-191874
2024-11-01,7,COGS,Cloud & Hosting,Germany,Services,-91656,-96652,-91974
2024-11-01,8,COGS,Support Delivery,Germany,Services,-64206,-72489,-72163
2024-11-01,9,Operating Expenses,Sales,Germany,Services,-127931,-144978,-144755
2024-11-01,10,Operating Expenses,Marketing,Germany,Services,-110653,-120815,-123159
2024-11-01,11,Operating Expenses,Research & Development,Germany,Services,-158269,-177195,-173115
2024-11-01,12,Operating Expenses,General & Administrative,Germany,Services,-98241,-104706,-99046
2024-11-01,13,Operating Expenses,IT & Systems,Germany,Services,-51244,-56380,-55928
2024-11-01,14,Operating Expenses,Facilities & Rent,Germany,Services,-45424,-48326,-46779
2024-11-01,15,Operating Expenses,Depreciation & Amort.,Germany,Services,-40576,-44299,-42483
2024-11-01,16,Other,Interest Income,Germany,Services,8924,9665,9814
2024-11-01,17,Other,Interest Expense,Germany,Services,-21350,-22552,-22086
2024-11-01,18,Other,FX Gain/(Loss),Germany,Services,-10658,-12081,-11816
2024-11-01,19,Other,Other Income/(Expense),Germany,Services,-15242,-16109,-15425
2024-11-01,20,Other,Income Tax,Germany,Services,-66195,-72489,-70635
2024-11-01,1,Revenue,Product Revenue,Germany,Hardware,849986,938229,945629
2024-11-01,2,Revenue,Subscription Revenue,Germany,Hardware,661878,703672,685564
2024-11-01,3,Revenue,Service Revenue,Germany,Hardware,365057,410475,401434
2024-11-01,4,Revenue,Support & Maintenance,Germany,Hardware,188297,211101,206817
2024-11-01,5,COGS,Direct Materials,Germany,Hardware,-245838,-279216,-269080
2024-11-01,6,COGS,Direct Labor,Germany,Hardware,-244602,-257738,-259523
2024-11-01,7,COGS,Cloud & Hosting,Germany,Hardware,-122328,-128869,-128076
2024-11-01,8,COGS,Support Delivery,Germany,Hardware,-84790,-96652,-93863
2024-11-01,9,Operating Expenses,Sales,Germany,Hardware,-176120,-193303,-184827
2024-11-01,10,Operating Expenses,Marketing,Germany,Hardware,-145014,-161086,-161819
2024-11-01,11,Operating Expenses,Research & Development,Germany,Hardware,-210810,-236260,-223778
2024-11-01,12,Operating Expenses,General & Administrative,Germany,Hardware,-124630,-139608,-131443
2024-11-01,13,Operating Expenses,IT & Systems,Germany,Hardware,-70599,-75174,-73924
2024-11-01,14,Operating Expenses,Facilities & Rent,Germany,Hardware,-60000,-64434,-62187
2024-11-01,15,Operating Expenses,Depreciation & Amort.,Germany,Hardware,-55392,-59065,-56715
2024-11-01,16,Other,Interest Income,Germany,Hardware,11947,12887,12334
2024-11-01,17,Other,Interest Expense,Germany,Hardware,-27544,-30069,-28813
2024-11-01,18,Other,FX Gain/(Loss),Germany,Hardware,-14304,-16109,-15573
2024-11-01,19,Other,Other Income/(Expense),Germany,Hardware,19014,21478,21374
2024-11-01,20,Other,Income Tax,Germany,Hardware,-87365,-96652,-97095
2024-11-01,1,Revenue,Product Revenue,United Kingdom,Software,824451,879589,882830
2024-11-01,2,Revenue,Subscription Revenue,United Kingdom,Software,601902,659692,647667
2024-11-01,3,Revenue,Service Revenue,United Kingdom,Software,360358,384820,385458
2024-11-01,4,Revenue,Support & Maintenance,United Kingdom,Software,181195,197908,193483
2024-11-01,5,COGS,Direct Materials,United Kingdom,Software,-242745,-261765,-252537
2024-11-01,6,COGS,Direct Labor,United Kingdom,Software,-217287,-241629,-227657
2024-11-01,7,COGS,Cloud & Hosting,United Kingdom,Software,-108749,-120815,-117845
2024-11-01,8,COGS,Support Delivery,United Kingdom,Software,-85441,-90611,-85693
2024-11-01,9,Operating Expenses,Sales,United Kingdom,Software,-171828,-181222,-176349
2024-11-01,10,Operating Expenses,Marketing,United Kingdom,Software,-134652,-151018,-152904
2024-11-01,11,Operating Expenses,Research & Development,United Kingdom,Software,-206565,-221493,-220359
2024-11-01,12,Operating Expenses,General & Administrative,United Kingdom,Software,-120706,-130883,-125038
2024-11-01,13,Operating Expenses,IT & Systems,United Kingdom,Software,-66014,-70475,-66666
2024-11-01,14,Operating Expenses,Facilities & Rent,United Kingdom,Software,-54566,-60407,-61391
2024-11-01,15,Operating Expenses,Depreciation & Amort.,United Kingdom,Software,-51292,-55373,-53565
2024-11-01,16,Other,Interest Income,United Kingdom,Software,10812,12081,11478
2024-11-01,17,Other,Interest Expense,United Kingdom,Software,-26440,-28190,-27528
2024-11-01,18,Other,FX Gain/(Loss),United Kingdom,Software,14270,15102,14795
2024-11-01,19,Other,Other Income/(Expense),United Kingdom,Software,18713,20136,20228
2024-11-01,20,Other,Income Tax,United Kingdom,Software,-79557,-90611,-89856
2024-11-01,1,Revenue,Product Revenue,United Kingdom,Services,483335,527754,498294
2024-11-01,2,Revenue,Subscription Revenue,United Kingdom,Services,347351,395815,400691
2024-11-01,3,Revenue,Service Revenue,United Kingdom,Services,213358,230892,227355
2024-11-01,4,Revenue,Support & Maintenance,United Kingdom,Services,108428,118745,116903
2024-11-01,5,COGS,Direct Materials,United Kingdom,Services,-139501,-157059,-155631
2024-11-01,6,COGS,Direct Labor,United Kingdom,Services,-128749,-144978,-145674
2024-11-01,7,COGS,Cloud & Hosting,United Kingdom,Services,-67203,-72489,-71526
2024-11-01,8,COGS,Support Delivery,United Kingdom,Services,-48006,-54367,-52108
2024-11-01,9,Operating Expenses,Sales,United Kingdom,Services,-96853,-108733,-109192
2024-11-01,10,Operating Expenses,Marketing,United Kingdom,Services,-81662,-90611,-89429
2024-11-01,11,Operating Expenses,Research & Development,United Kingdom,Services,-120463,-132896,-132706
2024-11-01,12,Operating Expenses,General & Administrative,United Kingdom,Services,-70144,-78530,-77140
2024-11-01,13,Operating Expenses,IT & Systems,United Kingdom,Services,-40090,-42285,-42105
2024-11-01,14,Operating Expenses,Facilities & Rent,United Kingdom,Services,-33842,-36244,-34412
2024-11-01,15,Operating Expenses,Depreciation & Amort.,United Kingdom,Services,-29683,-33224,-32193
2024-11-01,16,Other,Interest Income,United Kingdom,Services,6610,7249,6973
2024-11-01,17,Other,Interest Expense,United Kingdom,Services,-15380,-16914,-16814
2024-11-01,18,Other,FX Gain/(Loss),United Kingdom,Services,-8506,-9061,-8987
2024-11-01,19,Other,Other Income/(Expense),United Kingdom,Services,-10600,-12081,-11828
2024-11-01,20,Other,Income Tax,United Kingdom,Services,-48574,-54367,-54539
2024-11-01,1,Revenue,Product Revenue,United Kingdom,Hardware,639425,703672,669223
2024-11-01,2,Revenue,Subscription Revenue,United Kingdom,Hardware,492197,527754,503486
2024-11-01,3,Revenue,Service Revenue,United Kingdom,Hardware,280618,307856,310517
2024-11-01,4,Revenue,Support & Maintenance,United Kingdom,Hardware,142135,158326,160493
2024-11-01,5,COGS,Direct Materials,United Kingdom,Hardware,-198438,-209412,-197789
2024-11-01,6,COGS,Direct Labor,United Kingdom,Hardware,-182195,-193303,-192517
2024-11-01,7,COGS,Cloud & Hosting,United Kingdom,Hardware,-85366,-96652,-93841
2024-11-01,8,COGS,Support Delivery,United Kingdom,Hardware,-67247,-72489,-69474
2024-11-01,9,Operating Expenses,Sales,United Kingdom,Hardware,-128984,-144978,-142875
2024-11-01,10,Operating Expenses,Marketing,United Kingdom,Hardware,-112963,-120815,-117728
2024-11-01,11,Operating Expenses,Research & Development,United Kingdom,Hardware,-156986,-177195,-173371
2024-11-01,12,Operating Expenses,General & Administrative,United Kingdom,Hardware,-95214,-104706,-100366
2024-11-01,13,Operating Expenses,IT & Systems,United Kingdom,Hardware,-50765,-56380,-53486
2024-11-01,14,Operating Expenses,Facilities & Rent,United Kingdom,Hardware,-43403,-48326,-48726
2024-11-01,15,Operating Expenses,Depreciation & Amort.,United Kingdom,Hardware,-39473,-44299,-43733
2024-11-01,16,Other,Interest Income,United Kingdom,Hardware,8853,9665,9792
2024-11-01,17,Other,Interest Expense,United Kingdom,Hardware,-19826,-22552,-21863
2024-11-01,18,Other,FX Gain/(Loss),United Kingdom,Hardware,10858,12081,12273
2024-11-01,19,Other,Other Income/(Expense),United Kingdom,Hardware,14372,16109,15522
2024-11-01,20,Other,Income Tax,United Kingdom,Hardware,-63868,-72489,-72112
2024-11-01,1,Revenue,Product Revenue,Spain,Software,540564,586393,560579
2024-11-01,2,Revenue,Subscription Revenue,Spain,Software,404704,439795,421343
2024-11-01,3,Revenue,Service Revenue,Spain,Software,229456,256547,254948
2024-11-01,4,Revenue,Support & Maintenance,Spain,Software,119535,131938,124900
2024-11-01,5,COGS,Direct Materials,Spain,Software,-156226,-174510,-167579
2024-11-01,6,COGS,Direct Labor,Spain,Software,-147161,-161086,-158122
2024-11-01,7,COGS,Cloud & Hosting,Spain,Software,-73455,-80543,-80083
2024-11-01,8,COGS,Support Delivery,Spain,Software,-56311,-60407,-60518
2024-11-01,9,Operating Expenses,Sales,Spain,Software,-107353,-120815,-119762
2024-11-01,10,Operating Expenses,Marketing,Spain,Software,-93138,-100679,-99295
2024-11-01,11,Operating Expenses,Research & Development,Spain,Software,-137758,-147662,-148689
2024-11-01,12,Operating Expenses,General & Administrative,Spain,Software,-78706,-87255,-84804
2024-11-01,13,Operating Expenses,IT & Systems,Spain,Software,-42268,-46983,-46749
2024-11-01,14,Operating Expenses,Facilities & Rent,Spain,Software,-36384,-40272,-40632
2024-11-01,15,Operating Expenses,Depreciation & Amort.,Spain,Software,-34076,-36916,-37524
2024-11-01,16,Other,Interest Income,Spain,Software,7075,8054,7656
2024-11-01,17,Other,Interest Expense,Spain,Software,-17096,-18793,-18093
2024-11-01,18,Other,FX Gain/(Loss),Spain,Software,9532,10068,9604
2024-11-01,19,Other,Other Income/(Expense),Spain,Software,-12141,-13424,-13509
2024-11-01,20,Other,Income Tax,Spain,Software,-56566,-60407,-61058
2024-11-01,1,Revenue,Product Revenue,Spain,Services,322631,351836,355442
2024-11-01,2,Revenue,Subscription Revenue,Spain,Services,244017,263877,260453
2024-11-01,3,Revenue,Service Revenue,Spain,Services,135187,153928,155939
2024-11-01,4,Revenue,Support & Maintenance,Spain,Services,74410,79163,77218
2024-11-01,5,COGS,Direct Materials,Spain,Services,-96191,-104706,-104006
2024-11-01,6,COGS,Direct Labor,Spain,Services,-87374,-96652,-94380
2024-11-01,7,COGS,Cloud & Hosting,Spain,Services,-43608,-48326,-49154
2024-11-01,8,COGS,Support Delivery,Spain,Services,-33129,-36244,-35589
2024-11-01,9,Operating Expenses,Sales,Spain,Services,-65516,-72489,-71476
2024-11-01,10,Operating Expenses,Marketing,Spain,Services,-56057,-60407,-59049
2024-11-01,11,Operating Expenses,Research & Development,Spain,Services,-82950,-88597,-87075
2024-11-01,12,Operating Expenses,General & Administrative,Spain,Services,-48010,-52353,-49397
2024-11-01,13,Operating Expenses,IT & Systems,Spain,Services,-25580,-28190,-27465
2024-11-01,14,Operating Expenses,Facilities & Rent,Spain,Services,-22571,-24163,-22884
2024-11-01,15,Operating Expenses,Depreciation & Amort.,Spain,Services,-19759,-22149,-21995
2024-11-01,16,Other,Interest Income,Spain,Services,4553,4833,4789
2024-11-01,17,Other,Interest Expense,Spain,Services,-10114,-11276,-10999
2024-11-01,18,Other,FX Gain/(Loss),Spain,Services,-5608,-6041,-5998
2024-11-01,19,Other,Other Income/(Expense),Spain,Services,7073,8054,7824
2024-11-01,20,Other,Income Tax,Spain,Services,-34000,-36244,-36953
2024-11-01,1,Revenue,Product Revenue,Spain,Hardware,426581,469114,458880
2024-11-01,2,Revenue,Subscription Revenue,Spain,Hardware,309785,351836,353969
2024-11-01,3,Revenue,Service Revenue,Spain,Hardware,185845,205238,196628
2024-11-01,4,Revenue,Support & Maintenance,Spain,Hardware,98195,105551,105705
2024-11-01,5,COGS,Direct Materials,Spain,Hardware,-125863,-139608,-141402
2024-11-01,6,COGS,Direct Labor,Spain,Hardware,-119503,-128869,-129705
2024-11-01,7,COGS,Cloud & Hosting,Spain,Hardware,-61147,-64434,-61727
2024-11-01,8,COGS,Support Delivery,Spain,Hardware,-44990,-48326,-47772
2024-11-01,9,Operating Expenses,Sales,Spain,Hardware,-85541,-96652,-94207
2024-11-01,10,Operating Expenses,Marketing,Spain,Hardware,-71380,-80543,-80647
2024-11-01,11,Operating Expenses,Research & Development,Spain,Hardware,-105339,-118130,-113116
2024-11-01,12,Operating Expenses,General & Administrative,Spain,Hardware,-62466,-69804,-70502
2024-11-01,13,Operating Expenses,IT & Systems,Spain,Hardware,-33652,-37587,-35557
2024-11-01,14,Operating Expenses,Facilities & Rent,Spain,Hardware,-29855,-32217,-32822
2024-11-01,15,Operating Expenses,Depreciation & Amort.,Spain,Hardware,-26975,-29532,-27877
2024-11-01,16,Other,Interest Income,Spain,Hardware,5949,6443,6539
2024-11-01,17,Other,Interest Expense,Spain,Hardware,-14126,-15035,-14573
2024-11-01,18,Other,FX Gain/(Loss),Spain,Hardware,-7546,-8054,-7815
2024-11-01,19,Other,Other Income/(Expense),Spain,Hardware,-9619,-10739,-10285
2024-11-01,20,Other,Income Tax,Spain,Hardware,-44965,-48326,-45487
2024-11-01,1,Revenue,Product Revenue,Italy,Software,642819,684125,644882
2024-11-01,2,Revenue,Subscription Revenue,Italy,Software,471538,513094,518479
2024-11-01,3,Revenue,Service Revenue,Italy,Software,283088,299305,289009
2024-11-01,4,Revenue,Support & Maintenance,Italy,Software,137964,153928,148647
2024-11-01,5,COGS,Direct Materials,Italy,Software,-187458,-203595,-199366
2024-11-01,6,COGS,Direct Labor,Italy,Software,-168746,-187934,-177605
2024-11-01,7,COGS,Cloud & Hosting,Italy,Software,-85963,-93967,-90236
2024-11-01,8,COGS,Support Delivery,Italy,Software,-61828,-70475,-67503
2024-11-01,9,Operating Expenses,Sales,Italy,Software,-128612,-140950,-139169
2024-11-01,10,Operating Expenses,Marketing,Italy,Software,-104477,-117459,-113515
2024-11-01,11,Operating Expenses,Research & Development,Italy,Software,-154765,-172273,-165481
2024-11-01,12,Operating Expenses,General & Administrative,Italy,Software,-93678,-101798,-98598
2024-11-01,13,Operating Expenses,IT & Systems,Italy,Software,-50473,-54814,-52347
2024-11-01,14,Operating Expenses,Facilities & Rent,Italy,Software,-44076,-46983,-46116
2024-11-01,15,Operating Expenses,Depreciation & Amort.,Italy,Software,-40679,-43068,-42297
2024-11-01,16,Other,Interest Income,Italy,Software,8423,9397,9117
2024-11-01,17,Other,Interest Expense,Italy,Software,-20726,-21926,-22005
2024-11-01,18,Other,FX Gain/(Loss),Italy,Software,10550,11746,11529
2024-11-01,19,Other,Other Income/(Expense),Italy,Software,-14767,-15661,-15694
2024-11-01,20,Other,Income Tax,Italy,Software,-66711,-70475,-70437
2024-11-01,1,Revenue,Product Revenue,Italy,Services,380003,410475,416366
2024-11-01,2,Revenue,Subscription Revenue,Italy,Services,287915,307856,313788
2024-11-01,3,Revenue,Service Revenue,Italy,Services,165020,179583,170218
2024-11-01,4,Revenue,Support & Maintenance,Italy,Services,86251,92357,90647
2024-11-01,5,COGS,Direct Materials,Italy,Services,-108097,-122157,-121190
2024-11-01,6,COGS,Direct Labor,Italy,Services,-100711,-112760,-112292
2024-11-01,7,COGS,Cloud & Hosting,Italy,Services,-50897,-56380,-56895
2024-11-01,8,COGS,Support Delivery,Italy,Services,-39384,-42285,-40015
2024-11-01,9,Operating Expenses,Sales,Italy,Services,-76236,-84570,-81548
2024-11-01,10,Operating Expenses,Marketing,Italy,Services,-64231,-70475,-67088
2024-11-01,11,Operating Expenses,Research & Development,Italy,Services,-97452,-103364,-104919
2024-11-01,12,Operating Expenses,General & Administrative,Italy,Services,-54425,-61079,-58739
2024-11-01,13,Operating Expenses,IT & Systems,Italy,Services,-29029,-32888,-32509
2024-11-01,14,Operating Expenses,Facilities & Rent,Italy,Services,-26130,-28190,-28076
2024-11-01,15,Operating Expenses,Depreciation & Amort.,Italy,Services,-23144,-25841,-25520
2024-11-01,16,Other,Interest Income,Italy,Services,5282,5638,5399
2024-11-01,17,Other,Interest Expense,Italy,Services,-12367,-13155,-13116
2024-11-01,18,Other,FX Gain/(Loss),Italy,Services,-6660,-7048,-7000
2024-11-01,19,Other,Other Income/(Expense),Italy,Services,8829,9397,9406
2024-11-01,20,Other,Income Tax,Italy,Services,-38389,-42285,-41274
2024-11-01,1,Revenue,Product Revenue,Italy,Hardware,511237,547300,516213
2024-11-01,2,Revenue,Subscription Revenue,Italy,Hardware,384228,410475,410984
2024-11-01,3,Revenue,Service Revenue,Italy,Hardware,216556,239444,237771
2024-11-01,4,Revenue,Support & Maintenance,Italy,Hardware,114608,123143,118674
2024-11-01,5,COGS,Direct Materials,Italy,Hardware,-154646,-162876,-159327
2024-11-01,6,COGS,Direct Labor,Italy,Hardware,-140909,-150347,-141676
2024-11-01,7,COGS,Cloud & Hosting,Italy,Hardware,-69195,-75174,-75870
2024-11-01,8,COGS,Support Delivery,Italy,Hardware,-52314,-56380,-57338
2024-11-01,9,Operating Expenses,Sales,Italy,Hardware,-101060,-112760,-113654
2024-11-01,10,Operating Expenses,Marketing,Italy,Hardware,-86124,-93967,-88927
2024-11-01,11,Operating Expenses,Research & Development,Italy,Hardware,-130870,-137818,-140430
2024-11-01,12,Operating Expenses,General & Administrative,Italy,Hardware,-72947,-81438,-79639
2024-11-01,13,Operating Expenses,IT & Systems,Italy,Hardware,-38877,-43851,-41511
2024-11-01,14,Operating Expenses,Facilities & Rent,Italy,Hardware,-34007,-37587,-35494
2024-11-01,15,Operating Expenses,Depreciation & Amort.,Italy,Hardware,-32109,-34455,-32666
2024-11-01,16,Other,Interest Income,Italy,Hardware,6845,7517,7166
2024-11-01,17,Other,Interest Expense,Italy,Hardware,-15541,-17540,-16750
2024-11-01,18,Other,FX Gain/(Loss),Italy,Hardware,8726,9397,9066
2024-11-01,19,Other,Other Income/(Expense),Italy,Hardware,-11284,-12529,-12146
2024-11-01,20,Other,Income Tax,Italy,Hardware,-51579,-56380,-56567
2024-11-01,1,Revenue,Product Revenue,United States,Software,1427319,1563715,1538671
2024-11-01,2,Revenue,Subscription Revenue,United States,Software,1092740,1172786,1185135
2024-11-01,3,Revenue,Service Revenue,United States,Software,620351,684125,696906
2024-11-01,4,Revenue,Support & Maintenance,United States,Software,327147,351836,333790
2024-11-01,5,COGS,Direct Materials,United States,Software,-433900,-465360,-466413
2024-11-01,6,COGS,Direct Labor,United States,Software,-400502,-429563,-416629
2024-11-01,7,COGS,Cloud & Hosting,United States,Software,-199567,-214782,-211328
2024-11-01,8,COGS,Support Delivery,United States,Software,-151156,-161086,-161958
2024-11-01,9,Operating Expenses,Sales,United States,Software,-284242,-322172,-319279
2024-11-01,10,Operating Expenses,Marketing,United States,Software,-247359,-268477,-267109
2024-11-01,11,Operating Expenses,Research & Development,United States,Software,-370773,-393766,-387069
2024-11-01,12,Operating Expenses,General & Administrative,United States,Software,-218790,-232680,-226037
2024-11-01,13,Operating Expenses,IT & Systems,United States,Software,-117939,-125289,-124248
2024-11-01,14,Operating Expenses,Facilities & Rent,United States,Software,-99250,-107391,-108158
2024-11-01,15,Operating Expenses,Depreciation & Amort.,United States,Software,-89146,-98442,-99756
2024-11-01,16,Other,Interest Income,United States,Software,20272,21478,21745
2024-11-01,17,Other,Interest Expense,United States,Software,-45096,-50116,-49727
2024-11-01,18,Other,FX Gain/(Loss),United States,Software,25280,26848,25556
2024-11-01,19,Other,Other Income/(Expense),United States,Software,33187,35797,36289
2024-11-01,20,Other,Income Tax,United States,Software,-141794,-161086,-160209
2024-11-01,1,Revenue,Product Revenue,United States,Services,842017,938229,914840
2024-11-01,2,Revenue,Subscription Revenue,United States,Services,668024,703672,680567
2024-11-01,3,Revenue,Service Revenue,United States,Services,389772,410475,386888
2024-11-01,4,Revenue,Support & Maintenance,United States,Services,185660,211101,201257
2024-11-01,5,COGS,Direct Materials,United States,Services,-250921,-279216,-274563
2024-11-01,6,COGS,Direct Labor,United States,Services,-231875,-257738,-259565
2024-11-01,7,COGS,Cloud & Hosting,United States,Services,-122376,-128869,-128000
2024-11-01,8,COGS,Support Delivery,United States,Services,-85886,-96652,-94472
2024-11-01,9,Operating Expenses,Sales,United States,Services,-180778,-193303,-182057
2024-11-01,10,Operating Expenses,Marketing,United States,Services,-149165,-161086,-156529
2024-11-01,11,Operating Expenses,Research & Development,United States,Services,-221056,-236260,-231663
2024-11-01,12,Operating Expenses,General & Administrative,United States,Services,-125834,-139608,-133209
2024-11-01,13,Operating Expenses,IT & Systems,United States,Services,-70550,-75174,-73910
2024-11-01,14,Operating Expenses,Facilities & Rent,United States,Services,-57285,-64434,-63874
2024-11-01,15,Operating Expenses,Depreciation & Amort.,United States,Services,-55198,-59065,-59955
2024-11-01,16,Other,Interest Income,United States,Services,11914,12887,12231
2024-11-01,17,Other,Interest Expense,United States,Services,-28487,-30069,-28570
2024-11-01,18,Other,FX Gain/(Loss),United States,Services,-14714,-16109,-16072
2024-11-01,19,Other,Other Income/(Expense),United States,Services,-20341,-21478,-21609
2024-11-01,20,Other,Income Tax,United States,Services,-85049,-96652,-93486
2024-11-01,1,Revenue,Product Revenue,United States,Hardware,1135246,1250972,1197857
2024-11-01,2,Revenue,Subscription Revenue,United States,Hardware,868689,938229,886420
2024-11-01,3,Revenue,Service Revenue,United States,Hardware,512425,547300,548110
2024-11-01,4,Revenue,Support & Maintenance,United States,Hardware,247459,281469,271110
2024-11-01,5,COGS,Direct Materials,United States,Hardware,-330523,-372288,-355065
2024-11-01,6,COGS,Direct Labor,United States,Hardware,-309034,-343650,-334885
2024-11-01,7,COGS,Cloud & Hosting,United States,Hardware,-152901,-171825,-171748
2024-11-01,8,COGS,Support Delivery,United States,Hardware,-114504,-128869,-124776
2024-11-01,9,Operating Expenses,Sales,United States,Hardware,-229319,-257738,-261637
2024-11-01,10,Operating Expenses,Marketing,United States,Hardware,-194113,-214782,-206839
2024-11-01,11,Operating Expenses,Research & Development,United States,Hardware,-291391,-315013,-304068
2024-11-01,12,Operating Expenses,General & Administrative,United States,Hardware,-163762,-186144,-179629
2024-11-01,13,Operating Expenses,IT & Systems,United States,Hardware,-89559,-100231,-97499
2024-11-01,14,Operating Expenses,Facilities & Rent,United States,Hardware,-81495,-85913,-87182
2024-11-01,15,Operating Expenses,Depreciation & Amort.,United States,Hardware,-69407,-78753,-79216
2024-11-01,16,Other,Interest Income,United States,Hardware,15910,17183,16338
2024-11-01,17,Other,Interest Expense,United States,Hardware,-36655,-40093,-39651
2024-11-01,18,Other,FX Gain/(Loss),United States,Hardware,19396,21478,20826
2024-11-01,19,Other,Other Income/(Expense),United States,Hardware,-25589,-28638,-28027
2024-11-01,20,Other,Income Tax,United States,Hardware,-119891,-128869,-129648
2024-11-01,1,Revenue,Product Revenue,Nordics,Software,434098,488661,476153
2024-11-01,2,Revenue,Subscription Revenue,Nordics,Software,343356,366496,368377
2024-11-01,3,Revenue,Service Revenue,Nordics,Software,188498,213789,214488
2024-11-01,4,Revenue,Support & Maintenance,Nordics,Software,99883,109949,106808
2024-11-01,5,COGS,Direct Materials,Nordics,Software,-130096,-145425,-141068
2024-11-01,6,COGS,Direct Labor,Nordics,Software,-122817,-134238,-126841
2024-11-01,7,COGS,Cloud & Hosting,Nordics,Software,-60684,-67119,-63699
2024-11-01,8,COGS,Support Delivery,Nordics,Software,-45350,-50339,-47660
2024-11-01,9,Operating Expenses,Sales,Nordics,Software,-88959,-100679,-95093
2024-11-01,10,Operating Expenses,Marketing,Nordics,Software,-77765,-83899,-85265
2024-11-01,11,Operating Expenses,Research & Development,Nordics,Software,-113519,-123052,-119976
2024-11-01,12,Operating Expenses,General & Administrative,Nordics,Software,-64069,-72713,-70280
2024-11-01,13,Operating Expenses,IT & Systems,Nordics,Software,-35126,-39153,-38295
2024-11-01,14,Operating Expenses,Facilities & Rent,Nordics,Software,-31478,-33560,-31777
2024-11-01,15,Operating Expenses,Depreciation & Amort.,Nordics,Software,-27448,-30763,-29141
2024-11-01,16,Other,Interest Income,Nordics,Software,5890,6712,6337
2024-11-01,17,Other,Interest Expense,Nordics,Software,-14786,-15661,-15538
2024-11-01,18,Other,FX Gain/(Loss),Nordics,Software,7754,8390,8501
2024-11-01,19,Other,Other Income/(Expense),Nordics,Software,-10125,-11187,-11063
2024-11-01,20,Other,Income Tax,Nordics,Software,-46281,-50339,-49448
2024-11-01,1,Revenue,Product Revenue,Nordics,Services,275212,293196,296176
2024-11-01,2,Revenue,Subscription Revenue,Nordics,Services,198615,219897,220825
2024-11-01,3,Revenue,Service Revenue,Nordics,Services,118867,128273,122061
2024-11-01,4,Revenue,Support & Maintenance,Nordics,Services,58863,65969,62978
2024-11-01,5,COGS,Direct Materials,Nordics,Services,-80665,-87255,-88638
2024-11-01,6,COGS,Direct Labor,Nordics,Services,-74473,-80543,-79568
2024-11-01,7,COGS,Cloud & Hosting,Nordics,Services,-37494,-40272,-40358
2024-11-01,8,COGS,Support Delivery,Nordics,Services,-26943,-30204,-29521
2024-11-01,9,Operating Expenses,Sales,Nordics,Services,-57060,-60407,-60621
2024-11-01,10,Operating Expenses,Marketing,Nordics,Services,-47418,-50339,-50836
2024-11-01,11,Operating Expenses,Research & Development,Nordics,Services,-65763,-73831,-70235
2024-11-01,12,Operating Expenses,General & Administrative,Nordics,Services,-38306,-43628,-41136
2024-11-01,13,Operating Expenses,IT & Systems,Nordics,Services,-21531,-23492,-22122
2024-11-01,14,Operating Expenses,Facilities & Rent,Nordics,Services,-18178,-20136,-20012
2024-11-01,15,Operating Expenses,Depreciation & Amort.,Nordics,Services,-16955,-18458,-18432
2024-11-01,16,Other,Interest Income,Nordics,Services,3773,4027,3994
2024-11-01,17,Other,Interest Expense,Nordics,Services,-8361,-9397,-8993
2024-11-01,18,Other,FX Gain/(Loss),Nordics,Services,-4577,-5034,-4837
2024-11-01,19,Other,Other Income/(Expense),Nordics,Services,-6374,-6712,-6831
2024-11-01,20,Other,Income Tax,Nordics,Services,-27957,-30204,-30045
2024-11-01,1,Revenue,Product Revenue,Nordics,Hardware,348034,390929,375278
2024-11-01,2,Revenue,Subscription Revenue,Nordics,Hardware,266583,293196,277592
2024-11-01,3,Revenue,Service Revenue,Nordics,Hardware,152265,171031,162999
2024-11-01,4,Revenue,Support & Maintenance,Nordics,Hardware,80657,87959,85021
2024-11-01,5,COGS,Direct Materials,Nordics,Hardware,-103954,-116340,-111802
2024-11-01,6,COGS,Direct Labor,Nordics,Hardware,-97401,-107391,-103587
2024-11-01,7,COGS,Cloud & Hosting,Nordics,Hardware,-49949,-53695,-52733
2024-11-01,8,COGS,Support Delivery,Nordics,Hardware,-37377,-40272,-38721
2024-11-01,9,Operating Expenses,Sales,Nordics,Hardware,-74987,-80543,-77543
2024-11-01,10,Operating Expenses,Marketing,Nordics,Hardware,-58942,-67119,-66511
2024-11-01,11,Operating Expenses,Research & Development,Nordics,Hardware,-90210,-98442,-94059
2024-11-01,12,Operating Expenses,General & Administrative,Nordics,Hardware,-51218,-58170,-57932
2024-11-01,13,Operating Expenses,IT & Systems,Nordics,Hardware,-28449,-31322,-31373
2024-11-01,14,Operating Expenses,Facilities & Rent,Nordics,Hardware,-24666,-26848,-26131
2024-11-01,15,Operating Expenses,Depreciation & Amort.,Nordics,Hardware,-21754,-24610,-24947
2024-11-01,16,Other,Interest Income,Nordics,Hardware,4807,5370,5161
2024-11-01,17,Other,Interest Expense,Nordics,Hardware,-11080,-12529,-12467
2024-11-01,18,Other,FX Gain/(Loss),Nordics,Hardware,6036,6712,6565
2024-11-01,19,Other,Other Income/(Expense),Nordics,Hardware,8232,8949,8754
2024-11-01,20,Other,Income Tax,Nordics,Hardware,-36644,-40272,-40396
2024-12-01,1,Revenue,Product Revenue,France,Software,940601,1000334,1018221
2024-12-01,2,Revenue,Subscription Revenue,France,Software,662213,750251,742595
2024-12-01,3,Revenue,Service Revenue,France,Software,402010,437646,442213
2024-12-01,4,Revenue,Support & Maintenance,France,Software,202379,225075,212555
2024-12-01,5,COGS,Direct Materials,France,Software,-262612,-294011,-290230
2024-12-01,6,COGS,Direct Labor,France,Software,-256619,-271395,-263321
2024-12-01,7,COGS,Cloud & Hosting,France,Software,-122911,-135698,-130977
2024-12-01,8,COGS,Support Delivery,France,Software,-92147,-101773,-102820
2024-12-01,9,Operating Expenses,Sales,France,Software,-193341,-203546,-197396
2024-12-01,10,Operating Expenses,Marketing,France,Software,-152284,-169622,-168315
2024-12-01,11,Operating Expenses,Research & Development,France,Software,-221228,-248779,-248370
2024-12-01,12,Operating Expenses,General & Administrative,France,Software,-133068,-147006,-147477
2024-12-01,13,Operating Expenses,IT & Systems,France,Software,-74733,-79157,-80379
2024-12-01,14,Operating Expenses,Facilities & Rent,France,Software,-62074,-67849,-65137
2024-12-01,15,Operating Expenses,Depreciation & Amort.,France,Software,-56994,-62195,-62782
2024-12-01,16,Other,Interest Income,France,Software,12836,13570,13103
2024-12-01,17,Other,Interest Expense,France,Software,-28037,-31663,-30514
2024-12-01,18,Other,FX Gain/(Loss),France,Software,15176,16962,17191
2024-12-01,19,Other,Other Income/(Expense),France,Software,20791,22616,22714
2024-12-01,20,Other,Income Tax,France,Software,-94531,-101773,-97210
2024-12-01,1,Revenue,Product Revenue,France,Services,541454,600201,586731
2024-12-01,2,Revenue,Subscription Revenue,France,Services,426934,450150,447518
2024-12-01,3,Revenue,Service Revenue,France,Services,247504,262588,262783
2024-12-01,4,Revenue,Support & Maintenance,France,Services,123391,135045,137491
2024-12-01,5,COGS,Direct Materials,France,Services,-161726,-176407,-171841
2024-12-01,6,COGS,Direct Labor,France,Services,-145410,-162837,-165924
2024-12-01,7,COGS,Cloud & Hosting,France,Services,-76790,-81419,-80962
2024-12-01,8,COGS,Support Delivery,France,Services,-57120,-61064,-61688
2024-12-01,9,Operating Expenses,Sales,France,Services,-114999,-122128,-120682
2024-12-01,10,Operating Expenses,Marketing,France,Services,-92343,-101773,-100912
2024-12-01,11,Operating Expenses,Research & Development,France,Services,-137486,-149267,-140944
2024-12-01,12,Operating Expenses,General & Administrative,France,Services,-77828,-88203,-85595
2024-12-01,13,Operating Expenses,IT & Systems,France,Services,-42408,-47494,-47664
2024-12-01,14,Operating Expenses,Facilities & Rent,France,Services,-37631,-40709,-41399
2024-12-01,15,Operating Expenses,Depreciation & Amort.,France,Services,-34499,-37317,-36193
2024-12-01,16,Other,Interest Income,France,Services,7425,8142,8215
2024-12-01,17,Other,Interest Expense,France,Services,-17997,-18998,-19186
2024-12-01,18,Other,FX Gain/(Loss),France,Services,8950,10177,9791
2024-12-01,19,Other,Other Income/(Expense),France,Services,-12009,-13570,-13276
2024-12-01,20,Other,Income Tax,France,Services,-57039,-61064,-61340
2024-12-01,1,Revenue,Product Revenue,France,Hardware,738864,800268,804804
2024-12-01,2,Revenue,Subscription Revenue,France,Hardware,538927,600201,580011
2024-12-01,3,Revenue,Service Revenue,France,Hardware,331941,350117,335021
2024-12-01,4,Revenue,Support & Maintenance,France,Hardware,168829,180060,177016
2024-12-01,5,COGS,Direct Materials,France,Hardware,-211268,-235209,-227885
2024-12-01,6,COGS,Direct Labor,France,Hardware,-204799,-217116,-218065
2024-12-01,7,COGS,Cloud & Hosting,France,Hardware,-95602,-108558,-109968
2024-12-01,8,COGS,Support Delivery,France,Hardware,-75611,-81419,-82065
2024-12-01,9,Operating Expenses,Sales,France,Hardware,-152227,-162837,-156374
2024-12-01,10,Operating Expenses,Marketing,France,Hardware,-126424,-135698,-132120
2024-12-01,11,Operating Expenses,Research & Development,France,Hardware,-188403,-199023,-199592
2024-12-01,12,Operating Expenses,General & Administrative,France,Hardware,-111676,-117605,-117691
2024-12-01,13,Operating Expenses,IT & Systems,France,Hardware,-55666,-63326,-62589
2024-12-01,14,Operating Expenses,Facilities & Rent,France,Hardware,-48510,-54279,-53260
2024-12-01,15,Operating Expenses,Depreciation & Amort.,France,Hardware,-43815,-49756,-47553
2024-12-01,16,Other,Interest Income,France,Hardware,9802,10856,11048
2024-12-01,17,Other,Interest Expense,France,Hardware,-22677,-25330,-25130
2024-12-01,18,Other,FX Gain/(Loss),France,Hardware,-12128,-13570,-13381
2024-12-01,19,Other,Other Income/(Expense),France,Hardware,-16349,-18093,-17345
2024-12-01,20,Other,Income Tax,France,Hardware,-74940,-81419,-77861
2024-12-01,1,Revenue,Product Revenue,Germany,Software,1092144,1200401,1192453
2024-12-01,2,Revenue,Subscription Revenue,Germany,Software,800238,900301,866941
2024-12-01,3,Revenue,Service Revenue,Germany,Software,486397,525176,526343
2024-12-01,4,Revenue,Support & Maintenance,Germany,Software,251910,270090,261411
2024-12-01,5,COGS,Direct Materials,Germany,Software,-330691,-352814,-353633
2024-12-01,6,COGS,Direct Labor,Germany,Software,-304729,-325674,-318100
2024-12-01,7,COGS,Cloud & Hosting,Germany,Software,-153161,-162837,-162799
2024-12-01,8,COGS,Support Delivery,Germany,Software,-115830,-122128,-118843
2024-12-01,9,Operating Expenses,Sales,Germany,Software,-224696,-244256,-232632
2024-12-01,10,Operating Expenses,Marketing,Germany,Software,-179381,-203546,-207275
2024-12-01,11,Operating Expenses,Research & Development,Germany,Software,-283421,-298535,-281807
2024-12-01,12,Operating Expenses,General & Administrative,Germany,Software,-157314,-176407,-177435
2024-12-01,13,Operating Expenses,IT & Systems,Germany,Software,-88163,-94988,-90872
2024-12-01,14,Operating Expenses,Facilities & Rent,Germany,Software,-74345,-81419,-78173
2024-12-01,15,Operating Expenses,Depreciation & Amort.,Germany,Software,-66671,-74634,-71153
2024-12-01,16,Other,Interest Income,Germany,Software,15192,16284,15793
2024-12-01,17,Other,Interest Expense,Germany,Software,-34901,-37995,-36315
2024-12-01,18,Other,FX Gain/(Loss),Germany,Software,18350,20355,19224
2024-12-01,19,Other,Other Income/(Expense),Germany,Software,-24077,-27140,-25790
2024-12-01,20,Other,Income Tax,Germany,Software,-107224,-122128,-119789
2024-12-01,1,Revenue,Product Revenue,Germany,Services,658253,720241,715505
2024-12-01,2,Revenue,Subscription Revenue,Germany,Services,474933,540181,519331
2024-12-01,3,Revenue,Service Revenue,Germany,Services,297623,315105,311675
2024-12-01,4,Revenue,Support & Maintenance,Germany,Services,143323,162054,157212
2024-12-01,5,COGS,Direct Materials,Germany,Services,-193923,-211688,-201319
2024-12-01,6,COGS,Direct Labor,Germany,Services,-177580,-195404,-192348
2024-12-01,7,COGS,Cloud & Hosting,Germany,Services,-87055,-97702,-94479
2024-12-01,8,COGS,Support Delivery,Germany,Services,-65054,-73277,-74475
2024-12-01,9,Operating Expenses,Sales,Germany,Services,-132160,-146553,-139081
2024-12-01,10,Operating Expenses,Marketing,Germany,Services,-111524,-122128,-122471
2024-12-01,11,Operating Expenses,Research & Development,Germany,Services,-166500,-179121,-175606
2024-12-01,12,Operating Expenses,General & Administrative,Germany,Services,-99939,-105844,-104935
2024-12-01,13,Operating Expenses,IT & Systems,Germany,Services,-51041,-56993,-56546
2024-12-01,14,Operating Expenses,Facilities & Rent,Germany,Services,-45514,-48851,-49456
2024-12-01,15,Operating Expenses,Depreciation & Amort.,Germany,Services,-42302,-44780,-42943
2024-12-01,16,Other,Interest Income,Germany,Services,8576,9770,9418
2024-12-01,17,Other,Interest Expense,Germany,Services,-21462,-22797,-23104
2024-12-01,18,Other,FX Gain/(Loss),Germany,Services,11347,12213,11555
2024-12-01,19,Other,Other Income/(Expense),Germany,Services,14990,16284,16300
2024-12-01,20,Other,Income Tax,Germany,Services,-69331,-73277,-70518
2024-12-01,1,Revenue,Product Revenue,Germany,Hardware,881900,960321,948188
2024-12-01,2,Revenue,Subscription Revenue,Germany,Hardware,639051,720241,707358
2024-12-01,3,Revenue,Service Revenue,Germany,Hardware,398276,420140,420352
2024-12-01,4,Revenue,Support & Maintenance,Germany,Hardware,197929,216072,212679
2024-12-01,5,COGS,Direct Materials,Germany,Hardware,-249244,-282251,-279826
2024-12-01,6,COGS,Direct Labor,Germany,Hardware,-235286,-260539,-246295
2024-12-01,7,COGS,Cloud & Hosting,Germany,Hardware,-116681,-130270,-129486
2024-12-01,8,COGS,Support Delivery,Germany,Hardware,-86873,-97702,-92228
2024-12-01,9,Operating Expenses,Sales,Germany,Hardware,-173360,-195404,-195738
2024-12-01,10,Operating Expenses,Marketing,Germany,Hardware,-144415,-162837,-164438
2024-12-01,11,Operating Expenses,Research & Development,Germany,Hardware,-222970,-238828,-238647
2024-12-01,12,Operating Expenses,General & Administrative,Germany,Hardware,-130467,-141125,-139758
2024-12-01,13,Operating Expenses,IT & Systems,Germany,Hardware,-71640,-75991,-73073
2024-12-01,14,Operating Expenses,Facilities & Rent,Germany,Hardware,-60635,-65135,-64640
2024-12-01,15,Operating Expenses,Depreciation & Amort.,Germany,Hardware,-54521,-59707,-58588
2024-12-01,16,Other,Interest Income,Germany,Hardware,12370,13027,13019
2024-12-01,17,Other,Interest Expense,Germany,Hardware,-27145,-30396,-30775
2024-12-01,18,Other,FX Gain/(Loss),Germany,Hardware,14292,16284,16352
2024-12-01,19,Other,Other Income/(Expense),Germany,Hardware,-20260,-21712,-21211
2024-12-01,20,Other,Income Tax,Germany,Hardware,-89889,-97702,-96911
2024-12-01,1,Revenue,Product Revenue,United Kingdom,Software,822792,900301,907238
2024-12-01,2,Revenue,Subscription Revenue,United Kingdom,Software,603941,675226,635553
2024-12-01,3,Revenue,Service Revenue,United Kingdom,Software,370935,393882,387247
2024-12-01,4,Revenue,Support & Maintenance,United Kingdom,Software,191191,202568,205236
2024-12-01,5,COGS,Direct Materials,United Kingdom,Software,-235480,-264610,-259576
2024-12-01,6,COGS,Direct Labor,United Kingdom,Software,-226160,-244256,-243458
2024-12-01,7,COGS,Cloud & Hosting,United Kingdom,Software,-108771,-122128,-118502
2024-12-01,8,COGS,Support Delivery,United Kingdom,Software,-82479,-91596,-89623
2024-12-01,9,Operating Expenses,Sales,United Kingdom,Software,-165701,-183192,-185787
2024-12-01,10,Operating Expenses,Marketing,United Kingdom,Software,-134328,-152660,-147757
2024-12-01,11,Operating Expenses,Research & Development,United Kingdom,Software,-208299,-223901,-214643
2024-12-01,12,Operating Expenses,General & Administrative,United Kingdom,Software,-118388,-132305,-131218
2024-12-01,13,Operating Expenses,IT & Systems,United Kingdom,Software,-64227,-71241,-70881
2024-12-01,14,Operating Expenses,Facilities & Rent,United Kingdom,Software,-55687,-61064,-60481
2024-12-01,15,Operating Expenses,Depreciation & Amort.,United Kingdom,Software,-50888,-55975,-52798
2024-12-01,16,Other,Interest Income,United Kingdom,Software,10932,12213,11690
2024-12-01,17,Other,Interest Expense,United Kingdom,Software,-26820,-28496,-28931
2024-12-01,18,Other,FX Gain/(Loss),United Kingdom,Software,-14125,-15266,-14396
2024-12-01,19,Other,Other Income/(Expense),United Kingdom,Software,19321,20355,20400
2024-12-01,20,Other,Income Tax,United Kingdom,Software,-80683,-91596,-87995
2024-12-01,1,Revenue,Product Revenue,United Kingdom,Services,497572,540181,536481
2024-12-01,2,Revenue,Subscription Revenue,United Kingdom,Services,358339,405135,412011
2024-12-01,3,Revenue,Service Revenue,United Kingdom,Services,216937,236329,239754
2024-12-01,4,Revenue,Support & Maintenance,United Kingdom,Services,115422,121541,119973
2024-12-01,5,COGS,Direct Materials,United Kingdom,Services,-142196,-158766,-149818
2024-12-01,6,COGS,Direct Labor,United Kingdom,Services,-130883,-146553,-141408
2024-12-01,7,COGS,Cloud & Hosting,United Kingdom,Services,-68701,-73277,-71122
2024-12-01,8,COGS,Support Delivery,United Kingdom,Services,-50775,-54958,-53117
2024-12-01,9,Operating Expenses,Sales,United Kingdom,Services,-100546,-109915,-105242
2024-12-01,10,Operating Expenses,Marketing,United Kingdom,Services,-84189,-91596,-90786
2024-12-01,11,Operating Expenses,Research & Development,United Kingdom,Services,-127178,-134341,-136222
2024-12-01,12,Operating Expenses,General & Administrative,United Kingdom,Services,-71999,-79383,-79481
2024-12-01,13,Operating Expenses,IT & Systems,United Kingdom,Services,-40392,-42745,-41390
2024-12-01,14,Operating Expenses,Facilities & Rent,United Kingdom,Services,-34626,-36638,-35589
2024-12-01,15,Operating Expenses,Depreciation & Amort.,United Kingdom,Services,-31669,-33585,-32717
2024-12-01,16,Other,Interest Income,United Kingdom,Services,6788,7328,7380
2024-12-01,17,Other,Interest Expense,United Kingdom,Services,-15189,-17098,-17045
2024-12-01,18,Other,FX Gain/(Loss),United Kingdom,Services,8140,9160,9330
2024-12-01,19,Other,Other Income/(Expense),United Kingdom,Services,11051,12213,12136
2024-12-01,20,Other,Income Tax,United Kingdom,Services,-51144,-54958,-55986
2024-12-01,1,Revenue,Product Revenue,United Kingdom,Hardware,673874,720241,680918
2024-12-01,2,Revenue,Subscription Revenue,United Kingdom,Hardware,497926,540181,514165
2024-12-01,3,Revenue,Service Revenue,United Kingdom,Hardware,298937,315105,312164
2024-12-01,4,Revenue,Support & Maintenance,United Kingdom,Hardware,148329,162054,159258
2024-12-01,5,COGS,Direct Materials,United Kingdom,Hardware,-188050,-211688,-215210
2024-12-01,6,COGS,Direct Labor,United Kingdom,Hardware,-177541,-195404,-196957
2024-12-01,7,COGS,Cloud & Hosting,United Kingdom,Hardware,-88375,-97702,-92830
2024-12-01,8,COGS,Support Delivery,United Kingdom,Hardware,-64552,-73277,-74231
2024-12-01,9,Operating Expenses,Sales,United Kingdom,Hardware,-132814,-146553,-142938
2024-12-01,10,Operating Expenses,Marketing,United Kingdom,Hardware,-108110,-122128,-119640
2024-12-01,11,Operating Expenses,Research & Development,United Kingdom,Hardware,-166531,-179121,-181838
2024-12-01,12,Operating Expenses,General & Administrative,United Kingdom,Hardware,-98828,-105844,-102279
2024-12-01,13,Operating Expenses,IT & Systems,United Kingdom,Hardware,-53015,-56993,-56286
2024-12-01,14,Operating Expenses,Facilities & Rent,United Kingdom,Hardware,-45437,-48851,-46210
2024-12-01,15,Operating Expenses,Depreciation & Amort.,United Kingdom,Hardware,-40814,-44780,-43083
2024-12-01,16,Other,Interest Income,United Kingdom,Hardware,9179,9770,9885
2024-12-01,17,Other,Interest Expense,United Kingdom,Hardware,-20814,-22797,-21826
2024-12-01,18,Other,FX Gain/(Loss),United Kingdom,Hardware,-11422,-12213,-11679
2024-12-01,19,Other,Other Income/(Expense),United Kingdom,Hardware,14903,16284,15645
2024-12-01,20,Other,Income Tax,United Kingdom,Hardware,-68758,-73277,-69590
2024-12-01,1,Revenue,Product Revenue,Spain,Software,563653,600201,601151
2024-12-01,2,Revenue,Subscription Revenue,Spain,Software,414369,450150,428575
2024-12-01,3,Revenue,Service Revenue,Spain,Software,244176,262588,262798
2024-12-01,4,Revenue,Support & Maintenance,Spain,Software,126643,135045,128946
2024-12-01,5,COGS,Direct Materials,Spain,Software,-164513,-176407,-170471
2024-12-01,6,COGS,Direct Labor,Spain,Software,-154252,-162837,-165382
2024-12-01,7,COGS,Cloud & Hosting,Spain,Software,-77133,-81419,-76675
2024-12-01,8,COGS,Support Delivery,Spain,Software,-55076,-61064,-61455
2024-12-01,9,Operating Expenses,Sales,Spain,Software,-107967,-122128,-117912
2024-12-01,10,Operating Expenses,Marketing,Spain,Software,-95075,-101773,-100369
2024-12-01,11,Operating Expenses,Research & Development,Spain,Software,-141847,-149267,-150609
2024-12-01,12,Operating Expenses,General & Administrative,Spain,Software,-77861,-88203,-87184
2024-12-01,13,Operating Expenses,IT & Systems,Spain,Software,-44648,-47494,-47356
2024-12-01,14,Operating Expenses,Facilities & Rent,Spain,Software,-36940,-40709,-39561
2024-12-01,15,Operating Expenses,Depreciation & Amort.,Spain,Software,-34320,-37317,-37181
2024-12-01,16,Other,Interest Income,Spain,Software,7263,8142,8300
2024-12-01,17,Other,Interest Expense,Spain,Software,-17320,-18998,-18973
2024-12-01,18,Other,FX Gain/(Loss),Spain,Software,9029,10177,10027
2024-12-01,19,Other,Other Income/(Expense),Spain,Software,-12139,-13570,-13373
2024-12-01,20,Other,Income Tax,Spain,Software,-54910,-61064,-61924
2024-12-01,1,Revenue,Product Revenue,Spain,Services,334811,360120,366580
2024-12-01,2,Revenue,Subscription Revenue,Spain,Services,248174,270090,264839
2024-12-01,3,Revenue,Service Revenue,Spain,Services,139862,157553,154364
2024-12-01,4,Revenue,Support & Maintenance,Spain,Services,72389,81027,81587
2024-12-01,5,COGS,Direct Materials,Spain,Services,-98103,-105844,-106127
2024-12-01,6,COGS,Direct Labor,Spain,Services,-89609,-97702,-99160
2024-12-01,7,COGS,Cloud & Hosting,Spain,Services,-43903,-48851,-47299
2024-12-01,8,COGS,Support Delivery,Spain,Services,-33837,-36638,-36450
2024-12-01,9,Operating Expenses,Sales,Spain,Services,-67438,-73277,-70885
2024-12-01,10,Operating Expenses,Marketing,Spain,Services,-57324,-61064,-60068
2024-12-01,11,Operating Expenses,Research & Development,Spain,Services,-78820,-89560,-84464
2024-12-01,12,Operating Expenses,General & Administrative,Spain,Services,-47892,-52922,-52831
2024-12-01,13,Operating Expenses,IT & Systems,Spain,Services,-26030,-28496,-27796
2024-12-01,14,Operating Expenses,Facilities & Rent,Spain,Services,-22661,-24426,-23751
2024-12-01,15,Operating Expenses,Depreciation & Amort.,Spain,Services,-20773,-22390,-22631
2024-12-01,16,Other,Interest Income,Spain,Services,4416,4885,4956
2024-12-01,17,Other,Interest Expense,Spain,Services,-10627,-11399,-10947
2024-12-01,18,Other,FX Gain/(Loss),Spain,Services,-5448,-6106,-5873
2024-12-01,19,Other,Other Income/(Expense),Spain,Services,7271,8142,7974
2024-12-01,20,Other,Income Tax,Spain,Services,-32447,-36638,-35719
2024-12-01,1,Revenue,Product Revenue,Spain,Hardware,426311,480161,485856
2024-12-01,2,Revenue,Subscription Revenue,Spain,Hardware,318269,360120,339902
2024-12-01,3,Revenue,Service Revenue,Spain,Hardware,186332,210070,198969
2024-12-01,4,Revenue,Support & Maintenance,Spain,Hardware,96100,108036,109895
2024-12-01,5,COGS,Direct Materials,Spain,Hardware,-133230,-141125,-139477
2024-12-01,6,COGS,Direct Labor,Spain,Hardware,-117095,-130270,-127721
2024-12-01,7,COGS,Cloud & Hosting,Spain,Hardware,-59430,-65135,-62745
2024-12-01,8,COGS,Support Delivery,Spain,Hardware,-46017,-48851,-47906
2024-12-01,9,Operating Expenses,Sales,Spain,Hardware,-87307,-97702,-94612
2024-12-01,10,Operating Expenses,Marketing,Spain,Hardware,-76595,-81419,-79794
2024-12-01,11,Operating Expenses,Research & Development,Spain,Hardware,-107911,-119414,-117356
2024-12-01,12,Operating Expenses,General & Administrative,Spain,Hardware,-64688,-70563,-70744
2024-12-01,13,Operating Expenses,IT & Systems,Spain,Hardware,-35587,-37995,-35902
2024-12-01,14,Operating Expenses,Facilities & Rent,Spain,Hardware,-28634,-32567,-31376
2024-12-01,15,Operating Expenses,Depreciation & Amort.,Spain,Hardware,-27635,-29853,-29887
2024-12-01,16,Other,Interest Income,Spain,Hardware,5901,6513,6144
2024-12-01,17,Other,Interest Expense,Spain,Hardware,-14026,-15198,-14924
2024-12-01,18,Other,FX Gain/(Loss),Spain,Hardware,-7378,-8142,-8165
2024-12-01,19,Other,Other Income/(Expense),Spain,Hardware,-9626,-10856,-10309
2024-12-01,20,Other,Income Tax,Spain,Hardware,-46318,-48851,-47230
2024-12-01,1,Revenue,Product Revenue,Italy,Software,663508,700234,659829
2024-12-01,2,Revenue,Subscription Revenue,Italy,Software,480785,525176,533975
2024-12-01,3,Revenue,Service Revenue,Italy,Software,285739,306352,308406
2024-12-01,4,Revenue,Support & Maintenance,Italy,Software,146569,157553,152216
2024-12-01,5,COGS,Direct Materials,Italy,Software,-185494,-205808,-197378
2024-12-01,6,COGS,Direct Labor,Italy,Software,-179886,-189977,-184854
2024-12-01,7,COGS,Cloud & Hosting,Italy,Software,-83682,-94988,-95827
2024-12-01,8,COGS,Support Delivery,Italy,Software,-62916,-71241,-69254
2024-12-01,9,Operating Expenses,Sales,Italy,Software,-127912,-142482,-141065
2024-12-01,10,Operating Expenses,Marketing,Italy,Software,-110920,-118735,-116703
2024-12-01,11,Operating Expenses,Research & Development,Italy,Software,-164967,-174145,-168489
2024-12-01,12,Operating Expenses,General & Administrative,Italy,Software,-92119,-102904,-104268
2024-12-01,13,Operating Expenses,IT & Systems,Italy,Software,-50954,-55410,-54958
2024-12-01,14,Operating Expenses,Facilities & Rent,Italy,Software,-44464,-47494,-45687
2024-12-01,15,Operating Expenses,Depreciation & Amort.,Italy,Software,-39422,-43536,-42795
2024-12-01,16,Other,Interest Income,Italy,Software,8666,9499,9362
2024-12-01,17,Other,Interest Expense,Italy,Software,-20645,-22164,-21760
2024-12-01,18,Other,FX Gain/(Loss),Italy,Software,10760,11874,11228
2024-12-01,19,Other,Other Income/(Expense),Italy,Software,14063,15831,15975
2024-12-01,20,Other,Income Tax,Italy,Software,-67208,-71241,-72229
2024-12-01,1,Revenue,Product Revenue,Italy,Services,379976,420140,399286
2024-12-01,2,Revenue,Subscription Revenue,Italy,Services,279931,315105,300490
2024-12-01,3,Revenue,Service Revenue,Italy,Services,168662,183811,178342
2024-12-01,4,Revenue,Support & Maintenance,Italy,Services,84983,94532,96341
2024-12-01,5,COGS,Direct Materials,Italy,Services,-113085,-123485,-125411
2024-12-01,6,COGS,Direct Labor,Italy,Services,-102831,-113986,-114486
2024-12-01,7,COGS,Cloud & Hosting,Italy,Services,-52888,-56993,-54075
2024-12-01,8,COGS,Support Delivery,Italy,Services,-39667,-42745,-40449
2024-12-01,9,Operating Expenses,Sales,Italy,Services,-78671,-85489,-83072
2024-12-01,10,Operating Expenses,Marketing,Italy,Services,-65143,-71241,-67847
2024-12-01,11,Operating Expenses,Research & Development,Italy,Services,-94617,-104487,-101729
2024-12-01,12,Operating Expenses,General & Administrative,Italy,Services,-57104,-61742,-60629
2024-12-01,13,Operating Expenses,IT & Systems,Italy,Services,-29522,-33246,-31698
2024-12-01,14,Operating Expenses,Facilities & Rent,Italy,Services,-25210,-28496,-28840
2024-12-01,15,Operating Expenses,Depreciation & Amort.,Italy,Services,-23680,-26122,-25125
2024-12-01,16,Other,Interest Income,Italy,Services,5108,5699,5757
2024-12-01,17,Other,Interest Expense,Italy,Services,-12539,-13298,-12655
2024-12-01,18,Other,FX Gain/(Loss),Italy,Services,6649,7124,6865
2024-12-01,19,Other,Other Income/(Expense),Italy,Services,8351,9499,9533
2024-12-01,20,Other,Income Tax,Italy,Services,-39839,-42745,-42545
2024-12-01,1,Revenue,Product Revenue,Italy,Hardware,525066,560187,535641
2024-12-01,2,Revenue,Subscription Revenue,Italy,Hardware,381178,420140,409060
2024-12-01,3,Revenue,Service Revenue,Italy,Hardware,228684,245082,245619
2024-12-01,4,Revenue,Support & Maintenance,Italy,Hardware,112457,126042,118903
2024-12-01,5,COGS,Direct Materials,Italy,Hardware,-152230,-164646,-159541
2024-12-01,6,COGS,Direct Labor,Italy,Hardware,-143966,-151981,-152066
2024-12-01,7,COGS,Cloud & Hosting,Italy,Hardware,-67356,-75991,-76411
2024-12-01,8,COGS,Support Delivery,Italy,Hardware,-50336,-56993,-53858
2024-12-01,9,Operating Expenses,Sales,Italy,Hardware,-101046,-113986,-112483
2024-12-01,10,Operating Expenses,Marketing,Italy,Hardware,-90165,-94988,-91797
2024-12-01,11,Operating Expenses,Research & Development,Italy,Hardware,-126919,-139316,-132408
2024-12-01,12,Operating Expenses,General & Administrative,Italy,Hardware,-76466,-82323,-81114
2024-12-01,13,Operating Expenses,IT & Systems,Italy,Hardware,-40660,-44328,-43393
2024-12-01,14,Operating Expenses,Facilities & Rent,Italy,Hardware,-34612,-37995,-36345
2024-12-01,15,Operating Expenses,Depreciation & Amort.,Italy,Hardware,-30758,-34829,-34158
2024-12-01,16,Other,Interest Income,Italy,Hardware,6906,7599,7492
2024-12-01,17,Other,Interest Expense,Italy,Hardware,-16344,-17731,-17465
2024-12-01,18,Other,FX Gain/(Loss),Italy,Hardware,-8430,-9499,-9204
2024-12-01,19,Other,Other Income/(Expense),Italy,Hardware,11766,12665,12036
2024-12-01,20,Other,Income Tax,Italy,Hardware,-52934,-56993,-55381
2024-12-01,1,Revenue,Product Revenue,United States,Software,1459258,1600535,1590254
2024-12-01,2,Revenue,Subscription Revenue,United States,Software,1086217,1200401,1190307
2024-12-01,3,Revenue,Service Revenue,United States,Software,619936,700234,686252
2024-12-01,4,Revenue,Support & Maintenance,United States,Software,328210,360120,343716
2024-12-01,5,COGS,Direct Materials,United States,Software,-430154,-470418,-473014
2024-12-01,6,COGS,Direct Labor,United States,Software,-403215,-434232,-425013
2024-12-01,7,COGS,Cloud & Hosting,United States,Software,-196560,-217116,-210170
2024-12-01,8,COGS,Support Delivery,United States,Software,-151037,-162837,-161182
2024-12-01,9,Operating Expenses,Sales,United States,Software,-300727,-325674,-307685
2024-12-01,10,Operating Expenses,Marketing,United States,Software,-255947,-271395,-274360
2024-12-01,11,Operating Expenses,Research & Development,United States,Software,-367944,-398046,-402917
2024-12-01,12,Operating Expenses,General & Administrative,United States,Software,-216545,-235209,-236929
2024-12-01,13,Operating Expenses,IT & Systems,United States,Software,-116290,-126651,-128432
2024-12-01,14,Operating Expenses,Facilities & Rent,United States,Software,-95767,-108558,-108482
2024-12-01,15,Operating Expenses,Depreciation & Amort.,United States,Software,-93918,-99512,-101298
2024-12-01,16,Other,Interest Income,United States,Software,19648,21712,20562
2024-12-01,17,Other,Interest Expense,United States,Software,-45391,-50660,-50754
2024-12-01,18,Other,FX Gain/(Loss),United States,Software,24299,27140,27589
2024-12-01,19,Other,Other Income/(Expense),United States,Software,-33150,-36186,-35612
2024-12-01,20,Other,Income Tax,United States,Software,-144844,-162837,-153563
2024-12-01,1,Revenue,Product Revenue,United States,Services,851454,960321,906166
2024-12-01,2,Revenue,Subscription Revenue,United States,Services,648581,720241,708889
2024-12-01,3,Revenue,Service Revenue,United States,Services,396624,420140,419857
2024-12-01,4,Revenue,Support & Maintenance,United States,Services,205118,216072,214025
2024-12-01,5,COGS,Direct Materials,United States,Services,-260844,-282251,-267222
2024-12-01,6,COGS,Direct Labor,United States,Services,-242844,-260539,-247896
2024-12-01,7,COGS,Cloud & Hosting,United States,Services,-122430,-130270,-130271
2024-12-01,8,COGS,Support Delivery,United States,Services,-90326,-97702,-94602
2024-12-01,9,Operating Expenses,Sales,United States,Services,-182274,-195404,-188722
2024-12-01,10,Operating Expenses,Marketing,United States,Services,-153307,-162837,-164872
2024-12-01,11,Operating Expenses,Research & Development,United States,Services,-219048,-238828,-233953
2024-12-01,12,Operating Expenses,General & Administrative,United States,Services,-128020,-141125,-136301
2024-12-01,13,Operating Expenses,IT & Systems,United States,Services,-67543,-75991,-75107
2024-12-01,14,Operating Expenses,Facilities & Rent,United States,Services,-59625,-65135,-63909
2024-12-01,15,Operating Expenses,Depreciation & Amort.,United States,Services,-53388,-59707,-59036
2024-12-01,16,Other,Interest Income,United States,Services,11499,13027,13229
2024-12-01,17,Other,Interest Expense,United States,Services,-27078,-30396,-30888
2024-12-01,18,Other,FX Gain/(Loss),United States,Services,-15386,-16284,-15875
2024-12-01,19,Other,Other Income/(Expense),United States,Services,-19292,-21712,-20969
2024-12-01,20,Other,Income Tax,United States,Services,-85898,-97702,-97195
2024-12-01,1,Revenue,Product Revenue,United States,Hardware,1197466,1280428,1221990
2024-12-01,2,Revenue,Subscription Revenue,United States,Hardware,851503,960321,943925
2024-12-01,3,Revenue,Service Revenue,United States,Hardware,519261,560187,528774
2024-12-01,4,Revenue,Support & Maintenance,United States,Hardware,263635,288096,289696
2024-12-01,5,COGS,Direct Materials,United States,Hardware,-332853,-376334,-355642
2024-12-01,6,COGS,Direct Labor,United States,Hardware,-306144,-347386,-351395
2024-12-01,7,COGS,Cloud & Hosting,United States,Hardware,-154209,-173693,-167258
2024-12-01,8,COGS,Support Delivery,United States,Hardware,-118408,-130270,-122747
2024-12-01,9,Operating Expenses,Sales,United States,Hardware,-233154,-260539,-259027
2024-12-01,10,Operating Expenses,Marketing,United States,Hardware,-194564,-217116,-205562
2024-12-01,11,Operating Expenses,Research & Development,United States,Hardware,-288134,-318437,-323731
2024-12-01,12,Operating Expenses,General & Administrative,United States,Hardware,-176716,-188167,-183419
2024-12-01,13,Operating Expenses,IT & Systems,United States,Hardware,-93148,-101321,-98282
2024-12-01,14,Operating Expenses,Facilities & Rent,United States,Hardware,-82310,-86846,-84020
2024-12-01,15,Operating Expenses,Depreciation & Amort.,United States,Hardware,-72838,-79609,-77064
2024-12-01,16,Other,Interest Income,United States,Hardware,16037,17369,17093
2024-12-01,17,Other,Interest Expense,United States,Hardware,-36775,-40528,-40389
2024-12-01,18,Other,FX Gain/(Loss),United States,Hardware,20415,21712,22003
2024-12-01,19,Other,Other Income/(Expense),United States,Hardware,25604,28949,28800
2024-12-01,20,Other,Income Tax,United States,Hardware,-118527,-130270,-132126
2024-12-01,1,Revenue,Product Revenue,Nordics,Software,453248,500167,501585
2024-12-01,2,Revenue,Subscription Revenue,Nordics,Software,351310,375125,371939
2024-12-01,3,Revenue,Service Revenue,Nordics,Software,194655,218823,207826
2024-12-01,4,Revenue,Support & Maintenance,Nordics,Software,100743,112538,109764
2024-12-01,5,COGS,Direct Materials,Nordics,Software,-129185,-147006,-139402
2024-12-01,6,COGS,Direct Labor,Nordics,Software,-121646,-135698,-129861
2024-12-01,7,COGS,Cloud & Hosting,Nordics,Software,-62988,-67849,-65328
2024-12-01,8,COGS,Support Delivery,Nordics,Software,-46365,-50887,-50190
2024-12-01,9,Operating Expenses,Sales,Nordics,Software,-95326,-101773,-97199
2024-12-01,10,Operating Expenses,Marketing,Nordics,Software,-76219,-84811,-81532
2024-12-01,11,Operating Expenses,Research & Development,Nordics,Software,-116121,-124389,-119934
2024-12-01,12,Operating Expenses,General & Administrative,Nordics,Software,-67840,-73503,-74074
2024-12-01,13,Operating Expenses,IT & Systems,Nordics,Software,-36814,-39578,-39326
2024-12-01,14,Operating Expenses,Facilities & Rent,Nordics,Software,-31865,-33924,-32450
2024-12-01,15,Operating Expenses,Depreciation & Amort.,Nordics,Software,-28733,-31097,-31081
2024-12-01,16,Other,Interest Income,Nordics,Software,6319,6785,6915
2024-12-01,17,Other,Interest Expense,Nordics,Software,-13951,-15831,-15782
2024-12-01,18,Other,FX Gain/(Loss),Nordics,Software,7605,8481,7990
2024-12-01,19,Other,Other Income/(Expense),Nordics,Software,10009,11308,10649
2024-12-01,20,Other,Income Tax,Nordics,Software,-45930,-50887,-49809
2024-12-01,1,Revenue,Product Revenue,Nordics,Services,270540,300100,297188
2024-12-01,2,Revenue,Subscription Revenue,Nordics,Services,211699,225075,224046
2024-12-01,3,Revenue,Service Revenue,Nordics,Services,122624,131294,127959
2024-12-01,4,Revenue,Support & Maintenance,Nordics,Services,59385,67523,67772
2024-12-01,5,COGS,Direct Materials,Nordics,Services,-81385,-88203,-85763
2024-12-01,6,COGS,Direct Labor,Nordics,Services,-71947,-81419,-81720
2024-12-01,7,COGS,Cloud & Hosting,Nordics,Services,-37786,-40709,-41259
2024-12-01,8,COGS,Support Delivery,Nordics,Services,-28798,-30532,-30470
2024-12-01,9,Operating Expenses,Sales,Nordics,Services,-56208,-61064,-58506
2024-12-01,10,Operating Expenses,Marketing,Nordics,Services,-46785,-50887,-48972
2024-12-01,11,Operating Expenses,Research & Development,Nordics,Services,-65732,-74634,-70318
2024-12-01,12,Operating Expenses,General & Administrative,Nordics,Services,-39825,-44102,-42566
2024-12-01,13,Operating Expenses,IT & Systems,Nordics,Services,-21810,-23747,-24160
2024-12-01,14,Operating Expenses,Facilities & Rent,Nordics,Services,-18703,-20355,-20697
2024-12-01,15,Operating Expenses,Depreciation & Amort.,Nordics,Services,-16848,-18658,-17998
2024-12-01,16,Other,Interest Income,Nordics,Services,3705,4071,4016
2024-12-01,17,Other,Interest Expense,Nordics,Services,-8513,-9499,-9491
2024-12-01,18,Other,FX Gain/(Loss),Nordics,Services,4664,5089,5023
2024-12-01,19,Other,Other Income/(Expense),Nordics,Services,-6195,-6785,-6480
2024-12-01,20,Other,Income Tax,Nordics,Services,-27594,-30532,-29960
2024-12-01,1,Revenue,Product Revenue,Nordics,Hardware,370785,400134,377132
2024-12-01,2,Revenue,Subscription Revenue,Nordics,Hardware,273393,300100,301503
2024-12-01,3,Revenue,Service Revenue,Nordics,Hardware,163107,175059,168219
2024-12-01,4,Revenue,Support & Maintenance,Nordics,Hardware,82577,90030,86344
2024-12-01,5,COGS,Direct Materials,Nordics,Hardware,-111201,-117605,-118148
2024-12-01,6,COGS,Direct Labor,Nordics,Hardware,-95562,-108558,-102917
2024-12-01,7,COGS,Cloud & Hosting,Nordics,Hardware,-51419,-54279,-53167
2024-12-01,8,COGS,Support Delivery,Nordics,Hardware,-36250,-40709,-38472
2024-12-01,9,Operating Expenses,Sales,Nordics,Hardware,-76738,-81419,-79671
2024-12-01,10,Operating Expenses,Marketing,Nordics,Hardware,-61741,-67849,-64322
2024-12-01,11,Operating Expenses,Research & Development,Nordics,Hardware,-92447,-99512,-100817
2024-12-01,12,Operating Expenses,General & Administrative,Nordics,Hardware,-55136,-58802,-59885
2024-12-01,13,Operating Expenses,IT & Systems,Nordics,Hardware,-29211,-31663,-31886
2024-12-01,14,Operating Expenses,Facilities & Rent,Nordics,Hardware,-24356,-27140,-26584
2024-12-01,15,Operating Expenses,Depreciation & Amort.,Nordics,Hardware,-22378,-24878,-25321
2024-12-01,16,Other,Interest Income,Nordics,Hardware,5076,5428,5168
2024-12-01,17,Other,Interest Expense,Nordics,Hardware,-11680,-12665,-12447
2024-12-01,18,Other,FX Gain/(Loss),Nordics,Hardware,-6139,-6785,-6581
2024-12-01,19,Other,Other Income/(Expense),Nordics,Hardware,7970,9047,9172
2024-12-01,20,Other,Income Tax,Nordics,Hardware,-37160,-40709,-39185
2025-01-01,1,Revenue,Product Revenue,France,Software,885589,988386,987754
2025-01-01,2,Revenue,Subscription Revenue,France,Software,685878,741289,726539
2025-01-01,3,Revenue,Service Revenue,France,Software,392550,432419,418912
2025-01-01,4,Revenue,Support & Maintenance,France,Software,202284,222387,220093
2025-01-01,5,COGS,Direct Materials,France,Software,-269775,-294143,-295818
2025-01-01,6,COGS,Direct Labor,France,Software,-240142,-271516,-255714
2025-01-01,7,COGS,Cloud & Hosting,France,Software,-119427,-135758,-135021
2025-01-01,8,COGS,Support Delivery,France,Software,-89747,-101819,-102136
2025-01-01,9,Operating Expenses,Sales,France,Software,-179304,-203637,-196319
2025-01-01,10,Operating Expenses,Marketing,France,Software,-151692,-169698,-166460
2025-01-01,11,Operating Expenses,Research & Development,France,Software,-223477,-248890,-244598
2025-01-01,12,Operating Expenses,General & Administrative,France,Software,-138845,-147071,-144520
2025-01-01,13,Operating Expenses,IT & Systems,France,Software,-69625,-79192,-79152
2025-01-01,14,Operating Expenses,Facilities & Rent,France,Software,-62028,-67879,-66383
2025-01-01,15,Operating Expenses,Depreciation & Amort.,France,Software,-54705,-62222,-62152
2025-01-01,16,Other,Interest Income,France,Software,12250,13576,12800
2025-01-01,17,Other,Interest Expense,France,Software,-29600,-31677,-30312
2025-01-01,18,Other,FX Gain/(Loss),France,Software,-15689,-16970,-16937
2025-01-01,19,Other,Other Income/(Expense),France,Software,-20521,-22626,-22849
2025-01-01,20,Other,Income Tax,France,Software,-89710,-101819,-98410
2025-01-01,1,Revenue,Product Revenue,France,Services,556034,593031,572965
2025-01-01,2,Revenue,Subscription Revenue,France,Services,410489,444774,433436
2025-01-01,3,Revenue,Service Revenue,France,Services,236148,259451,263648
2025-01-01,4,Revenue,Support & Maintenance,France,Services,124455,133432,135145
2025-01-01,5,COGS,Direct Materials,France,Services,-167536,-176486,-179400
2025-01-01,6,COGS,Direct Labor,France,Services,-144177,-162910,-158491
2025-01-01,7,COGS,Cloud & Hosting,France,Services,-75372,-81455,-78665
2025-01-01,8,COGS,Support Delivery,France,Services,-53824,-61091,-58229
2025-01-01,9,Operating Expenses,Sales,France,Services,-113352,-122182,-119912
2025-01-01,10,Operating Expenses,Marketing,France,Services,-90989,-101819,-102293
2025-01-01,11,Operating Expenses,Research & Development,France,Services,-138824,-149334,-141361
2025-01-01,12,Operating Expenses,General & Administrative,France,Services,-78514,-88243,-89626
2025-01-01,13,Operating Expenses,IT & Systems,France,Services,-43217,-47515,-44947
2025-01-01,14,Operating Expenses,Facilities & Rent,France,Services,-35802,-40727,-38529
2025-01-01,15,Operating Expenses,Depreciation & Amort.,France,Services,-34984,-37333,-35897
2025-01-01,16,Other,Interest Income,France,Services,7196,8145,7689
2025-01-01,17,Other,Interest Expense,France,Services,-17314,-19006,-19160
2025-01-01,18,Other,FX Gain/(Loss),France,Services,9055,10182,9817
2025-01-01,19,Other,Other Income/(Expense),France,Services,12894,13576,13473
2025-01-01,20,Other,Income Tax,France,Services,-54830,-61091,-60868
2025-01-01,1,Revenue,Product Revenue,France,Hardware,741869,790708,750393
2025-01-01,2,Revenue,Subscription Revenue,France,Hardware,529759,593031,572965
2025-01-01,3,Revenue,Service Revenue,France,Hardware,307752,345935,341852
2025-01-01,4,Revenue,Support & Maintenance,France,Hardware,159880,177909,180682
2025-01-01,5,COGS,Direct Materials,France,Hardware,-213781,-235314,-226849
2025-01-01,6,COGS,Direct Labor,France,Hardware,-197130,-217213,-215983
2025-01-01,7,COGS,Cloud & Hosting,France,Hardware,-100417,-108607,-103925
2025-01-01,8,COGS,Support Delivery,France,Hardware,-73455,-81455,-79580
2025-01-01,9,Operating Expenses,Sales,France,Hardware,-146931,-162910,-164861
2025-01-01,10,Operating Expenses,Marketing,France,Hardware,-120644,-135758,-128668
2025-01-01,11,Operating Expenses,Research & Development,France,Hardware,-184070,-199112,-193932
2025-01-01,12,Operating Expenses,General & Administrative,France,Hardware,-106228,-117657,-111192
2025-01-01,13,Operating Expenses,IT & Systems,France,Hardware,-60217,-63354,-62478
2025-01-01,14,Operating Expenses,Facilities & Rent,France,Hardware,-51345,-54303,-52516
2025-01-01,15,Operating Expenses,Depreciation & Amort.,France,Hardware,-43960,-49778,-48672
2025-01-01,16,Other,Interest Income,France,Hardware,9809,10861,10958
2025-01-01,17,Other,Interest Expense,France,Hardware,-22696,-25342,-24079
2025-01-01,18,Other,FX Gain/(Loss),France,Hardware,12123,13576,13542
2025-01-01,19,Other,Other Income/(Expense),France,Hardware,-17048,-18101,-17081
2025-01-01,20,Other,Income Tax,France,Hardware,-77151,-81455,-81211
2025-01-01,1,Revenue,Product Revenue,Germany,Software,1093322,1186063,1171753
2025-01-01,2,Revenue,Subscription Revenue,Germany,Software,831150,889547,856824
2025-01-01,3,Revenue,Service Revenue,Germany,Software,478740,518902,518811
2025-01-01,4,Revenue,Support & Maintenance,Germany,Software,242947,266864,253250
2025-01-01,5,COGS,Direct Materials,Germany,Software,-330847,-352971,-342812
2025-01-01,6,COGS,Direct Labor,Germany,Software,-290704,-325820,-310868
2025-01-01,7,COGS,Cloud & Hosting,Germany,Software,-143823,-162910,-161055
2025-01-01,8,COGS,Support Delivery,Germany,Software,-115803,-122182,-118279
2025-01-01,9,Operating Expenses,Sales,Germany,Software,-231957,-244365,-236427
2025-01-01,10,Operating Expenses,Marketing,Germany,Software,-186136,-203637,-197221
2025-01-01,11,Operating Expenses,Research & Development,Germany,Software,-277848,-298668,-283311
2025-01-01,12,Operating Expenses,General & Administrative,Germany,Software,-164286,-176486,-179054
2025-01-01,13,Operating Expenses,IT & Systems,Germany,Software,-89393,-95031,-91540
2025-01-01,14,Operating Expenses,Facilities & Rent,Germany,Software,-73768,-81455,-81624
2025-01-01,15,Operating Expenses,Depreciation & Amort.,Germany,Software,-69975,-74667,-75272
2025-01-01,16,Other,Interest Income,Germany,Software,15068,16291,15507
2025-01-01,17,Other,Interest Expense,Germany,Software,-34620,-38012,-36676
2025-01-01,18,Other,FX Gain/(Loss),Germany,Software,18112,20364,19882
2025-01-01,19,Other,Other Income/(Expense),Germany,Software,25241,27152,27215
2025-01-01,20,Other,Income Tax,Germany,Software,-114608,-122182,-118374
2025-01-01,1,Revenue,Product Revenue,Germany,Services,647299,711638,676822
2025-01-01,2,Revenue,Subscription Revenue,Germany,Services,493247,533728,505080
2025-01-01,3,Revenue,Service Revenue,Germany,Services,278108,311341,310140
2025-01-01,4,Revenue,Support & Maintenance,Germany,Services,151420,160118,156131
2025-01-01,5,COGS,Direct Materials,Germany,Services,-187532,-211783,-199523
2025-01-01,6,COGS,Direct Labor,Germany,Services,-184265,-195492,-191233
2025-01-01,7,COGS,Cloud & Hosting,Germany,Services,-92341,-97746,-92605
2025-01-01,8,COGS,Support Delivery,Germany,Services,-67699,-73309,-74327
2025-01-01,9,Operating Expenses,Sales,Germany,Services,-136142,-146619,-142638
2025-01-01,10,Operating Expenses,Marketing,Germany,Services,-113125,-122182,-117416
2025-01-01,11,Operating Expenses,Research & Development,Germany,Services,-168694,-179201,-179353
2025-01-01,12,Operating Expenses,General & Administrative,Germany,Services,-100555,-105891,-104438
2025-01-01,13,Operating Expenses,IT & Systems,Germany,Services,-53904,-57018,-55914
2025-01-01,14,Operating Expenses,Facilities & Rent,Germany,Services,-43102,-48873,-47808
2025-01-01,15,Operating Expenses,Depreciation & Amort.,Germany,Services,-41806,-44800,-44177
2025-01-01,16,Other,Interest Income,Germany,Services,9166,9775,9327
2025-01-01,17,Other,Interest Expense,Germany,Services,-20631,-22807,-22053
2025-01-01,18,Other,FX Gain/(Loss),Germany,Services,-11186,-12218,-11905
2025-01-01,19,Other,Other Income/(Expense),Germany,Services,-14973,-16291,-16215
2025-01-01,20,Other,Income Tax,Germany,Services,-66086,-73309,-71486
2025-01-01,1,Revenue,Product Revenue,Germany,Hardware,869532,948850,966205
2025-01-01,2,Revenue,Subscription Revenue,Germany,Hardware,642361,711638,690550
2025-01-01,3,Revenue,Service Revenue,Germany,Hardware,367187,415122,398363
2025-01-01,4,Revenue,Support & Maintenance,Germany,Hardware,197575,213491,217375
2025-01-01,5,COGS,Direct Materials,Germany,Hardware,-261643,-282377,-283131
2025-01-01,6,COGS,Direct Labor,Germany,Hardware,-240290,-260656,-249510
2025-01-01,7,COGS,Cloud & Hosting,Germany,Hardware,-118757,-130328,-128580
2025-01-01,8,COGS,Support Delivery,Germany,Hardware,-87556,-97746,-95694
2025-01-01,9,Operating Expenses,Sales,Germany,Hardware,-171666,-195492,-197267
2025-01-01,10,Operating Expenses,Marketing,Germany,Hardware,-144734,-162910,-160559
2025-01-01,11,Operating Expenses,Research & Development,Germany,Hardware,-224516,-238934,-227111
2025-01-01,12,Operating Expenses,General & Administrative,Germany,Hardware,-133048,-141188,-136616
2025-01-01,13,Operating Expenses,IT & Systems,Germany,Hardware,-70205,-76025,-72683
2025-01-01,14,Operating Expenses,Facilities & Rent,Germany,Hardware,-57350,-65164,-62142
2025-01-01,15,Operating Expenses,Depreciation & Amort.,Germany,Hardware,-55743,-59734,-58103
2025-01-01,16,Other,Interest Income,Germany,Hardware,12249,13033,12273
2025-01-01,17,Other,Interest Expense,Germany,Hardware,-28922,-30410,-30077
2025-01-01,18,Other,FX Gain/(Loss),Germany,Hardware,-14636,-16291,-15401
2025-01-01,19,Other,Other Income/(Expense),Germany,Hardware,20657,21721,21716
2025-01-01,20,Other,Income Tax,Germany,Hardware,-90861,-97746,-96993
2025-01-01,1,Revenue,Product Revenue,United Kingdom,Software,817545,889547,906727
2025-01-01,2,Revenue,Subscription Revenue,United Kingdom,Software,590942,667160,648747
2025-01-01,3,Revenue,Service Revenue,United Kingdom,Software,368613,389177,386403
2025-01-01,4,Revenue,Support & Maintenance,United Kingdom,Software,182367,200148,193493
2025-01-01,5,COGS,Direct Materials,United Kingdom,Software,-245160,-264728,-254921
2025-01-01,6,COGS,Direct Labor,United Kingdom,Software,-226707,-244365,-232667
2025-01-01,7,COGS,Cloud & Hosting,United Kingdom,Software,-108907,-122182,-120337
2025-01-01,8,COGS,Support Delivery,United Kingdom,Software,-85542,-91637,-88095
2025-01-01,9,Operating Expenses,Sales,United Kingdom,Software,-165869,-183273,-174894
2025-01-01,10,Operating Expenses,Marketing,United Kingdom,Software,-136441,-152728,-149797
2025-01-01,11,Operating Expenses,Research & Development,United Kingdom,Software,-208545,-224001,-226335
2025-01-01,12,Operating Expenses,General & Administrative,United Kingdom,Software,-117216,-132364,-130605
2025-01-01,13,Operating Expenses,IT & Systems,United Kingdom,Software,-64213,-71273,-68313
2025-01-01,14,Operating Expenses,Facilities & Rent,United Kingdom,Software,-57793,-61091,-59008
2025-01-01,15,Operating Expenses,Depreciation & Amort.,United Kingdom,Software,-51503,-56000,-53377
2025-01-01,16,Other,Interest Income,United Kingdom,Software,10824,12218,11977
2025-01-01,17,Other,Interest Expense,United Kingdom,Software,-26714,-28509,-28276
2025-01-01,18,Other,FX Gain/(Loss),United Kingdom,Software,14465,15273,14490
2025-01-01,19,Other,Other Income/(Expense),United Kingdom,Software,18335,20364,20696
2025-01-01,20,Other,Income Tax,United Kingdom,Software,-85446,-91637,-89680
2025-01-01,1,Revenue,Product Revenue,United Kingdom,Services,482982,533728,502390
2025-01-01,2,Revenue,Subscription Revenue,United Kingdom,Services,358572,400296,407035
2025-01-01,3,Revenue,Service Revenue,United Kingdom,Services,209204,233506,224563
2025-01-01,4,Revenue,Support & Maintenance,United Kingdom,Services,106818,120089,117164
2025-01-01,5,COGS,Direct Materials,United Kingdom,Services,-140607,-158837,-159831
2025-01-01,6,COGS,Direct Labor,United Kingdom,Services,-133731,-146619,-144904
2025-01-01,7,COGS,Cloud & Hosting,United Kingdom,Services,-68046,-73309,-69309
2025-01-01,8,COGS,Support Delivery,United Kingdom,Services,-48987,-54982,-54946
2025-01-01,9,Operating Expenses,Sales,United Kingdom,Services,-97243,-109964,-106882
2025-01-01,10,Operating Expenses,Marketing,United Kingdom,Services,-86961,-91637,-92900
2025-01-01,11,Operating Expenses,Research & Development,United Kingdom,Services,-123436,-134401,-134611
2025-01-01,12,Operating Expenses,General & Administrative,United Kingdom,Services,-71691,-79419,-79389
2025-01-01,13,Operating Expenses,IT & Systems,United Kingdom,Services,-37759,-42764,-43549
2025-01-01,14,Operating Expenses,Facilities & Rent,United Kingdom,Services,-33946,-36655,-35088
2025-01-01,15,Operating Expenses,Depreciation & Amort.,United Kingdom,Services,-30606,-33600,-34101
2025-01-01,16,Other,Interest Income,United Kingdom,Services,6685,7331,7449
2025-01-01,17,Other,Interest Expense,United Kingdom,Services,-15322,-17106,-16828
2025-01-01,18,Other,FX Gain/(Loss),United Kingdom,Services,-8526,-9164,-8785
2025-01-01,19,Other,Other Income/(Expense),United Kingdom,Services,11302,12218,11557
2025-01-01,20,Other,Income Tax,United Kingdom,Services,-51135,-54982,-53322
2025-01-01,1,Revenue,Product Revenue,United Kingdom,Hardware,664399,711638,711269
2025-01-01,2,Revenue,Subscription Revenue,United Kingdom,Hardware,492760,533728,534032
2025-01-01,3,Revenue,Service Revenue,United Kingdom,Hardware,278212,311341,298162
2025-01-01,4,Revenue,Support & Maintenance,United Kingdom,Hardware,147090,160118,159887
2025-01-01,5,COGS,Direct Materials,United Kingdom,Hardware,-191813,-211783,-202385
2025-01-01,6,COGS,Direct Labor,United Kingdom,Hardware,-173524,-195492,-199031
2025-01-01,7,COGS,Cloud & Hosting,United Kingdom,Hardware,-86778,-97746,-97225
2025-01-01,8,COGS,Support Delivery,United Kingdom,Hardware,-66565,-73309,-73507
2025-01-01,9,Operating Expenses,Sales,United Kingdom,Hardware,-139340,-146619,-147479
2025-01-01,10,Operating Expenses,Marketing,United Kingdom,Hardware,-113749,-122182,-118765
2025-01-01,11,Operating Expenses,Research & Development,United Kingdom,Hardware,-162782,-179201,-169952
2025-01-01,12,Operating Expenses,General & Administrative,United Kingdom,Hardware,-94874,-105891,-104354
2025-01-01,13,Operating Expenses,IT & Systems,United Kingdom,Hardware,-53453,-57018,-55545
2025-01-01,14,Operating Expenses,Facilities & Rent,United Kingdom,Hardware,-44449,-48873,-48969
2025-01-01,15,Operating Expenses,Depreciation & Amort.,United Kingdom,Hardware,-41081,-44800,-43091
2025-01-01,16,Other,Interest Income,United Kingdom,Hardware,8923,9775,9524
2025-01-01,17,Other,Interest Expense,United Kingdom,Hardware,-20085,-22807,-22908
2025-01-01,18,Other,FX Gain/(Loss),United Kingdom,Hardware,11551,12218,12104
2025-01-01,19,Other,Other Income/(Expense),United Kingdom,Hardware,15284,16291,15985
2025-01-01,20,Other,Income Tax,United Kingdom,Hardware,-66558,-73309,-69566
2025-01-01,1,Revenue,Product Revenue,Spain,Software,537814,593031,570310
2025-01-01,2,Revenue,Subscription Revenue,Spain,Software,422331,444774,427092
2025-01-01,3,Revenue,Service Revenue,Spain,Software,243849,259451,258892
2025-01-01,4,Revenue,Support & Maintenance,Spain,Software,122495,133432,129738
2025-01-01,5,COGS,Direct Materials,Spain,Software,-162261,-176486,-172158
2025-01-01,6,COGS,Direct Labor,Spain,Software,-153533,-162910,-155017
2025-01-01,7,COGS,Cloud & Hosting,Spain,Software,-74890,-81455,-79814
2025-01-01,8,COGS,Support Delivery,Spain,Software,-54953,-61091,-60848
2025-01-01,9,Operating Expenses,Sales,Spain,Software,-112332,-122182,-117678
2025-01-01,10,Operating Expenses,Marketing,Spain,Software,-93251,-101819,-100407
2025-01-01,11,Operating Expenses,Research & Development,Spain,Software,-134443,-149334,-143617
2025-01-01,12,Operating Expenses,General & Administrative,Spain,Software,-79064,-88243,-89382
2025-01-01,13,Operating Expenses,IT & Systems,Spain,Software,-44382,-47515,-44937
2025-01-01,14,Operating Expenses,Facilities & Rent,Spain,Software,-36331,-40727,-40013
2025-01-01,15,Operating Expenses,Depreciation & Amort.,Spain,Software,-33174,-37333,-36867
2025-01-01,16,Other,Interest Income,Spain,Software,7419,8145,8105
2025-01-01,17,Other,Interest Expense,Spain,Software,-17280,-19006,-19192
2025-01-01,18,Other,FX Gain/(Loss),Spain,Software,9630,10182,9730
2025-01-01,19,Other,Other Income/(Expense),Spain,Software,12388,13576,13720
2025-01-01,20,Other,Income Tax,Spain,Software,-57219,-61091,-61078
2025-01-01,1,Revenue,Product Revenue,Spain,Services,320056,355819,345913
2025-01-01,2,Revenue,Subscription Revenue,Spain,Services,241333,266864,253945
2025-01-01,3,Revenue,Service Revenue,Spain,Services,144871,155671,156241
2025-01-01,4,Revenue,Support & Maintenance,Spain,Services,72029,80059,75845
2025-01-01,5,COGS,Direct Materials,Spain,Services,-97165,-105891,-101305
2025-01-01,6,COGS,Direct Labor,Spain,Services,-86551,-97746,-94456
2025-01-01,7,COGS,Cloud & Hosting,Spain,Services,-43727,-48873,-48182
2025-01-01,8,COGS,Support Delivery,Spain,Services,-33247,-36655,-36576
2025-01-01,9,Operating Expenses,Sales,Spain,Services,-65154,-73309,-71993
2025-01-01,10,Operating Expenses,Marketing,Spain,Services,-54903,-61091,-59824
2025-01-01,11,Operating Expenses,Research & Development,Spain,Services,-81649,-89600,-85092
2025-01-01,12,Operating Expenses,General & Administrative,Spain,Services,-48755,-52946,-51718
2025-01-01,13,Operating Expenses,IT & Systems,Spain,Services,-25179,-28509,-28478
2025-01-01,14,Operating Expenses,Facilities & Rent,Spain,Services,-21780,-24436,-23349
2025-01-01,15,Operating Expenses,Depreciation & Amort.,Spain,Services,-20489,-22400,-22125
2025-01-01,16,Other,Interest Income,Spain,Services,4325,4887,4685
2025-01-01,17,Other,Interest Expense,Spain,Services,-10306,-11404,-10904
2025-01-01,18,Other,FX Gain/(Loss),Spain,Services,-5556,-6109,-6100
2025-01-01,19,Other,Other Income/(Expense),Spain,Services,-7409,-8145,-8226
2025-01-01,20,Other,Income Tax,Spain,Services,-34699,-36655,-35220
2025-01-01,1,Revenue,Product Revenue,Spain,Hardware,423134,474425,449829
2025-01-01,2,Revenue,Subscription Revenue,Spain,Hardware,334896,355819,335879
2025-01-01,3,Revenue,Service Revenue,Spain,Hardware,195052,207561,203578
2025-01-01,4,Revenue,Support & Maintenance,Spain,Hardware,98531,106746,104614
2025-01-01,5,COGS,Direct Materials,Spain,Hardware,-130908,-141188,-140871
2025-01-01,6,COGS,Direct Labor,Spain,Hardware,-120269,-130328,-126901
2025-01-01,7,COGS,Cloud & Hosting,Spain,Hardware,-60820,-65164,-65650
2025-01-01,8,COGS,Support Delivery,Spain,Hardware,-43831,-48873,-46903
2025-01-01,9,Operating Expenses,Sales,Spain,Hardware,-91335,-97746,-92484
2025-01-01,10,Operating Expenses,Marketing,Spain,Hardware,-72083,-81455,-79711
2025-01-01,11,Operating Expenses,Research & Development,Spain,Hardware,-108534,-119467,-121670
2025-01-01,12,Operating Expenses,General & Administrative,Spain,Hardware,-62794,-70594,-68832
2025-01-01,13,Operating Expenses,IT & Systems,Spain,Hardware,-33643,-38012,-38242
2025-01-01,14,Operating Expenses,Facilities & Rent,Spain,Hardware,-29000,-32582,-31735
2025-01-01,15,Operating Expenses,Depreciation & Amort.,Spain,Hardware,-27203,-29867,-30182
2025-01-01,16,Other,Interest Income,Spain,Hardware,6088,6516,6186
2025-01-01,17,Other,Interest Expense,Spain,Hardware,-13949,-15205,-15053
2025-01-01,18,Other,FX Gain/(Loss),Spain,Hardware,-7361,-8145,-8304
2025-01-01,19,Other,Other Income/(Expense),Spain,Hardware,10297,10861,10305
2025-01-01,20,Other,Income Tax,Spain,Hardware,-46385,-48873,-48546
2025-01-01,1,Revenue,Product Revenue,Italy,Software,611906,691870,658753
2025-01-01,2,Revenue,Subscription Revenue,Italy,Software,486795,518902,494501
2025-01-01,3,Revenue,Service Revenue,Italy,Software,266547,302693,298166
2025-01-01,4,Revenue,Support & Maintenance,Italy,Software,143328,155671,150414
2025-01-01,5,COGS,Direct Materials,Italy,Software,-182133,-205900,-204881
2025-01-01,6,COGS,Direct Labor,Italy,Software,-169310,-190061,-182738
2025-01-01,7,COGS,Cloud & Hosting,Italy,Software,-87195,-95031,-91822
2025-01-01,8,COGS,Support Delivery,Italy,Software,-64897,-71273,-72491
2025-01-01,9,Operating Expenses,Sales,Italy,Software,-131288,-142546,-136891
2025-01-01,10,Operating Expenses,Marketing,Italy,Software,-105314,-118788,-113221
2025-01-01,11,Operating Expenses,Research & Development,Italy,Software,-162858,-174223,-165633
2025-01-01,12,Operating Expenses,General & Administrative,Italy,Software,-92497,-102950,-103221
2025-01-01,13,Operating Expenses,IT & Systems,Italy,Software,-49940,-55435,-52872
2025-01-01,14,Operating Expenses,Facilities & Rent,Italy,Software,-42075,-47515,-47728
2025-01-01,15,Operating Expenses,Depreciation & Amort.,Italy,Software,-38730,-43556,-43358
2025-01-01,16,Other,Interest Income,Italy,Software,8662,9503,9312
2025-01-01,17,Other,Interest Expense,Italy,Software,-20392,-22174,-21579
2025-01-01,18,Other,FX Gain/(Loss),Italy,Software,10835,11879,11587
2025-01-01,19,Other,Other Income/(Expense),Italy,Software,-13996,-15838,-15968
2025-01-01,20,Other,Income Tax,Italy,Software,-64391,-71273,-68551
2025-01-01,1,Revenue,Product Revenue,Italy,Services,373796,415122,408352
2025-01-01,2,Revenue,Subscription Revenue,Italy,Services,280565,311341,315197
2025-01-01,3,Revenue,Service Revenue,Italy,Services,162458,181616,179310
2025-01-01,4,Revenue,Support & Maintenance,Italy,Services,82268,93402,91601
2025-01-01,5,COGS,Direct Materials,Italy,Services,-109800,-123540,-117223
2025-01-01,6,COGS,Direct Labor,Italy,Services,-100782,-114037,-114575
2025-01-01,7,COGS,Cloud & Hosting,Italy,Services,-52752,-57018,-55465
2025-01-01,8,COGS,Support Delivery,Italy,Services,-40557,-42764,-43586
2025-01-01,9,Operating Expenses,Sales,Italy,Services,-80941,-85528,-81826
2025-01-01,10,Operating Expenses,Marketing,Italy,Services,-64720,-71273,-70350
2025-01-01,11,Operating Expenses,Research & Development,Italy,Services,-95261,-104534,-106403
2025-01-01,12,Operating Expenses,General & Administrative,Italy,Services,-56593,-61770,-61914
2025-01-01,13,Operating Expenses,IT & Systems,Italy,Services,-31213,-33261,-32771
2025-01-01,14,Operating Expenses,Facilities & Rent,Italy,Services,-26615,-28509,-27823
2025-01-01,15,Operating Expenses,Depreciation & Amort.,Italy,Services,-24595,-26133,-26180
2025-01-01,16,Other,Interest Income,Italy,Services,5366,5702,5485
2025-01-01,17,Other,Interest Expense,Italy,Services,-12412,-13304,-12674
2025-01-01,18,Other,FX Gain/(Loss),Italy,Services,6385,7127,6951
2025-01-01,19,Other,Other Income/(Expense),Italy,Services,8997,9503,9637
2025-01-01,20,Other,Income Tax,Italy,Services,-40071,-42764,-42041
2025-01-01,1,Revenue,Product Revenue,Italy,Hardware,517272,553496,553277
2025-01-01,2,Revenue,Subscription Revenue,Italy,Hardware,379340,415122,416405
2025-01-01,3,Revenue,Service Revenue,Italy,Hardware,219045,242154,239595
2025-01-01,4,Revenue,Support & Maintenance,Italy,Hardware,114941,124537,118497
2025-01-01,5,COGS,Direct Materials,Italy,Hardware,-155735,-164720,-161001
2025-01-01,6,COGS,Direct Labor,Italy,Hardware,-142700,-152049,-144147
2025-01-01,7,COGS,Cloud & Hosting,Italy,Hardware,-67223,-76025,-74359
2025-01-01,8,COGS,Support Delivery,Italy,Hardware,-54198,-57018,-57547
2025-01-01,9,Operating Expenses,Sales,Italy,Hardware,-108224,-114037,-107811
2025-01-01,10,Operating Expenses,Marketing,Italy,Hardware,-83748,-95031,-95835
2025-01-01,11,Operating Expenses,Research & Development,Italy,Hardware,-130293,-139378,-140983
2025-01-01,12,Operating Expenses,General & Administrative,Italy,Hardware,-75702,-82360,-83882
2025-01-01,13,Operating Expenses,IT & Systems,Italy,Hardware,-41055,-44348,-43211
2025-01-01,14,Operating Expenses,Facilities & Rent,Italy,Hardware,-34725,-38012,-36274
2025-01-01,15,Operating Expenses,Depreciation & Amort.,Italy,Hardware,-30976,-34845,-33883
2025-01-01,16,Other,Interest Income,Italy,Hardware,6681,7602,7660
2025-01-01,17,Other,Interest Expense,Italy,Hardware,-15970,-17739,-17661
2025-01-01,18,Other,FX Gain/(Loss),Italy,Hardware,-8878,-9503,-9424
2025-01-01,19,Other,Other Income/(Expense),Italy,Hardware,11598,12671,12702
2025-01-01,20,Other,Income Tax,Italy,Hardware,-52586,-57018,-55105
2025-01-01,1,Revenue,Product Revenue,United States,Software,1489745,1581417,1491989
2025-01-01,2,Revenue,Subscription Revenue,United States,Software,1068657,1186063,1186494
2025-01-01,3,Revenue,Service Revenue,United States,Software,656739,691870,664147
2025-01-01,4,Revenue,Support & Maintenance,United States,Software,320041,355819,342150
2025-01-01,5,COGS,Direct Materials,United States,Software,-434720,-470628,-446957
2025-01-01,6,COGS,Direct Labor,United States,Software,-391277,-434426,-414270
2025-01-01,7,COGS,Cloud & Hosting,United States,Software,-200913,-217213,-216626
2025-01-01,8,COGS,Support Delivery,United States,Software,-152464,-162910,-162755
2025-01-01,9,Operating Expenses,Sales,United States,Software,-309823,-325820,-314142
2025-01-01,10,Operating Expenses,Marketing,United States,Software,-242805,-271516,-260269
2025-01-01,11,Operating Expenses,Research & Development,United States,Software,-360238,-398224,-384416
2025-01-01,12,Operating Expenses,General & Administrative,United States,Software,-220149,-235314,-238449
2025-01-01,13,Operating Expenses,IT & Systems,United States,Software,-113477,-126708,-120511
2025-01-01,14,Operating Expenses,Facilities & Rent,United States,Software,-103175,-108607,-106343
2025-01-01,15,Operating Expenses,Depreciation & Amort.,United States,Software,-90974,-99556,-94857
2025-01-01,16,Other,Interest Income,United States,Software,19758,21721,22139
2025-01-01,17,Other,Interest Expense,United States,Software,-45317,-50683,-49632
2025-01-01,18,Other,FX Gain/(Loss),United States,Software,-24471,-27152,-27195
2025-01-01,19,Other,Other Income/(Expense),United States,Software,32829,36202,35000
2025-01-01,20,Other,Income Tax,United States,Software,-151870,-162910,-165507
2025-01-01,1,Revenue,Product Revenue,United States,Services,858617,948850,952113
2025-01-01,2,Revenue,Subscription Revenue,United States,Services,635615,711638,716015
2025-01-01,3,Revenue,Service Revenue,United States,Services,390487,415122,416962
2025-01-01,4,Revenue,Support & Maintenance,United States,Services,194608,213491,204649
2025-01-01,5,COGS,Direct Materials,United States,Services,-257446,-282377,-269936
2025-01-01,6,COGS,Direct Labor,United States,Services,-245684,-260656,-250094
2025-01-01,7,COGS,Cloud & Hosting,United States,Services,-121843,-130328,-132756
2025-01-01,8,COGS,Support Delivery,United States,Services,-86172,-97746,-94867
2025-01-01,9,Operating Expenses,Sales,United States,Services,-176769,-195492,-199101
2025-01-01,10,Operating Expenses,Marketing,United States,Services,-152641,-162910,-160078
2025-01-01,11,Operating Expenses,Research & Development,United States,Services,-219705,-238934,-233500
2025-01-01,12,Operating Expenses,General & Administrative,United States,Services,-131279,-141188,-141732
2025-01-01,13,Operating Expenses,IT & Systems,United States,Services,-71388,-76025,-76103
2025-01-01,14,Operating Expenses,Facilities & Rent,United States,Services,-59883,-65164,-65191
2025-01-01,15,Operating Expenses,Depreciation & Amort.,United States,Services,-53502,-59734,-59902
2025-01-01,16,Other,Interest Income,United States,Services,12007,13033,12286
2025-01-01,17,Other,Interest Expense,United States,Services,-27010,-30410,-28682
2025-01-01,18,Other,FX Gain/(Loss),United States,Services,-15177,-16291,-15658
2025-01-01,19,Other,Other Income/(Expense),United States,Services,20549,21721,20847
2025-01-01,20,Other,Income Tax,United States,Services,-90909,-97746,-93834
2025-01-01,1,Revenue,Product Revenue,United States,Hardware,1116029,1265134,1238099
2025-01-01,2,Revenue,Subscription Revenue,United States,Hardware,867296,948850,964203
2025-01-01,3,Revenue,Service Revenue,United States,Hardware,512686,553496,538495
2025-01-01,4,Revenue,Support & Maintenance,United States,Hardware,254122,284655,273629
2025-01-01,5,COGS,Direct Materials,United States,Hardware,-348248,-376503,-371078
2025-01-01,6,COGS,Direct Labor,United States,Hardware,-323933,-347541,-343715
2025-01-01,7,COGS,Cloud & Hosting,United States,Hardware,-159495,-173770,-170204
2025-01-01,8,COGS,Support Delivery,United States,Hardware,-119811,-130328,-129981
2025-01-01,9,Operating Expenses,Sales,United States,Hardware,-242017,-260656,-252156
2025-01-01,10,Operating Expenses,Marketing,United States,Hardware,-199839,-217213,-216293
2025-01-01,11,Operating Expenses,Research & Development,United States,Hardware,-282952,-318579,-300292
2025-01-01,12,Operating Expenses,General & Administrative,United States,Hardware,-178984,-188251,-189585
2025-01-01,13,Operating Expenses,IT & Systems,United States,Hardware,-93849,-101366,-96540
2025-01-01,14,Operating Expenses,Facilities & Rent,United States,Hardware,-80485,-86885,-83266
2025-01-01,15,Operating Expenses,Depreciation & Amort.,United States,Hardware,-73276,-79645,-77277
2025-01-01,16,Other,Interest Income,United States,Hardware,15786,17377,16790
2025-01-01,17,Other,Interest Expense,United States,Hardware,-37424,-40546,-40334
2025-01-01,18,Other,FX Gain/(Loss),United States,Hardware,19429,21721,21811
2025-01-01,19,Other,Other Income/(Expense),United States,Hardware,25735,28962,28764
2025-01-01,20,Other,Income Tax,United States,Hardware,-117217,-130328,-124569
2025-01-01,1,Revenue,Product Revenue,Nordics,Software,464723,494193,486626
2025-01-01,2,Revenue,Subscription Revenue,Nordics,Software,346128,370645,358997
2025-01-01,3,Revenue,Service Revenue,Nordics,Software,195999,216209,210154
2025-01-01,4,Revenue,Support & Maintenance,Nordics,Software,101056,111193,113324
2025-01-01,5,COGS,Direct Materials,Nordics,Software,-129953,-147071,-149505
2025-01-01,6,COGS,Direct Labor,Nordics,Software,-120097,-135758,-133301
2025-01-01,7,COGS,Cloud & Hosting,Nordics,Software,-61415,-67879,-65182
2025-01-01,8,COGS,Support Delivery,Nordics,Software,-46845,-50909,-50642
2025-01-01,9,Operating Expenses,Sales,Nordics,Software,-89428,-101819,-102342
2025-01-01,10,Operating Expenses,Marketing,Nordics,Software,-77755,-84849,-82391
2025-01-01,11,Operating Expenses,Research & Development,Nordics,Software,-112576,-124445,-119255
2025-01-01,12,Operating Expenses,General & Administrative,Nordics,Software,-64710,-73536,-72026
2025-01-01,13,Operating Expenses,IT & Systems,Nordics,Software,-36002,-39596,-40242
2025-01-01,14,Operating Expenses,Facilities & Rent,Nordics,Software,-30970,-33940,-31987
2025-01-01,15,Operating Expenses,Depreciation & Amort.,Nordics,Software,-29192,-31111,-30144
2025-01-01,16,Other,Interest Income,Nordics,Software,6004,6788,6817
2025-01-01,17,Other,Interest Expense,Nordics,Software,-14369,-15838,-15783
2025-01-01,18,Other,FX Gain/(Loss),Nordics,Software,7613,8485,8622
2025-01-01,19,Other,Other Income/(Expense),Nordics,Software,-10659,-11313,-11162
2025-01-01,20,Other,Income Tax,Nordics,Software,-45703,-50909,-48811
2025-01-01,1,Revenue,Product Revenue,Nordics,Services,278743,296516,288140
2025-01-01,2,Revenue,Subscription Revenue,Nordics,Services,202877,222387,211777
2025-01-01,3,Revenue,Service Revenue,Nordics,Services,115601,129726,128379
2025-01-01,4,Revenue,Support & Maintenance,Nordics,Services,59946,66716,66128
2025-01-01,5,COGS,Direct Materials,Nordics,Services,-79619,-88243,-85128
2025-01-01,6,COGS,Direct Labor,Nordics,Services,-75560,-81455,-81330
2025-01-01,7,COGS,Cloud & Hosting,Nordics,Services,-38314,-40727,-41257
2025-01-01,8,COGS,Support Delivery,Nordics,Services,-28332,-30546,-29126
2025-01-01,9,Operating Expenses,Sales,Nordics,Services,-56573,-61091,-61414
2025-01-01,10,Operating Expenses,Marketing,Nordics,Services,-46012,-50909,-49648
2025-01-01,11,Operating Expenses,Research & Development,Nordics,Services,-65800,-74667,-75834
2025-01-01,12,Operating Expenses,General & Administrative,Nordics,Services,-40467,-44121,-42031
2025-01-01,13,Operating Expenses,IT & Systems,Nordics,Services,-22463,-23758,-24088
2025-01-01,14,Operating Expenses,Facilities & Rent,Nordics,Services,-18192,-20364,-19969
2025-01-01,15,Operating Expenses,Depreciation & Amort.,Nordics,Services,-17156,-18667,-18638
2025-01-01,16,Other,Interest Income,Nordics,Services,3636,4073,3864
2025-01-01,17,Other,Interest Expense,Nordics,Services,-8539,-9503,-9172
2025-01-01,18,Other,FX Gain/(Loss),Nordics,Services,4719,5091,4810
2025-01-01,19,Other,Other Income/(Expense),Nordics,Services,6083,6788,6850
2025-01-01,20,Other,Income Tax,Nordics,Services,-27967,-30546,-29895
2025-01-01,1,Revenue,Product Revenue,Nordics,Hardware,352951,395354,402917
2025-01-01,2,Revenue,Subscription Revenue,Nordics,Hardware,275794,296516,296808
2025-01-01,3,Revenue,Service Revenue,Nordics,Hardware,161329,172967,171701
2025-01-01,4,Revenue,Support & Maintenance,Nordics,Hardware,81551,88955,86343
2025-01-01,5,COGS,Direct Materials,Nordics,Hardware,-106139,-117657,-118645
2025-01-01,6,COGS,Direct Labor,Nordics,Hardware,-97232,-108607,-106913
2025-01-01,7,COGS,Cloud & Hosting,Nordics,Hardware,-47724,-54303,-52990
2025-01-01,8,COGS,Support Delivery,Nordics,Hardware,-38230,-40727,-41522
2025-01-01,9,Operating Expenses,Sales,Nordics,Hardware,-77018,-81455,-77721
2025-01-01,10,Operating Expenses,Marketing,Nordics,Hardware,-60106,-67879,-66254
2025-01-01,11,Operating Expenses,Research & Development,Nordics,Hardware,-91026,-99556,-99875
2025-01-01,12,Operating Expenses,General & Administrative,Nordics,Hardware,-52998,-58829,-57018
2025-01-01,13,Operating Expenses,IT & Systems,Nordics,Hardware,-29441,-31677,-32290
2025-01-01,14,Operating Expenses,Facilities & Rent,Nordics,Hardware,-24479,-27152,-27606
2025-01-01,15,Operating Expenses,Depreciation & Amort.,Nordics,Hardware,-23247,-24889,-25139
2025-01-01,16,Other,Interest Income,Nordics,Hardware,4922,5430,5160
2025-01-01,17,Other,Interest Expense,Nordics,Hardware,-11665,-12671,-12752
2025-01-01,18,Other,FX Gain/(Loss),Nordics,Hardware,-6195,-6788,-6621
2025-01-01,19,Other,Other Income/(Expense),Nordics,Hardware,8324,9051,8760
2025-01-01,20,Other,Income Tax,Nordics,Hardware,-36368,-40727,-39712
2025-02-01,1,Revenue,Product Revenue,France,Software,881178,945622,922151
2025-02-01,2,Revenue,Subscription Revenue,France,Software,640440,709216,692010
2025-02-01,3,Revenue,Service Revenue,France,Software,381266,413709,399556
2025-02-01,4,Revenue,Support & Maintenance,France,Software,200952,212765,211744
2025-02-01,5,COGS,Direct Materials,France,Software,-273340,-291603,-294430
2025-02-01,6,COGS,Direct Labor,France,Software,-251566,-269172,-256978
2025-02-01,7,COGS,Cloud & Hosting,France,Software,-118414,-134586,-128620
2025-02-01,8,COGS,Support Delivery,France,Software,-88760,-100940,-97153
2025-02-01,9,Operating Expenses,Sales,France,Software,-178903,-201879,-198352
2025-02-01,10,Operating Expenses,Marketing,France,Software,-152746,-168233,-162273
2025-02-01,11,Operating Expenses,Research & Development,France,Software,-220036,-246741,-237200
2025-02-01,12,Operating Expenses,General & Administrative,France,Software,-133631,-145802,-148000
2025-02-01,13,Operating Expenses,IT & Systems,France,Software,-72790,-78509,-74622
2025-02-01,14,Operating Expenses,Facilities & Rent,France,Software,-59242,-67293,-63365
2025-02-01,15,Operating Expenses,Depreciation & Amort.,France,Software,-56164,-61685,-60557
2025-02-01,16,Other,Interest Income,France,Software,12569,13459,12777
2025-02-01,17,Other,Interest Expense,France,Software,-29355,-31403,-30458
2025-02-01,18,Other,FX Gain/(Loss),France,Software,15758,16823,16233
2025-02-01,19,Other,Other Income/(Expense),France,Software,20855,22431,22388
2025-02-01,20,Other,Income Tax,France,Software,-90333,-100940,-98510
2025-02-01,1,Revenue,Product Revenue,France,Services,532906,567373,545571
2025-02-01,2,Revenue,Subscription Revenue,France,Services,385405,425530,402545
2025-02-01,3,Revenue,Service Revenue,France,Services,234423,248226,246742
2025-02-01,4,Revenue,Support & Maintenance,France,Services,115289,127659,123291
2025-02-01,5,COGS,Direct Materials,France,Services,-166106,-174962,-166803
2025-02-01,6,COGS,Direct Labor,France,Services,-147598,-161503,-154744
2025-02-01,7,COGS,Cloud & Hosting,France,Services,-72676,-80752,-80302
2025-02-01,8,COGS,Support Delivery,France,Services,-57500,-60564,-59179
2025-02-01,9,Operating Expenses,Sales,France,Services,-112395,-121128,-119116
2025-02-01,10,Operating Expenses,Marketing,France,Services,-91402,-100940,-101055
2025-02-01,11,Operating Expenses,Research & Development,France,Services,-132214,-148045,-146944
2025-02-01,12,Operating Expenses,General & Administrative,France,Services,-76923,-87481,-84964
2025-02-01,13,Operating Expenses,IT & Systems,France,Services,-42438,-47105,-45123
2025-02-01,14,Operating Expenses,Facilities & Rent,France,Services,-36007,-40376,-38933
2025-02-01,15,Operating Expenses,Depreciation & Amort.,France,Services,-33520,-37011,-36772
2025-02-01,16,Other,Interest Income,France,Services,7159,8075,7812
2025-02-01,17,Other,Interest Expense,France,Services,-17220,-18842,-18233
2025-02-01,18,Other,FX Gain/(Loss),France,Services,-8975,-10094,-9563
2025-02-01,19,Other,Other Income/(Expense),France,Services,-12165,-13459,-13535
2025-02-01,20,Other,Income Tax,France,Services,-54275,-60564,-60565
2025-02-01,1,Revenue,Product Revenue,France,Hardware,700834,756497,729689
2025-02-01,2,Revenue,Subscription Revenue,France,Hardware,500391,567373,568937
2025-02-01,3,Revenue,Service Revenue,France,Hardware,299124,330968,318861
2025-02-01,4,Revenue,Support & Maintenance,France,Hardware,156295,170212,169474
2025-02-01,5,COGS,Direct Materials,France,Hardware,-206769,-233283,-229560
2025-02-01,6,COGS,Direct Labor,France,Hardware,-189870,-215338,-205137
2025-02-01,7,COGS,Cloud & Hosting,France,Hardware,-98331,-107669,-108497
2025-02-01,8,COGS,Support Delivery,France,Hardware,-73414,-80752,-80106
2025-02-01,9,Operating Expenses,Sales,France,Hardware,-147438,-161503,-164556
2025-02-01,10,Operating Expenses,Marketing,France,Hardware,-127047,-134586,-126729
2025-02-01,11,Operating Expenses,Research & Development,France,Hardware,-175647,-197393,-191071
2025-02-01,12,Operating Expenses,General & Administrative,France,Hardware,-110079,-116641,-115375
2025-02-01,13,Operating Expenses,IT & Systems,France,Hardware,-55747,-62807,-61399
2025-02-01,14,Operating Expenses,Facilities & Rent,France,Hardware,-47903,-53834,-51992
2025-02-01,15,Operating Expenses,Depreciation & Amort.,France,Hardware,-46195,-49348,-49374
2025-02-01,16,Other,Interest Income,France,Hardware,10151,10767,10187
2025-02-01,17,Other,Interest Expense,France,Hardware,-23731,-25123,-23758
2025-02-01,18,Other,FX Gain/(Loss),France,Hardware,-12380,-13459,-13517
2025-02-01,19,Other,Other Income/(Expense),France,Hardware,15902,17945,18123
2025-02-01,20,Other,Income Tax,France,Hardware,-74311,-80752,-80294
2025-02-01,1,Revenue,Product Revenue,Germany,Software,1023450,1134746,1106291
2025-02-01,2,Revenue,Subscription Revenue,Germany,Software,796335,851059,844981
2025-02-01,3,Revenue,Service Revenue,Germany,Software,440779,496451,489786
2025-02-01,4,Revenue,Support & Maintenance,Germany,Software,235127,255318,248077
2025-02-01,5,COGS,Direct Materials,Germany,Software,-314679,-349924,-353211
2025-02-01,6,COGS,Direct Labor,Germany,Software,-289119,-323007,-322912
2025-02-01,7,COGS,Cloud & Hosting,Germany,Software,-152486,-161503,-154417
2025-02-01,8,COGS,Support Delivery,Germany,Software,-109868,-121128,-120879
2025-02-01,9,Operating Expenses,Sales,Germany,Software,-229917,-242255,-235336
2025-02-01,10,Operating Expenses,Marketing,Germany,Software,-189251,-201879,-196193
2025-02-01,11,Operating Expenses,Research & Development,Germany,Software,-267731,-296090,-300283
2025-02-01,12,Operating Expenses,General & Administrative,Germany,Software,-161542,-174962,-176366
2025-02-01,13,Operating Expenses,IT & Systems,Germany,Software,-83202,-94210,-91757
2025-02-01,14,Operating Expenses,Facilities & Rent,Germany,Software,-76101,-80752,-80292
2025-02-01,15,Operating Expenses,Depreciation & Amort.,Germany,Software,-65536,-74022,-73094
2025-02-01,16,Other,Interest Income,Germany,Software,14860,16150,15547
2025-02-01,17,Other,Interest Expense,Germany,Software,-33463,-37684,-36996
2025-02-01,18,Other,FX Gain/(Loss),Germany,Software,-19178,-20188,-19955
2025-02-01,19,Other,Other Income/(Expense),Germany,Software,-23675,-26917,-26712
2025-02-01,20,Other,Income Tax,Germany,Software,-109369,-121128,-117246
2025-02-01,1,Revenue,Product Revenue,Germany,Services,628783,680848,658793
2025-02-01,2,Revenue,Subscription Revenue,Germany,Services,483258,510636,501138
2025-02-01,3,Revenue,Service Revenue,Germany,Services,275945,297871,300644
2025-02-01,4,Revenue,Support & Maintenance,Germany,Services,144996,153191,152580
2025-02-01,5,COGS,Direct Materials,Germany,Services,-185338,-209954,-213172
2025-02-01,6,COGS,Direct Labor,Germany,Services,-176662,-193804,-194139
2025-02-01,7,COGS,Cloud & Hosting,Germany,Services,-91171,-96902,-93196
2025-02-01,8,COGS,Support Delivery,Germany,Services,-64469,-72677,-71969
2025-02-01,9,Operating Expenses,Sales,Germany,Services,-133464,-145353,-141969
2025-02-01,10,Operating Expenses,Marketing,Germany,Services,-110084,-121128,-114176
2025-02-01,11,Operating Expenses,Research & Development,Germany,Services,-164619,-177654,-175503
2025-02-01,12,Operating Expenses,General & Administrative,Germany,Services,-97666,-104977,-102386
2025-02-01,13,Operating Expenses,IT & Systems,Germany,Services,-49973,-56526,-56250
2025-02-01,14,Operating Expenses,Facilities & Rent,Germany,Services,-43308,-48451,-46792
2025-02-01,15,Operating Expenses,Depreciation & Amort.,Germany,Services,-41227,-44413,-44640
2025-02-01,16,Other,Interest Income,Germany,Services,9177,9690,9146
2025-02-01,17,Other,Interest Expense,Germany,Services,-20932,-22610,-22576
2025-02-01,18,Other,FX Gain/(Loss),Germany,Services,11181,12113,11866
2025-02-01,19,Other,Other Income/(Expense),Germany,Services,-14933,-16150,-15386
2025-02-01,20,Other,Income Tax,Germany,Services,-64701,-72677,-69605
2025-02-01,1,Revenue,Product Revenue,Germany,Hardware,816881,907797,867266
2025-02-01,2,Revenue,Subscription Revenue,Germany,Hardware,642825,680848,642144
2025-02-01,3,Revenue,Service Revenue,Germany,Hardware,372327,397161,403071
2025-02-01,4,Revenue,Support & Maintenance,Germany,Hardware,179874,204254,202588
2025-02-01,5,COGS,Direct Materials,Germany,Hardware,-260090,-279939,-274729
2025-02-01,6,COGS,Direct Labor,Germany,Hardware,-229384,-258405,-250903
2025-02-01,7,COGS,Cloud & Hosting,Germany,Hardware,-118216,-129203,-124632
2025-02-01,8,COGS,Support Delivery,Germany,Hardware,-88666,-96902,-98430
2025-02-01,9,Operating Expenses,Sales,Germany,Hardware,-178222,-193804,-184756
2025-02-01,10,Operating Expenses,Marketing,Germany,Hardware,-143416,-161503,-155796
2025-02-01,11,Operating Expenses,Research & Development,Germany,Hardware,-211703,-236872,-229837
2025-02-01,12,Operating Expenses,General & Administrative,Germany,Hardware,-128810,-139970,-134299
2025-02-01,13,Operating Expenses,IT & Systems,Germany,Hardware,-67842,-75368,-75163
2025-02-01,14,Operating Expenses,Facilities & Rent,Germany,Hardware,-58627,-64601,-63216
2025-02-01,15,Operating Expenses,Depreciation & Amort.,Germany,Hardware,-55228,-59218,-55873
2025-02-01,16,Other,Interest Income,Germany,Hardware,12137,12920,13121
2025-02-01,17,Other,Interest Expense,Germany,Hardware,-26616,-30147,-29669
2025-02-01,18,Other,FX Gain/(Loss),Germany,Hardware,15229,16150,16364
2025-02-01,19,Other,Other Income/(Expense),Germany,Hardware,-20119,-21534,-20486
2025-02-01,20,Other,Income Tax,Germany,Hardware,-86520,-96902,-95984
2025-02-01,1,Revenue,Product Revenue,United Kingdom,Software,774671,851059,823711
2025-02-01,2,Revenue,Subscription Revenue,United Kingdom,Software,562705,638295,636112
2025-02-01,3,Revenue,Service Revenue,United Kingdom,Software,345446,372339,367601
2025-02-01,4,Revenue,Support & Maintenance,United Kingdom,Software,178889,191488,185460
2025-02-01,5,COGS,Direct Materials,United Kingdom,Software,-247317,-262443,-255056
2025-02-01,6,COGS,Direct Labor,United Kingdom,Software,-224025,-242255,-231560
2025-02-01,7,COGS,Cloud & Hosting,United Kingdom,Software,-112588,-121128,-122273
2025-02-01,8,COGS,Support Delivery,United Kingdom,Software,-81560,-90846,-89290
2025-02-01,9,Operating Expenses,Sales,United Kingdom,Software,-168843,-181691,-177543
2025-02-01,10,Operating Expenses,Marketing,United Kingdom,Software,-137132,-151409,-154324
2025-02-01,11,Operating Expenses,Research & Development,United Kingdom,Software,-204765,-222067,-211922
2025-02-01,12,Operating Expenses,General & Administrative,United Kingdom,Software,-116697,-131221,-133100
2025-02-01,13,Operating Expenses,IT & Systems,United Kingdom,Software,-62981,-70658,-69098
2025-02-01,14,Operating Expenses,Facilities & Rent,United Kingdom,Software,-54515,-60564,-57042
2025-02-01,15,Operating Expenses,Depreciation & Amort.,United Kingdom,Software,-50906,-55517,-52829
2025-02-01,16,Other,Interest Income,United Kingdom,Software,11161,12113,11894
2025-02-01,17,Other,Interest Expense,United Kingdom,Software,-24947,-28263,-27235
2025-02-01,18,Other,FX Gain/(Loss),United Kingdom,Software,13679,15141,14598
2025-02-01,19,Other,Other Income/(Expense),United Kingdom,Software,18296,20188,19337
2025-02-01,20,Other,Income Tax,United Kingdom,Software,-82041,-90846,-88347
2025-02-01,1,Revenue,Product Revenue,United Kingdom,Services,478550,510636,487565
2025-02-01,2,Revenue,Subscription Revenue,United Kingdom,Services,364246,382977,374675
2025-02-01,3,Revenue,Service Revenue,United Kingdom,Services,201791,223403,212591
2025-02-01,4,Revenue,Support & Maintenance,United Kingdom,Services,101760,114893,110263
2025-02-01,5,COGS,Direct Materials,United Kingdom,Services,-138938,-157466,-150250
2025-02-01,6,COGS,Direct Labor,United Kingdom,Services,-131823,-145353,-144634
2025-02-01,7,COGS,Cloud & Hosting,United Kingdom,Services,-69140,-72677,-69699
2025-02-01,8,COGS,Support Delivery,United Kingdom,Services,-51285,-54507,-51573
2025-02-01,9,Operating Expenses,Sales,United Kingdom,Services,-103001,-109015,-107129
2025-02-01,10,Operating Expenses,Marketing,United Kingdom,Services,-81267,-90846,-87782
2025-02-01,11,Operating Expenses,Research & Development,United Kingdom,Services,-119740,-133240,-127954
2025-02-01,12,Operating Expenses,General & Administrative,United Kingdom,Services,-69634,-78733,-79698
2025-02-01,13,Operating Expenses,IT & Systems,United Kingdom,Services,-38601,-42395,-43119
2025-02-01,14,Operating Expenses,Facilities & Rent,United Kingdom,Services,-32820,-36338,-35266
2025-02-01,15,Operating Expenses,Depreciation & Amort.,United Kingdom,Services,-29357,-33310,-32703
2025-02-01,16,Other,Interest Income,United Kingdom,Services,6836,7268,7381
2025-02-01,17,Other,Interest Expense,United Kingdom,Services,-15796,-16958,-16047
2025-02-01,18,Other,FX Gain/(Loss),United Kingdom,Services,-8285,-9085,-8981
2025-02-01,19,Other,Other Income/(Expense),United Kingdom,Services,10809,12113,11542
2025-02-01,20,Other,Income Tax,United Kingdom,Services,-48690,-54507,-54422
2025-02-01,1,Revenue,Product Revenue,United Kingdom,Hardware,613179,680848,691486
2025-02-01,2,Revenue,Subscription Revenue,United Kingdom,Hardware,478793,510636,501152
2025-02-01,3,Revenue,Service Revenue,United Kingdom,Hardware,280823,297871,281742
2025-02-01,4,Revenue,Support & Maintenance,United Kingdom,Hardware,137109,153191,145830
2025-02-01,5,COGS,Direct Materials,United Kingdom,Hardware,-194877,-209954,-212687
2025-02-01,6,COGS,Direct Labor,United Kingdom,Hardware,-171897,-193804,-197559
2025-02-01,7,COGS,Cloud & Hosting,United Kingdom,Hardware,-88923,-96902,-98435
2025-02-01,8,COGS,Support Delivery,United Kingdom,Hardware,-69086,-72677,-68939
2025-02-01,9,Operating Expenses,Sales,United Kingdom,Hardware,-134940,-145353,-141949
2025-02-01,10,Operating Expenses,Marketing,United Kingdom,Hardware,-112566,-121128,-118840
2025-02-01,11,Operating Expenses,Research & Development,United Kingdom,Hardware,-158821,-177654,-170467
2025-02-01,12,Operating Expenses,General & Administrative,United Kingdom,Hardware,-95131,-104977,-102621
2025-02-01,13,Operating Expenses,IT & Systems,United Kingdom,Hardware,-52000,-56526,-53693
2025-02-01,14,Operating Expenses,Facilities & Rent,United Kingdom,Hardware,-43859,-48451,-46229
2025-02-01,15,Operating Expenses,Depreciation & Amort.,United Kingdom,Hardware,-39613,-44413,-44765
2025-02-01,16,Other,Interest Income,United Kingdom,Hardware,8617,9690,9457
2025-02-01,17,Other,Interest Expense,United Kingdom,Hardware,-20814,-22610,-22376
2025-02-01,18,Other,FX Gain/(Loss),United Kingdom,Hardware,11100,12113,11582
2025-02-01,19,Other,Other Income/(Expense),United Kingdom,Hardware,-14700,-16150,-15324
2025-02-01,20,Other,Income Tax,United Kingdom,Hardware,-67993,-72677,-68905
2025-02-01,1,Revenue,Product Revenue,Spain,Software,531317,567373,546352
2025-02-01,2,Revenue,Subscription Revenue,Spain,Software,393585,425530,403461
2025-02-01,3,Revenue,Service Revenue,Spain,Software,228723,248226,242833
2025-02-01,4,Revenue,Support & Maintenance,Spain,Software,120422,127659,129759
2025-02-01,5,COGS,Direct Materials,Spain,Software,-158006,-174962,-171421
2025-02-01,6,COGS,Direct Labor,Spain,Software,-146268,-161503,-156050
2025-02-01,7,COGS,Cloud & Hosting,Spain,Software,-73898,-80752,-82019
2025-02-01,8,COGS,Support Delivery,Spain,Software,-54852,-60564,-57572
2025-02-01,9,Operating Expenses,Sales,Spain,Software,-109734,-121128,-120714
2025-02-01,10,Operating Expenses,Marketing,Spain,Software,-94560,-100940,-95849
2025-02-01,11,Operating Expenses,Research & Development,Spain,Software,-135104,-148045,-147370
2025-02-01,12,Operating Expenses,General & Administrative,Spain,Software,-77986,-87481,-86720
2025-02-01,13,Operating Expenses,IT & Systems,Spain,Software,-43733,-47105,-46658
2025-02-01,14,Operating Expenses,Facilities & Rent,Spain,Software,-36895,-40376,-40382
2025-02-01,15,Operating Expenses,Depreciation & Amort.,Spain,Software,-34478,-37011,-37650
2025-02-01,16,Other,Interest Income,Spain,Software,7473,8075,7891
2025-02-01,17,Other,Interest Expense,Spain,Software,-16562,-18842,-17949
2025-02-01,18,Other,FX Gain/(Loss),Spain,Software,-9035,-10094,-9920
2025-02-01,19,Other,Other Income/(Expense),Spain,Software,12668,13459,13390
2025-02-01,20,Other,Income Tax,Spain,Software,-53206,-60564,-57308
2025-02-01,1,Revenue,Product Revenue,Spain,Services,311026,340424,344853
2025-02-01,2,Revenue,Subscription Revenue,Spain,Services,235981,255318,255105
2025-02-01,3,Revenue,Service Revenue,Spain,Services,139021,148935,141234
2025-02-01,4,Revenue,Support & Maintenance,Spain,Services,67502,76595,73727
2025-02-01,5,COGS,Direct Materials,Spain,Services,-97734,-104977,-104662
2025-02-01,6,COGS,Direct Labor,Spain,Services,-85420,-96902,-91678
2025-02-01,7,COGS,Cloud & Hosting,Spain,Services,-42807,-48451,-46048
2025-02-01,8,COGS,Support Delivery,Spain,Services,-33695,-36338,-35617
2025-02-01,9,Operating Expenses,Sales,Spain,Services,-66521,-72677,-71344
2025-02-01,10,Operating Expenses,Marketing,Spain,Services,-56131,-60564,-61267
2025-02-01,11,Operating Expenses,Research & Development,Spain,Services,-84151,-88827,-87855
2025-02-01,12,Operating Expenses,General & Administrative,Spain,Services,-49400,-52489,-49855
2025-02-01,13,Operating Expenses,IT & Systems,Spain,Services,-25382,-28263,-28159
2025-02-01,14,Operating Expenses,Facilities & Rent,Spain,Services,-21937,-24226,-24562
2025-02-01,15,Operating Expenses,Depreciation & Amort.,Spain,Services,-19847,-22207,-21638
2025-02-01,16,Other,Interest Income,Spain,Services,4302,4845,4798
2025-02-01,17,Other,Interest Expense,Spain,Services,-10142,-11305,-11494
2025-02-01,18,Other,FX Gain/(Loss),Spain,Services,-5598,-6056,-5831
2025-02-01,19,Other,Other Income/(Expense),Spain,Services,7325,8075,7733
2025-02-01,20,Other,Income Tax,Spain,Services,-34110,-36338,-36332
2025-02-01,1,Revenue,Product Revenue,Spain,Hardware,409936,453898,438926
2025-02-01,2,Revenue,Subscription Revenue,Spain,Hardware,302942,340424,331834
2025-02-01,3,Revenue,Service Revenue,Spain,Hardware,185528,198581,193097
2025-02-01,4,Revenue,Support & Maintenance,Spain,Hardware,92832,102127,102857
2025-02-01,5,COGS,Direct Materials,Spain,Hardware,-127424,-139970,-137483
2025-02-01,6,COGS,Direct Labor,Spain,Hardware,-116888,-129203,-130338
2025-02-01,7,COGS,Cloud & Hosting,Spain,Hardware,-60148,-64601,-61387
2025-02-01,8,COGS,Support Delivery,Spain,Hardware,-44861,-48451,-49235
2025-02-01,9,Operating Expenses,Sales,Spain,Hardware,-89028,-96902,-97034
2025-02-01,10,Operating Expenses,Marketing,Spain,Hardware,-72821,-80752,-77224
2025-02-01,11,Operating Expenses,Research & Development,Spain,Hardware,-111925,-118436,-119526
2025-02-01,12,Operating Expenses,General & Administrative,Spain,Hardware,-61489,-69985,-66508
2025-02-01,13,Operating Expenses,IT & Systems,Spain,Hardware,-35382,-37684,-36974
2025-02-01,14,Operating Expenses,Facilities & Rent,Spain,Hardware,-28793,-32301,-31232
2025-02-01,15,Operating Expenses,Depreciation & Amort.,Spain,Hardware,-26754,-29609,-29072
2025-02-01,16,Other,Interest Income,Spain,Hardware,5909,6460,6441
2025-02-01,17,Other,Interest Expense,Spain,Hardware,-13525,-15074,-14998
2025-02-01,18,Other,FX Gain/(Loss),Spain,Hardware,-7202,-8075,-8068
2025-02-01,19,Other,Other Income/(Expense),Spain,Hardware,-9704,-10767,-10947
2025-02-01,20,Other,Income Tax,Spain,Hardware,-43339,-48451,-48556
2025-02-01,1,Revenue,Product Revenue,Italy,Software,581579,661935,631845
2025-02-01,2,Revenue,Subscription Revenue,Italy,Software,442224,496451,484743
2025-02-01,3,Revenue,Service Revenue,Italy,Software,255953,289597,277402
2025-02-01,4,Revenue,Support & Maintenance,Italy,Software,141701,148935,142333
2025-02-01,5,COGS,Direct Materials,Italy,Software,-193655,-204122,-200582
2025-02-01,6,COGS,Direct Labor,Italy,Software,-165502,-188421,-183226
2025-02-01,7,COGS,Cloud & Hosting,Italy,Software,-86404,-94210,-94644
2025-02-01,8,COGS,Support Delivery,Italy,Software,-64145,-70658,-71913
2025-02-01,9,Operating Expenses,Sales,Italy,Software,-130490,-141315,-135339
2025-02-01,10,Operating Expenses,Marketing,Italy,Software,-104905,-117763,-112109
2025-02-01,11,Operating Expenses,Research & Development,Italy,Software,-161189,-172719,-164807
2025-02-01,12,Operating Expenses,General & Administrative,Italy,Software,-94338,-102061,-99822
2025-02-01,13,Operating Expenses,IT & Systems,Italy,Software,-49853,-54956,-52709
2025-02-01,14,Operating Expenses,Facilities & Rent,Italy,Software,-42665,-47105,-47357
2025-02-01,15,Operating Expenses,Depreciation & Amort.,Italy,Software,-38607,-43180,-43153
2025-02-01,16,Other,Interest Income,Italy,Software,8359,9421,9362
2025-02-01,17,Other,Interest Expense,Italy,Software,-20348,-21982,-22226
2025-02-01,18,Other,FX Gain/(Loss),Italy,Software,10783,11776,11246
2025-02-01,19,Other,Other Income/(Expense),Italy,Software,-14928,-15702,-15126
2025-02-01,20,Other,Income Tax,Italy,Software,-66363,-70658,-66582
2025-02-01,1,Revenue,Product Revenue,Italy,Services,372657,397161,377717
2025-02-01,2,Revenue,Subscription Revenue,Italy,Services,263746,297871,289294
2025-02-01,3,Revenue,Service Revenue,Italy,Services,160728,173758,169264
2025-02-01,4,Revenue,Support & Maintenance,Italy,Services,83920,89361,89587
2025-02-01,5,COGS,Direct Materials,Italy,Services,-110724,-122473,-124777
2025-02-01,6,COGS,Direct Labor,Italy,Services,-107245,-113052,-115247
2025-02-01,7,COGS,Cloud & Hosting,Italy,Services,-52315,-56526,-54750
2025-02-01,8,COGS,Support Delivery,Italy,Services,-40222,-42395,-40396
2025-02-01,9,Operating Expenses,Sales,Italy,Services,-78806,-84789,-80333
2025-02-01,10,Operating Expenses,Marketing,Italy,Services,-66057,-70658,-71560
2025-02-01,11,Operating Expenses,Research & Development,Italy,Services,-97227,-103631,-99263
2025-02-01,12,Operating Expenses,General & Administrative,Italy,Services,-55837,-61237,-61848
2025-02-01,13,Operating Expenses,IT & Systems,Italy,Services,-29763,-32974,-31279
2025-02-01,14,Operating Expenses,Facilities & Rent,Italy,Services,-26709,-28263,-28072
2025-02-01,15,Operating Expenses,Depreciation & Amort.,Italy,Services,-23952,-25908,-26251
2025-02-01,16,Other,Interest Income,Italy,Services,5305,5653,5722
2025-02-01,17,Other,Interest Expense,Italy,Services,-11980,-13189,-12673
2025-02-01,18,Other,FX Gain/(Loss),Italy,Services,6241,7066,7134
2025-02-01,19,Other,Other Income/(Expense),Italy,Services,8556,9421,9227
2025-02-01,20,Other,Income Tax,Italy,Services,-40291,-42395,-42762
2025-02-01,1,Revenue,Product Revenue,Italy,Hardware,471499,529548,531039
2025-02-01,2,Revenue,Subscription Revenue,Italy,Hardware,349085,397161,386629
2025-02-01,3,Revenue,Service Revenue,Italy,Hardware,210704,231677,224690
2025-02-01,4,Revenue,Support & Maintenance,Italy,Hardware,112263,119148,117118
2025-02-01,5,COGS,Direct Materials,Italy,Hardware,-150411,-163298,-159931
2025-02-01,6,COGS,Direct Labor,Italy,Hardware,-139213,-150736,-148362
2025-02-01,7,COGS,Cloud & Hosting,Italy,Hardware,-69338,-75368,-75329
2025-02-01,8,COGS,Support Delivery,Italy,Hardware,-52991,-56526,-55166
2025-02-01,9,Operating Expenses,Sales,Italy,Hardware,-105063,-113052,-111102
2025-02-01,10,Operating Expenses,Marketing,Italy,Hardware,-87310,-94210,-93810
2025-02-01,11,Operating Expenses,Research & Development,Italy,Hardware,-126910,-138175,-134933
2025-02-01,12,Operating Expenses,General & Administrative,Italy,Hardware,-76243,-81649,-76963
2025-02-01,13,Operating Expenses,IT & Systems,Italy,Hardware,-41516,-43965,-44054
2025-02-01,14,Operating Expenses,Facilities & Rent,Italy,Hardware,-33495,-37684,-37172
2025-02-01,15,Operating Expenses,Depreciation & Amort.,Italy,Hardware,-32270,-34544,-32787
2025-02-01,16,Other,Interest Income,Italy,Hardware,6852,7537,7626
2025-02-01,17,Other,Interest Expense,Italy,Hardware,-16550,-17586,-17401
2025-02-01,18,Other,FX Gain/(Loss),Italy,Hardware,-8281,-9421,-9496
2025-02-01,19,Other,Other Income/(Expense),Italy,Hardware,-11042,-12561,-12602
2025-02-01,20,Other,Income Tax,Italy,Hardware,-53302,-56526,-53777
2025-02-01,1,Revenue,Product Revenue,United States,Software,1338881,1512995,1535814
2025-02-01,2,Revenue,Subscription Revenue,United States,Software,1017185,1134746,1107154
2025-02-01,3,Revenue,Service Revenue,United States,Software,612637,661935,629658
2025-02-01,4,Revenue,Support & Maintenance,United States,Software,307406,340424,338369
2025-02-01,5,COGS,Direct Materials,United States,Software,-409943,-466565,-470293
2025-02-01,6,COGS,Direct Labor,United States,Software,-399730,-430676,-410041
2025-02-01,7,COGS,Cloud & Hosting,United States,Software,-189740,-215338,-218857
2025-02-01,8,COGS,Support Delivery,United States,Software,-147376,-161503,-156068
2025-02-01,9,Operating Expenses,Sales,United States,Software,-307171,-323007,-309836
2025-02-01,10,Operating Expenses,Marketing,United States,Software,-239119,-269172,-256556
2025-02-01,11,Operating Expenses,Research & Development,United States,Software,-356944,-394786,-372941
2025-02-01,12,Operating Expenses,General & Administrative,United States,Software,-210172,-233283,-219684
2025-02-01,13,Operating Expenses,IT & Systems,United States,Software,-118911,-125614,-127879
2025-02-01,14,Operating Expenses,Facilities & Rent,United States,Software,-95423,-107669,-107995
2025-02-01,15,Operating Expenses,Depreciation & Amort.,United States,Software,-91782,-98697,-99819
2025-02-01,16,Other,Interest Income,United States,Software,20479,21534,20543
2025-02-01,17,Other,Interest Expense,United States,Software,-44865,-50245,-49058
2025-02-01,18,Other,FX Gain/(Loss),United States,Software,-24557,-26917,-26467
2025-02-01,19,Other,Other Income/(Expense),United States,Software,-33945,-35890,-35961
2025-02-01,20,Other,Income Tax,United States,Software,-143169,-161503,-156894
2025-02-01,1,Revenue,Product Revenue,United States,Services,840567,907797,896676
2025-02-01,2,Revenue,Subscription Revenue,United States,Services,632594,680848,660273
2025-02-01,3,Revenue,Service Revenue,United States,Services,368788,397161,376960
2025-02-01,4,Revenue,Support & Maintenance,United States,Services,188811,204254,196926
2025-02-01,5,COGS,Direct Materials,United States,Services,-251870,-279939,-265974
2025-02-01,6,COGS,Direct Labor,United States,Services,-238975,-258405,-258774
2025-02-01,7,COGS,Cloud & Hosting,United States,Services,-121890,-129203,-128339
2025-02-01,8,COGS,Support Delivery,United States,Services,-89953,-96902,-95927
2025-02-01,9,Operating Expenses,Sales,United States,Services,-179674,-193804,-185408
2025-02-01,10,Operating Expenses,Marketing,United States,Services,-153659,-161503,-160485
2025-02-01,11,Operating Expenses,Research & Development,United States,Services,-222862,-236872,-230175
2025-02-01,12,Operating Expenses,General & Administrative,United States,Services,-132812,-139970,-132203
2025-02-01,13,Operating Expenses,IT & Systems,United States,Services,-67577,-75368,-72815
2025-02-01,14,Operating Expenses,Facilities & Rent,United States,Services,-60359,-64601,-65760
2025-02-01,15,Operating Expenses,Depreciation & Amort.,United States,Services,-55538,-59218,-56629
2025-02-01,16,Other,Interest Income,United States,Services,11983,12920,12229
2025-02-01,17,Other,Interest Expense,United States,Services,-26668,-30147,-28874
2025-02-01,18,Other,FX Gain/(Loss),United States,Services,-15089,-16150,-16041
2025-02-01,19,Other,Other Income/(Expense),United States,Services,-20483,-21534,-21099
2025-02-01,20,Other,Income Tax,United States,Services,-90053,-96902,-94828
2025-02-01,1,Revenue,Product Revenue,United States,Hardware,1132330,1210396,1171902
2025-02-01,2,Revenue,Subscription Revenue,United States,Hardware,817010,907797,888665
2025-02-01,3,Revenue,Service Revenue,United States,Hardware,467156,529548,533075
2025-02-01,4,Revenue,Support & Maintenance,United States,Hardware,257347,272339,256527
2025-02-01,5,COGS,Direct Materials,United States,Hardware,-350342,-373252,-377527
2025-02-01,6,COGS,Direct Labor,United States,Hardware,-310760,-344541,-324288
2025-02-01,7,COGS,Cloud & Hosting,United States,Hardware,-159409,-172270,-171153
2025-02-01,8,COGS,Support Delivery,United States,Hardware,-119322,-129203,-124539
2025-02-01,9,Operating Expenses,Sales,United States,Hardware,-234423,-258405,-259869
2025-02-01,10,Operating Expenses,Marketing,United States,Hardware,-191172,-215338,-204778
2025-02-01,11,Operating Expenses,Research & Development,United States,Hardware,-289357,-315829,-305891
2025-02-01,12,Operating Expenses,General & Administrative,United States,Hardware,-171359,-186626,-184628
2025-02-01,13,Operating Expenses,IT & Systems,United States,Hardware,-91400,-100491,-102146
2025-02-01,14,Operating Expenses,Facilities & Rent,United States,Hardware,-80707,-86135,-85342
2025-02-01,15,Operating Expenses,Depreciation & Amort.,United States,Hardware,-73533,-78957,-75844
2025-02-01,16,Other,Interest Income,United States,Hardware,15744,17227,17050
2025-02-01,17,Other,Interest Expense,United States,Hardware,-36556,-40196,-38963
2025-02-01,18,Other,FX Gain/(Loss),United States,Hardware,20075,21534,21197
2025-02-01,19,Other,Other Income/(Expense),United States,Hardware,25314,28712,28223
2025-02-01,20,Other,Income Tax,United States,Hardware,-119459,-129203,-127280
2025-02-01,1,Revenue,Product Revenue,Nordics,Software,416772,472811,463491
2025-02-01,2,Revenue,Subscription Revenue,Nordics,Software,327119,354608,354848
2025-02-01,3,Revenue,Service Revenue,Nordics,Software,192841,206855,204578
2025-02-01,4,Revenue,Support & Maintenance,Nordics,Software,97676,106382,106800
2025-02-01,5,COGS,Direct Materials,Nordics,Software,-132224,-145802,-140246
2025-02-01,6,COGS,Direct Labor,Nordics,Software,-125626,-134586,-128953
2025-02-01,7,COGS,Cloud & Hosting,Nordics,Software,-60569,-67293,-63483
2025-02-01,8,COGS,Support Delivery,Nordics,Software,-45002,-50470,-50477
2025-02-01,9,Operating Expenses,Sales,Nordics,Software,-91236,-100940,-95179
2025-02-01,10,Operating Expenses,Marketing,Nordics,Software,-79927,-84116,-79868
2025-02-01,11,Operating Expenses,Research & Development,Nordics,Software,-115287,-123371,-118232
2025-02-01,12,Operating Expenses,General & Administrative,Nordics,Software,-69104,-72901,-71970
2025-02-01,13,Operating Expenses,IT & Systems,Nordics,Software,-35098,-39254,-37484
2025-02-01,14,Operating Expenses,Facilities & Rent,Nordics,Software,-30935,-33647,-33779
2025-02-01,15,Operating Expenses,Depreciation & Amort.,Nordics,Software,-28227,-30843,-30403
2025-02-01,16,Other,Interest Income,Nordics,Software,6369,6729,6380
2025-02-01,17,Other,Interest Expense,Nordics,Software,-13835,-15702,-14860
2025-02-01,18,Other,FX Gain/(Loss),Nordics,Software,-7950,-8412,-8037
2025-02-01,19,Other,Other Income/(Expense),Nordics,Software,-10663,-11216,-10858
2025-02-01,20,Other,Income Tax,Nordics,Software,-44585,-50470,-51288
2025-02-01,1,Revenue,Product Revenue,Nordics,Services,255343,283686,276705
2025-02-01,2,Revenue,Subscription Revenue,Nordics,Services,200323,212765,216635
2025-02-01,3,Revenue,Service Revenue,Nordics,Services,113876,124113,119793
2025-02-01,4,Revenue,Support & Maintenance,Nordics,Services,59226,63829,63089
2025-02-01,5,COGS,Direct Materials,Nordics,Services,-77785,-87481,-87628
2025-02-01,6,COGS,Direct Labor,Nordics,Services,-72651,-80752,-77915
2025-02-01,7,COGS,Cloud & Hosting,Nordics,Services,-36218,-40376,-40079
2025-02-01,8,COGS,Support Delivery,Nordics,Services,-27346,-30282,-29481
2025-02-01,9,Operating Expenses,Sales,Nordics,Services,-54836,-60564,-57843
2025-02-01,10,Operating Expenses,Marketing,Nordics,Services,-47912,-50470,-51249
2025-02-01,11,Operating Expenses,Research & Development,Nordics,Services,-66028,-74022,-71162
2025-02-01,12,Operating Expenses,General & Administrative,Nordics,Services,-40494,-43740,-43348
2025-02-01,13,Operating Expenses,IT & Systems,Nordics,Services,-21031,-23553,-22659
2025-02-01,14,Operating Expenses,Facilities & Rent,Nordics,Services,-19007,-20188,-20469
2025-02-01,15,Operating Expenses,Depreciation & Amort.,Nordics,Services,-17221,-18506,-18724
2025-02-01,16,Other,Interest Income,Nordics,Services,3643,4038,3899
2025-02-01,17,Other,Interest Expense,Nordics,Services,-8939,-9421,-9398
2025-02-01,18,Other,FX Gain/(Loss),Nordics,Services,-4646,-5047,-4982
2025-02-01,19,Other,Other Income/(Expense),Nordics,Services,-5990,-6729,-6493
2025-02-01,20,Other,Income Tax,Nordics,Services,-26969,-30282,-29222
2025-02-01,1,Revenue,Product Revenue,Nordics,Hardware,352564,378249,383362
2025-02-01,2,Revenue,Subscription Revenue,Nordics,Hardware,262522,283686,270696
2025-02-01,3,Revenue,Service Revenue,Nordics,Hardware,151176,165484,165916
2025-02-01,4,Revenue,Support & Maintenance,Nordics,Hardware,79970,85106,85152
2025-02-01,5,COGS,Direct Materials,Nordics,Hardware,-104505,-116641,-114414
2025-02-01,6,COGS,Direct Labor,Nordics,Hardware,-100372,-107669,-107263
2025-02-01,7,COGS,Cloud & Hosting,Nordics,Hardware,-49140,-53834,-52352
2025-02-01,8,COGS,Support Delivery,Nordics,Hardware,-37447,-40376,-40603
2025-02-01,9,Operating Expenses,Sales,Nordics,Hardware,-72309,-80752,-80668
2025-02-01,10,Operating Expenses,Marketing,Nordics,Hardware,-61485,-67293,-63822
2025-02-01,11,Operating Expenses,Research & Development,Nordics,Hardware,-88688,-98697,-96074
2025-02-01,12,Operating Expenses,General & Administrative,Nordics,Hardware,-53878,-58321,-55661
2025-02-01,13,Operating Expenses,IT & Systems,Nordics,Hardware,-27737,-31403,-29744
2025-02-01,14,Operating Expenses,Facilities & Rent,Nordics,Hardware,-23837,-26917,-25490
2025-02-01,15,Operating Expenses,Depreciation & Amort.,Nordics,Hardware,-22642,-24674,-25011
2025-02-01,16,Other,Interest Income,Nordics,Hardware,5063,5383,5328
2025-02-01,17,Other,Interest Expense,Nordics,Hardware,-11658,-12561,-12457
2025-02-01,18,Other,FX Gain/(Loss),Nordics,Hardware,6200,6729,6850
2025-02-01,19,Other,Other Income/(Expense),Nordics,Hardware,8070,8972,9068
2025-02-01,20,Other,Income Tax,Nordics,Hardware,-36557,-40376,-40378
2025-03-01,1,Revenue,Product Revenue,France,Software,784211,884544,881851
2025-03-01,2,Revenue,Subscription Revenue,France,Software,602785,663408,650303
2025-03-01,3,Revenue,Service Revenue,France,Software,362696,386988,382415
2025-03-01,4,Revenue,Support & Maintenance,France,Software,186347,199022,199550
2025-03-01,5,COGS,Direct Materials,France,Software,-262466,-287477,-273735
2025-03-01,6,COGS,Direct Labor,France,Software,-248092,-265363,-254918
2025-03-01,7,COGS,Cloud & Hosting,France,Software,-125891,-132682,-133210
2025-03-01,8,COGS,Support Delivery,France,Software,-91642,-99511,-100954
2025-03-01,9,Operating Expenses,Sales,France,Software,-180472,-199022,-198179
2025-03-01,10,Operating Expenses,Marketing,France,Software,-153289,-165852,-157210
2025-03-01,11,Operating Expenses,Research & Development,France,Software,-221614,-243250,-235323
2025-03-01,12,Operating Expenses,General & Administrative,France,Software,-133913,-143738,-143968
2025-03-01,13,Operating Expenses,IT & Systems,France,Software,-68527,-77398,-78648
2025-03-01,14,Operating Expenses,Facilities & Rent,France,Software,-60860,-66341,-65460
2025-03-01,15,Operating Expenses,Depreciation & Amort.,France,Software,-55330,-60812,-61721
2025-03-01,16,Other,Interest Income,France,Software,12313,13268,13343
2025-03-01,17,Other,Interest Expense,France,Software,-27225,-30959,-29559
2025-03-01,18,Other,FX Gain/(Loss),France,Software,-15190,-16585,-16037
2025-03-01,19,Other,Other Income/(Expense),France,Software,19973,22114,21877
2025-03-01,20,Other,Income Tax,France,Software,-87883,-99511,-97403
2025-03-01,1,Revenue,Product Revenue,France,Services,500252,530726,512203
2025-03-01,2,Revenue,Subscription Revenue,France,Services,364836,398045,380781
2025-03-01,3,Revenue,Service Revenue,France,Services,218373,232193,231103
2025-03-01,4,Revenue,Support & Maintenance,France,Services,110551,119413,118813
2025-03-01,5,COGS,Direct Materials,France,Services,-158496,-172486,-163183
2025-03-01,6,COGS,Direct Labor,France,Services,-145923,-159218,-160138
2025-03-01,7,COGS,Cloud & Hosting,France,Services,-74236,-79609,-81100
2025-03-01,8,COGS,Support Delivery,France,Services,-55390,-59707,-57929
2025-03-01,9,Operating Expenses,Sales,France,Services,-106525,-119413,-119525
2025-03-01,10,Operating Expenses,Marketing,France,Services,-89921,-99511,-94509
2025-03-01,11,Operating Expenses,Research & Development,France,Services,-137850,-145950,-140055
2025-03-01,12,Operating Expenses,General & Administrative,France,Services,-81077,-86243,-83882
2025-03-01,13,Operating Expenses,IT & Systems,France,Services,-41020,-46439,-44478
2025-03-01,14,Operating Expenses,Facilities & Rent,France,Services,-37561,-39804,-39092
2025-03-01,15,Operating Expenses,Depreciation & Amort.,France,Services,-33578,-36487,-35084
2025-03-01,16,Other,Interest Income,France,Services,7407,7961,7690
2025-03-01,17,Other,Interest Expense,France,Services,-17621,-18575,-18506
2025-03-01,18,Other,FX Gain/(Loss),France,Services,9286,9951,9708
2025-03-01,19,Other,Other Income/(Expense),France,Services,12433,13268,12770
2025-03-01,20,Other,Income Tax,France,Services,-56482,-59707,-60046
2025-03-01,1,Revenue,Product Revenue,France,Hardware,665529,707635,676849
2025-03-01,2,Revenue,Subscription Revenue,France,Hardware,476804,530726,514027
2025-03-01,3,Revenue,Service Revenue,France,Hardware,291343,309590,295171
2025-03-01,4,Revenue,Support & Maintenance,France,Hardware,148039,159218,154028
2025-03-01,5,COGS,Direct Materials,France,Hardware,-213100,-229981,-234261
2025-03-01,6,COGS,Direct Labor,France,Hardware,-186907,-212291,-214491
2025-03-01,7,COGS,Cloud & Hosting,France,Hardware,-95731,-106145,-102946
2025-03-01,8,COGS,Support Delivery,France,Hardware,-74255,-79609,-79695
2025-03-01,9,Operating Expenses,Sales,France,Hardware,-148214,-159218,-155267
2025-03-01,10,Operating Expenses,Marketing,France,Hardware,-119329,-132682,-133015
2025-03-01,11,Operating Expenses,Research & Development,France,Hardware,-184928,-194600,-195681
2025-03-01,12,Operating Expenses,General & Administrative,France,Hardware,-101934,-114991,-115457
2025-03-01,13,Operating Expenses,IT & Systems,France,Hardware,-56931,-61918,-58420
2025-03-01,14,Operating Expenses,Facilities & Rent,France,Hardware,-46890,-53073,-51066
2025-03-01,15,Operating Expenses,Depreciation & Amort.,France,Hardware,-45516,-48650,-48452
2025-03-01,16,Other,Interest Income,France,Hardware,9705,10615,10155
2025-03-01,17,Other,Interest Expense,France,Hardware,-22252,-24767,-25098
2025-03-01,18,Other,FX Gain/(Loss),France,Hardware,-12306,-13268,-12814
2025-03-01,19,Other,Other Income/(Expense),France,Hardware,-15681,-17691,-16888
2025-03-01,20,Other,Income Tax,France,Hardware,-74434,-79609,-79239
2025-03-01,1,Revenue,Product Revenue,Germany,Software,992765,1061453,1012234
2025-03-01,2,Revenue,Subscription Revenue,Germany,Software,737131,796090,775949
2025-03-01,3,Revenue,Service Revenue,Germany,Software,439889,464386,450740
2025-03-01,4,Revenue,Support & Maintenance,Germany,Software,221831,238827,236028
2025-03-01,5,COGS,Direct Materials,Germany,Software,-321904,-344972,-326336
2025-03-01,6,COGS,Direct Labor,Germany,Software,-288696,-318436,-300122
2025-03-01,7,COGS,Cloud & Hosting,Germany,Software,-150757,-159218,-156576
2025-03-01,8,COGS,Support Delivery,Germany,Software,-107090,-119413,-117980
2025-03-01,9,Operating Expenses,Sales,Germany,Software,-219541,-238827,-233345
2025-03-01,10,Operating Expenses,Marketing,Germany,Software,-177279,-199022,-199549
2025-03-01,11,Operating Expenses,Research & Development,Germany,Software,-263998,-291900,-278435
2025-03-01,12,Operating Expenses,General & Administrative,Germany,Software,-161214,-172486,-169340
2025-03-01,13,Operating Expenses,IT & Systems,Germany,Software,-88158,-92877,-88194
2025-03-01,14,Operating Expenses,Facilities & Rent,Germany,Software,-73774,-79609,-80292
2025-03-01,15,Operating Expenses,Depreciation & Amort.,Germany,Software,-68203,-72975,-71145
2025-03-01,16,Other,Interest Income,Germany,Software,14402,15922,15233
2025-03-01,17,Other,Interest Expense,Germany,Software,-32729,-37151,-35146
2025-03-01,18,Other,FX Gain/(Loss),Germany,Software,18026,19902,19527
2025-03-01,19,Other,Other Income/(Expense),Germany,Software,-24101,-26536,-26935
2025-03-01,20,Other,Income Tax,Germany,Software,-108093,-119413,-119868
2025-03-01,1,Revenue,Product Revenue,Germany,Services,563202,636872,614146
2025-03-01,2,Revenue,Subscription Revenue,Germany,Services,424600,477654,457812
2025-03-01,3,Revenue,Service Revenue,Germany,Services,252053,278631,266069
2025-03-01,4,Revenue,Support & Maintenance,Germany,Services,131115,143296,140598
2025-03-01,5,COGS,Direct Materials,Germany,Services,-192116,-206983,-199111
2025-03-01,6,COGS,Direct Labor,Germany,Services,-169148,-191062,-181354
2025-03-01,7,COGS,Cloud & Hosting,Germany,Services,-85258,-95531,-92266
2025-03-01,8,COGS,Support Delivery,Germany,Services,-64553,-71648,-69142
2025-03-01,9,Operating Expenses,Sales,Germany,Services,-130529,-143296,-136215
2025-03-01,10,Operating Expenses,Marketing,Germany,Services,-110703,-119413,-114016
2025-03-01,11,Operating Expenses,Research & Development,Germany,Services,-160621,-175140,-172305
2025-03-01,12,Operating Expenses,General & Administrative,Germany,Services,-92070,-103492,-98750
2025-03-01,13,Operating Expenses,IT & Systems,Germany,Services,-52317,-55726,-55166
2025-03-01,14,Operating Expenses,Facilities & Rent,Germany,Services,-42268,-47765,-47097
2025-03-01,15,Operating Expenses,Depreciation & Amort.,Germany,Services,-40428,-43785,-43569
2025-03-01,16,Other,Interest Income,Germany,Services,8566,9553,9233
2025-03-01,17,Other,Interest Expense,Germany,Services,-21205,-22291,-21450
2025-03-01,18,Other,FX Gain/(Loss),Germany,Services,11162,11941,11814
2025-03-01,19,Other,Other Income/(Expense),Germany,Services,15044,15922,15205
2025-03-01,20,Other,Income Tax,Germany,Services,-67329,-71648,-70636
2025-03-01,1,Revenue,Product Revenue,Germany,Hardware,787738,849162,856346
2025-03-01,2,Revenue,Subscription Revenue,Germany,Hardware,570986,636872,639885
2025-03-01,3,Revenue,Service Revenue,Germany,Hardware,339691,371508,360477
2025-03-01,4,Revenue,Support & Maintenance,Germany,Hardware,178272,191062,190459
2025-03-01,5,COGS,Direct Materials,Germany,Hardware,-257927,-275978,-279462
2025-03-01,6,COGS,Direct Labor,Germany,Hardware,-232888,-254749,-252890
2025-03-01,7,COGS,Cloud & Hosting,Germany,Hardware,-111963,-127374,-127488
2025-03-01,8,COGS,Support Delivery,Germany,Hardware,-90645,-95531,-95853
2025-03-01,9,Operating Expenses,Sales,Germany,Hardware,-169163,-191062,-183757
2025-03-01,10,Operating Expenses,Marketing,Germany,Hardware,-140938,-159218,-160126
2025-03-01,11,Operating Expenses,Research & Development,Germany,Hardware,-206946,-233520,-229706
2025-03-01,12,Operating Expenses,General & Administrative,Germany,Hardware,-122232,-137989,-137222
2025-03-01,13,Operating Expenses,IT & Systems,Germany,Hardware,-66762,-74302,-73897
2025-03-01,14,Operating Expenses,Facilities & Rent,Germany,Hardware,-60348,-63687,-60889
2025-03-01,15,Operating Expenses,Depreciation & Amort.,Germany,Hardware,-52075,-58380,-57136
2025-03-01,16,Other,Interest Income,Germany,Hardware,12117,12737,12115
2025-03-01,17,Other,Interest Expense,Germany,Hardware,-26882,-29721,-28267
2025-03-01,18,Other,FX Gain/(Loss),Germany,Hardware,14183,15922,15944
2025-03-01,19,Other,Other Income/(Expense),Germany,Hardware,18703,21229,21062
2025-03-01,20,Other,Income Tax,Germany,Hardware,-84709,-95531,-91256
2025-03-01,1,Revenue,Product Revenue,United Kingdom,Software,705980,796090,764479
2025-03-01,2,Revenue,Subscription Revenue,United Kingdom,Software,555928,597067,604376
2025-03-01,3,Revenue,Service Revenue,United Kingdom,Software,311997,348289,343685
2025-03-01,4,Revenue,Support & Maintenance,United Kingdom,Software,158989,179120,180930
2025-03-01,5,COGS,Direct Materials,United Kingdom,Software,-243531,-258729,-253825
2025-03-01,6,COGS,Direct Labor,United Kingdom,Software,-225653,-238827,-232430
2025-03-01,7,COGS,Cloud & Hosting,United Kingdom,Software,-108125,-119413,-116409
2025-03-01,8,COGS,Support Delivery,United Kingdom,Software,-84788,-89560,-90869
2025-03-01,9,Operating Expenses,Sales,United Kingdom,Software,-165502,-179120,-172786
2025-03-01,10,Operating Expenses,Marketing,United Kingdom,Software,-141968,-149267,-149604
2025-03-01,11,Operating Expenses,Research & Development,United Kingdom,Software,-206955,-218925,-220034
2025-03-01,12,Operating Expenses,General & Administrative,United Kingdom,Software,-121871,-129365,-123543
2025-03-01,13,Operating Expenses,IT & Systems,United Kingdom,Software,-64199,-69658,-70165
2025-03-01,14,Operating Expenses,Facilities & Rent,United Kingdom,Software,-55534,-59707,-57995
2025-03-01,15,Operating Expenses,Depreciation & Amort.,United Kingdom,Software,-48648,-54731,-52588
2025-03-01,16,Other,Interest Income,United Kingdom,Software,10972,11941,11843
2025-03-01,17,Other,Interest Expense,United Kingdom,Software,-25991,-27863,-26649
2025-03-01,18,Other,FX Gain/(Loss),United Kingdom,Software,-13845,-14927,-15195
2025-03-01,19,Other,Other Income/(Expense),United Kingdom,Software,-17494,-19902,-19448
2025-03-01,20,Other,Income Tax,United Kingdom,Software,-82662,-89560,-89094
2025-03-01,1,Revenue,Product Revenue,United Kingdom,Services,437496,477654,481037
2025-03-01,2,Revenue,Subscription Revenue,United Kingdom,Services,336848,358240,352224
2025-03-01,3,Revenue,Service Revenue,United Kingdom,Services,191672,208974,212406
2025-03-01,4,Revenue,Support & Maintenance,United Kingdom,Services,95394,107472,108855
2025-03-01,5,COGS,Direct Materials,United Kingdom,Services,-138142,-155237,-147398
2025-03-01,6,COGS,Direct Labor,United Kingdom,Services,-126988,-143296,-137148
2025-03-01,7,COGS,Cloud & Hosting,United Kingdom,Services,-64112,-71648,-69830
2025-03-01,8,COGS,Support Delivery,United Kingdom,Services,-48864,-53736,-54353
2025-03-01,9,Operating Expenses,Sales,United Kingdom,Services,-100017,-107472,-103644
2025-03-01,10,Operating Expenses,Marketing,United Kingdom,Services,-80724,-89560,-88620
2025-03-01,11,Operating Expenses,Research & Development,United Kingdom,Services,-119221,-131355,-131397
2025-03-01,12,Operating Expenses,General & Administrative,United Kingdom,Services,-72680,-77619,-73091
2025-03-01,13,Operating Expenses,IT & Systems,United Kingdom,Services,-37473,-41795,-41892
2025-03-01,14,Operating Expenses,Facilities & Rent,United Kingdom,Services,-31601,-35824,-34783
2025-03-01,15,Operating Expenses,Depreciation & Amort.,United Kingdom,Services,-29800,-32839,-32456
2025-03-01,16,Other,Interest Income,United Kingdom,Services,6313,7165,7110
2025-03-01,17,Other,Interest Expense,United Kingdom,Services,-14817,-16718,-16087
2025-03-01,18,Other,FX Gain/(Loss),United Kingdom,Services,-8422,-8956,-9084
2025-03-01,19,Other,Other Income/(Expense),United Kingdom,Services,-10611,-11941,-11979
2025-03-01,20,Other,Income Tax,United Kingdom,Services,-47493,-53736,-50747
2025-03-01,1,Revenue,Product Revenue,United Kingdom,Hardware,562210,636872,634591
2025-03-01,2,Revenue,Subscription Revenue,United Kingdom,Hardware,429164,477654,479772
2025-03-01,3,Revenue,Service Revenue,United Kingdom,Hardware,257829,278631,281398
2025-03-01,4,Revenue,Support & Maintenance,United Kingdom,Hardware,130254,143296,139284
2025-03-01,5,COGS,Direct Materials,United Kingdom,Hardware,-194231,-206983,-206543
2025-03-01,6,COGS,Direct Labor,United Kingdom,Hardware,-179922,-191062,-182021
2025-03-01,7,COGS,Cloud & Hosting,United Kingdom,Hardware,-90081,-95531,-93180
2025-03-01,8,COGS,Support Delivery,United Kingdom,Hardware,-65784,-71648,-69110
2025-03-01,9,Operating Expenses,Sales,United Kingdom,Hardware,-130969,-143296,-143247
2025-03-01,10,Operating Expenses,Marketing,United Kingdom,Hardware,-106866,-119413,-113354
2025-03-01,11,Operating Expenses,Research & Development,United Kingdom,Hardware,-158030,-175140,-173199
2025-03-01,12,Operating Expenses,General & Administrative,United Kingdom,Hardware,-96325,-103492,-102332
2025-03-01,13,Operating Expenses,IT & Systems,United Kingdom,Hardware,-49328,-55726,-53241
2025-03-01,14,Operating Expenses,Facilities & Rent,United Kingdom,Hardware,-43160,-47765,-48515
2025-03-01,15,Operating Expenses,Depreciation & Amort.,United Kingdom,Hardware,-38697,-43785,-44400
2025-03-01,16,Other,Interest Income,United Kingdom,Hardware,8927,9553,9493
2025-03-01,17,Other,Interest Expense,United Kingdom,Hardware,-20288,-22291,-21268
2025-03-01,18,Other,FX Gain/(Loss),United Kingdom,Hardware,-10554,-11941,-11280
2025-03-01,19,Other,Other Income/(Expense),United Kingdom,Hardware,15094,15922,15824
2025-03-01,20,Other,Income Tax,United Kingdom,Hardware,-66051,-71648,-67702
2025-03-01,1,Revenue,Product Revenue,Spain,Software,484980,530726,528334
2025-03-01,2,Revenue,Subscription Revenue,Spain,Software,360514,398045,397795
2025-03-01,3,Revenue,Service Revenue,Spain,Software,208831,232193,236019
2025-03-01,4,Revenue,Support & Maintenance,Spain,Software,112740,119413,120659
2025-03-01,5,COGS,Direct Materials,Spain,Software,-163818,-172486,-164865
2025-03-01,6,COGS,Direct Labor,Spain,Software,-144625,-159218,-157921
2025-03-01,7,COGS,Cloud & Hosting,Spain,Software,-71553,-79609,-76788
2025-03-01,8,COGS,Support Delivery,Spain,Software,-56665,-59707,-57704
2025-03-01,9,Operating Expenses,Sales,Spain,Software,-111132,-119413,-116725
2025-03-01,10,Operating Expenses,Marketing,Spain,Software,-91123,-99511,-100952
2025-03-01,11,Operating Expenses,Research & Development,Spain,Software,-136901,-145950,-139147
2025-03-01,12,Operating Expenses,General & Administrative,Spain,Software,-81924,-86243,-86431
2025-03-01,13,Operating Expenses,IT & Systems,Spain,Software,-42651,-46439,-46550
2025-03-01,14,Operating Expenses,Facilities & Rent,Spain,Software,-37291,-39804,-39633
2025-03-01,15,Operating Expenses,Depreciation & Amort.,Spain,Software,-34306,-36487,-34752
2025-03-01,16,Other,Interest Income,Spain,Software,7023,7961,7932
2025-03-01,17,Other,Interest Expense,Spain,Software,-17570,-18575,-18019
2025-03-01,18,Other,FX Gain/(Loss),Spain,Software,-9380,-9951,-9983
2025-03-01,19,Other,Other Income/(Expense),Spain,Software,11933,13268,12940
2025-03-01,20,Other,Income Tax,Spain,Software,-55784,-59707,-60059
2025-03-01,1,Revenue,Product Revenue,Spain,Services,280722,318436,321207
2025-03-01,2,Revenue,Subscription Revenue,Spain,Services,215134,238827,242348
2025-03-01,3,Revenue,Service Revenue,Spain,Services,128553,139316,141283
2025-03-01,4,Revenue,Support & Maintenance,Spain,Services,65448,71648,68596
2025-03-01,5,COGS,Direct Materials,Spain,Services,-97524,-103492,-105030
2025-03-01,6,COGS,Direct Labor,Spain,Services,-87792,-95531,-96660
2025-03-01,7,COGS,Cloud & Hosting,Spain,Services,-41971,-47765,-46439
2025-03-01,8,COGS,Support Delivery,Spain,Services,-33173,-35824,-36080
2025-03-01,9,Operating Expenses,Sales,Spain,Services,-66614,-71648,-70258
2025-03-01,10,Operating Expenses,Marketing,Spain,Services,-55189,-59707,-60067
2025-03-01,11,Operating Expenses,Research & Development,Spain,Services,-77265,-87570,-83583
2025-03-01,12,Operating Expenses,General & Administrative,Spain,Services,-49196,-51746,-49046
2025-03-01,13,Operating Expenses,IT & Systems,Spain,Services,-26186,-27863,-26613
2025-03-01,14,Operating Expenses,Facilities & Rent,Spain,Services,-21172,-23883,-24340
2025-03-01,15,Operating Expenses,Depreciation & Amort.,Spain,Services,-20781,-21892,-21765
2025-03-01,16,Other,Interest Income,Spain,Services,4509,4777,4674
2025-03-01,17,Other,Interest Expense,Spain,Services,-10129,-11145,-10599
2025-03-01,18,Other,FX Gain/(Loss),Spain,Services,-5595,-5971,-5716
2025-03-01,19,Other,Other Income/(Expense),Spain,Services,7058,7961,7724
2025-03-01,20,Other,Income Tax,Spain,Services,-31582,-35824,-34296
2025-03-01,1,Revenue,Product Revenue,Spain,Hardware,390172,424581,428718
2025-03-01,2,Revenue,Subscription Revenue,Spain,Hardware,289208,318436,303394
2025-03-01,3,Revenue,Service Revenue,Spain,Hardware,176754,185754,185558
2025-03-01,4,Revenue,Support & Maintenance,Spain,Hardware,84360,95531,95998
2025-03-01,5,COGS,Direct Materials,Spain,Hardware,-121468,-137989,-130961
2025-03-01,6,COGS,Direct Labor,Spain,Hardware,-121112,-127374,-120928
2025-03-01,7,COGS,Cloud & Hosting,Spain,Hardware,-58272,-63687,-62893
2025-03-01,8,COGS,Support Delivery,Spain,Hardware,-42658,-47765,-46255
2025-03-01,9,Operating Expenses,Sales,Spain,Hardware,-85674,-95531,-93728
2025-03-01,10,Operating Expenses,Marketing,Spain,Hardware,-73382,-79609,-79350
2025-03-01,11,Operating Expenses,Research & Development,Spain,Hardware,-103757,-116760,-116255
2025-03-01,12,Operating Expenses,General & Administrative,Spain,Hardware,-61732,-68994,-67012
2025-03-01,13,Operating Expenses,IT & Systems,Spain,Hardware,-33084,-37151,-37856
2025-03-01,14,Operating Expenses,Facilities & Rent,Spain,Hardware,-30257,-31844,-30655
2025-03-01,15,Operating Expenses,Depreciation & Amort.,Spain,Hardware,-26038,-29190,-28825
2025-03-01,16,Other,Interest Income,Spain,Hardware,5834,6369,6014
2025-03-01,17,Other,Interest Expense,Spain,Hardware,-13275,-14860,-14834
2025-03-01,18,Other,FX Gain/(Loss),Spain,Hardware,7166,7961,7686
2025-03-01,19,Other,Other Income/(Expense),Spain,Hardware,-9350,-10615,-10071
2025-03-01,20,Other,Income Tax,Spain,Hardware,-44420,-47765,-48693
2025-03-01,1,Revenue,Product Revenue,Italy,Software,588425,619181,628660
2025-03-01,2,Revenue,Subscription Revenue,Italy,Software,431475,464386,463823
2025-03-01,3,Revenue,Service Revenue,Italy,Software,251401,270892,265778
2025-03-01,4,Revenue,Support & Maintenance,Italy,Software,132289,139316,135990
2025-03-01,5,COGS,Direct Materials,Italy,Software,-188330,-201234,-195052
2025-03-01,6,COGS,Direct Labor,Italy,Software,-169065,-185754,-182355
2025-03-01,7,COGS,Cloud & Hosting,Italy,Software,-87749,-92877,-94590
2025-03-01,8,COGS,Support Delivery,Italy,Software,-62580,-69658,-69356
2025-03-01,9,Operating Expenses,Sales,Italy,Software,-126345,-139316,-133088
2025-03-01,10,Operating Expenses,Marketing,Italy,Software,-102876,-116096,-111390
2025-03-01,11,Operating Expenses,Research & Development,Italy,Software,-158790,-170275,-163555
2025-03-01,12,Operating Expenses,General & Administrative,Italy,Software,-88604,-100617,-95105
2025-03-01,13,Operating Expenses,IT & Systems,Italy,Software,-49908,-54178,-54365
2025-03-01,14,Operating Expenses,Facilities & Rent,Italy,Software,-42262,-46439,-47028
2025-03-01,15,Operating Expenses,Depreciation & Amort.,Italy,Software,-38669,-42569,-42287
2025-03-01,16,Other,Interest Income,Italy,Software,8543,9288,8925
2025-03-01,17,Other,Interest Expense,Italy,Software,-20011,-21671,-21978
2025-03-01,18,Other,FX Gain/(Loss),Italy,Software,-10739,-11610,-11712
2025-03-01,19,Other,Other Income/(Expense),Italy,Software,13924,15480,15187
2025-03-01,20,Other,Income Tax,Italy,Software,-63423,-69658,-69533
2025-03-01,1,Revenue,Product Revenue,Italy,Services,335090,371508,351432
2025-03-01,2,Revenue,Subscription Revenue,Italy,Services,258202,278631,281862
2025-03-01,3,Revenue,Service Revenue,Italy,Services,153548,162535,153296
2025-03-01,4,Revenue,Support & Maintenance,Italy,Services,79179,83589,81844
2025-03-01,5,COGS,Direct Materials,Italy,Services,-112305,-120740,-121741
2025-03-01,6,COGS,Direct Labor,Italy,Services,-102642,-111453,-107301
2025-03-01,7,COGS,Cloud & Hosting,Italy,Services,-49115,-55726,-53313
2025-03-01,8,COGS,Support Delivery,Italy,Services,-38910,-41795,-41237
2025-03-01,9,Operating Expenses,Sales,Italy,Services,-78829,-83589,-79217
2025-03-01,10,Operating Expenses,Marketing,Italy,Services,-64695,-69658,-69723
2025-03-01,11,Operating Expenses,Research & Development,Italy,Services,-97201,-102165,-99295
2025-03-01,12,Operating Expenses,General & Administrative,Italy,Services,-53658,-60370,-57321
2025-03-01,13,Operating Expenses,IT & Systems,Italy,Services,-30686,-32507,-32123
2025-03-01,14,Operating Expenses,Facilities & Rent,Italy,Services,-26093,-27863,-26296
2025-03-01,15,Operating Expenses,Depreciation & Amort.,Italy,Services,-22615,-25541,-24960
2025-03-01,16,Other,Interest Income,Italy,Services,5099,5573,5673
2025-03-01,17,Other,Interest Expense,Italy,Services,-11636,-13003,-12386
2025-03-01,18,Other,FX Gain/(Loss),Italy,Services,-6395,-6966,-6648
2025-03-01,19,Other,Other Income/(Expense),Italy,Services,8243,9288,9225
2025-03-01,20,Other,Income Tax,Italy,Services,-37193,-41795,-39822
2025-03-01,1,Revenue,Product Revenue,Italy,Hardware,461021,495345,489102
2025-03-01,2,Revenue,Subscription Revenue,Italy,Hardware,336282,371508,368246
2025-03-01,3,Revenue,Service Revenue,Italy,Hardware,203242,216713,205716
2025-03-01,4,Revenue,Support & Maintenance,Italy,Hardware,103128,111453,108681
2025-03-01,5,COGS,Direct Materials,Italy,Hardware,-141622,-160987,-162630
2025-03-01,6,COGS,Direct Labor,Italy,Hardware,-135812,-148603,-143603
2025-03-01,7,COGS,Cloud & Hosting,Italy,Hardware,-65645,-74302,-74363
2025-03-01,8,COGS,Support Delivery,Italy,Hardware,-52971,-55726,-52954
2025-03-01,9,Operating Expenses,Sales,Italy,Hardware,-104085,-111453,-113635
2025-03-01,10,Operating Expenses,Marketing,Italy,Hardware,-83569,-92877,-89618
2025-03-01,11,Operating Expenses,Research & Development,Italy,Hardware,-129312,-136220,-129703
2025-03-01,12,Operating Expenses,General & Administrative,Italy,Hardware,-74972,-80494,-79269
2025-03-01,13,Operating Expenses,IT & Systems,Italy,Hardware,-38821,-43343,-42080
2025-03-01,14,Operating Expenses,Facilities & Rent,Italy,Hardware,-34912,-37151,-37749
2025-03-01,15,Operating Expenses,Depreciation & Amort.,Italy,Hardware,-31762,-34055,-33704
2025-03-01,16,Other,Interest Income,Italy,Hardware,6849,7430,7304
2025-03-01,17,Other,Interest Expense,Italy,Hardware,-16439,-17337,-17279
2025-03-01,18,Other,FX Gain/(Loss),Italy,Hardware,8262,9288,9082
2025-03-01,19,Other,Other Income/(Expense),Italy,Hardware,11732,12384,11739
2025-03-01,20,Other,Income Tax,Italy,Hardware,-51018,-55726,-52911
2025-03-01,1,Revenue,Product Revenue,United States,Software,1324392,1415270,1436183
2025-03-01,2,Revenue,Subscription Revenue,United States,Software,961873,1061453,1039021
2025-03-01,3,Revenue,Service Revenue,United States,Software,584135,619181,594314
2025-03-01,4,Revenue,Support & Maintenance,United States,Software,281530,318436,305957
2025-03-01,5,COGS,Direct Materials,United States,Software,-432382,-459963,-434735
2025-03-01,6,COGS,Direct Labor,United States,Software,-374841,-424581,-422662
2025-03-01,7,COGS,Cloud & Hosting,United States,Software,-195645,-212291,-208895
2025-03-01,8,COGS,Support Delivery,United States,Software,-142208,-159218,-157910
2025-03-01,9,Operating Expenses,Sales,United States,Software,-287349,-318436,-316394
2025-03-01,10,Operating Expenses,Marketing,United States,Software,-245957,-265363,-264531
2025-03-01,11,Operating Expenses,Research & Development,United States,Software,-349102,-389199,-376324
2025-03-01,12,Operating Expenses,General & Administrative,United States,Software,-207314,-229981,-231026
2025-03-01,13,Operating Expenses,IT & Systems,United States,Software,-112760,-123836,-125042
2025-03-01,14,Operating Expenses,Facilities & Rent,United States,Software,-100890,-106145,-104000
2025-03-01,15,Operating Expenses,Depreciation & Amort.,United States,Software,-89228,-97300,-92767
2025-03-01,16,Other,Interest Income,United States,Software,18985,21229,21518
2025-03-01,17,Other,Interest Expense,United States,Software,-46922,-49534,-47163
2025-03-01,18,Other,FX Gain/(Loss),United States,Software,23440,26536,26825
2025-03-01,19,Other,Other Income/(Expense),United States,Software,-32930,-35382,-35680
2025-03-01,20,Other,Income Tax,United States,Software,-143056,-159218,-154507
2025-03-01,1,Revenue,Product Revenue,United States,Services,807684,849162,823402
2025-03-01,2,Revenue,Subscription Revenue,United States,Services,584063,636872,601685
2025-03-01,3,Revenue,Service Revenue,United States,Services,339424,371508,358920
2025-03-01,4,Revenue,Support & Maintenance,United States,Services,177855,191062,181300
2025-03-01,5,COGS,Direct Materials,United States,Services,-257620,-275978,-274628
2025-03-01,6,COGS,Direct Labor,United States,Services,-238512,-254749,-245339
2025-03-01,7,COGS,Cloud & Hosting,United States,Services,-118828,-127374,-128600
2025-03-01,8,COGS,Support Delivery,United States,Services,-90574,-95531,-90240
2025-03-01,9,Operating Expenses,Sales,United States,Services,-176969,-191062,-181105
2025-03-01,10,Operating Expenses,Marketing,United States,Services,-146425,-159218,-157730
2025-03-01,11,Operating Expenses,Research & Development,United States,Services,-221538,-233520,-230381
2025-03-01,12,Operating Expenses,General & Administrative,United States,Services,-129013,-137989,-133201
2025-03-01,13,Operating Expenses,IT & Systems,United States,Services,-67928,-74302,-70565
2025-03-01,14,Operating Expenses,Facilities & Rent,United States,Services,-56715,-63687,-60777
2025-03-01,15,Operating Expenses,Depreciation & Amort.,United States,Services,-52547,-58380,-58129
2025-03-01,16,Other,Interest Income,United States,Services,11985,12737,12850
2025-03-01,17,Other,Interest Expense,United States,Services,-27117,-29721,-30021
2025-03-01,18,Other,FX Gain/(Loss),United States,Services,-14437,-15922,-15316
2025-03-01,19,Other,Other Income/(Expense),United States,Services,-19862,-21229,-21063
2025-03-01,20,Other,Income Tax,United States,Services,-89004,-95531,-90427
2025-03-01,1,Revenue,Product Revenue,United States,Hardware,1035526,1132216,1113644
2025-03-01,2,Revenue,Subscription Revenue,United States,Hardware,808271,849162,812583
2025-03-01,3,Revenue,Service Revenue,United States,Hardware,451090,495345,478546
2025-03-01,4,Revenue,Support & Maintenance,United States,Hardware,237504,254749,247880
2025-03-01,5,COGS,Direct Materials,United States,Hardware,-348753,-367970,-347684
2025-03-01,6,COGS,Direct Labor,United States,Hardware,-316501,-339665,-323428
2025-03-01,7,COGS,Cloud & Hosting,United States,Hardware,-153396,-169832,-162541
2025-03-01,8,COGS,Support Delivery,United States,Hardware,-119530,-127374,-127070
2025-03-01,9,Operating Expenses,Sales,United States,Hardware,-226818,-254749,-259615
2025-03-01,10,Operating Expenses,Marketing,United States,Hardware,-189383,-212291,-210125
2025-03-01,11,Operating Expenses,Research & Development,United States,Hardware,-284120,-311359,-309590
2025-03-01,12,Operating Expenses,General & Administrative,United States,Hardware,-168844,-183985,-180173
2025-03-01,13,Operating Expenses,IT & Systems,United States,Hardware,-90220,-99069,-100332
2025-03-01,14,Operating Expenses,Facilities & Rent,United States,Hardware,-76795,-84916,-82442
2025-03-01,15,Operating Expenses,Depreciation & Amort.,United States,Hardware,-69933,-77840,-74286
2025-03-01,16,Other,Interest Income,United States,Hardware,15552,16983,16986
2025-03-01,17,Other,Interest Expense,United States,Hardware,-35721,-39628,-38757
2025-03-01,18,Other,FX Gain/(Loss),United States,Hardware,19608,21229,20090
2025-03-01,19,Other,Other Income/(Expense),United States,Hardware,26115,28305,28806
2025-03-01,20,Other,Income Tax,United States,Hardware,-117170,-127374,-119891
2025-03-01,1,Revenue,Product Revenue,Nordics,Software,398870,442272,450610
2025-03-01,2,Revenue,Subscription Revenue,Nordics,Software,306483,331704,323461
2025-03-01,3,Revenue,Service Revenue,Nordics,Software,176906,193494,189355
2025-03-01,4,Revenue,Support & Maintenance,Nordics,Software,93241,99511,94797
2025-03-01,5,COGS,Direct Materials,Nordics,Software,-130440,-143738,-138751
2025-03-01,6,COGS,Direct Labor,Nordics,Software,-120802,-132682,-125752
2025-03-01,7,COGS,Cloud & Hosting,Nordics,Software,-58364,-66341,-67539
2025-03-01,8,COGS,Support Delivery,Nordics,Software,-47308,-49756,-49803
2025-03-01,9,Operating Expenses,Sales,Nordics,Software,-91993,-99511,-97005
2025-03-01,10,Operating Expenses,Marketing,Nordics,Software,-78689,-82926,-79089
2025-03-01,11,Operating Expenses,Research & Development,Nordics,Software,-114032,-121625,-116332
2025-03-01,12,Operating Expenses,General & Administrative,Nordics,Software,-66973,-71869,-72623
2025-03-01,13,Operating Expenses,IT & Systems,Nordics,Software,-36392,-38699,-36514
2025-03-01,14,Operating Expenses,Facilities & Rent,Nordics,Software,-31072,-33170,-32108
2025-03-01,15,Operating Expenses,Depreciation & Amort.,Nordics,Software,-28434,-30406,-29732
2025-03-01,16,Other,Interest Income,Nordics,Software,5926,6634,6549
2025-03-01,17,Other,Interest Expense,Nordics,Software,-14592,-15480,-14799
2025-03-01,18,Other,FX Gain/(Loss),Nordics,Software,-7570,-8293,-8032
2025-03-01,19,Other,Other Income/(Expense),Nordics,Software,-9890,-11057,-10586
2025-03-01,20,Other,Income Tax,Nordics,Software,-44895,-49756,-48090
2025-03-01,1,Revenue,Product Revenue,Nordics,Services,245123,265363,262219
2025-03-01,2,Revenue,Subscription Revenue,Nordics,Services,187989,199022,196018
2025-03-01,3,Revenue,Service Revenue,Nordics,Services,103283,116096,109563
2025-03-01,4,Revenue,Support & Maintenance,Nordics,Services,52531,59707,60108
2025-03-01,5,COGS,Direct Materials,Nordics,Services,-81118,-86243,-85324
2025-03-01,6,COGS,Direct Labor,Nordics,Services,-74511,-79609,-76064
2025-03-01,7,COGS,Cloud & Hosting,Nordics,Services,-36202,-39804,-39518
2025-03-01,8,COGS,Support Delivery,Nordics,Services,-28243,-29853,-29174
2025-03-01,9,Operating Expenses,Sales,Nordics,Services,-52873,-59707,-58155
2025-03-01,10,Operating Expenses,Marketing,Nordics,Services,-47293,-49756,-47270
2025-03-01,11,Operating Expenses,Research & Development,Nordics,Services,-68389,-72975,-68744
2025-03-01,12,Operating Expenses,General & Administrative,Nordics,Services,-38748,-43122,-41108
2025-03-01,13,Operating Expenses,IT & Systems,Nordics,Services,-21162,-23219,-23155
2025-03-01,14,Operating Expenses,Facilities & Rent,Nordics,Services,-17627,-19902,-20270
2025-03-01,15,Operating Expenses,Depreciation & Amort.,Nordics,Services,-17088,-18244,-18009
2025-03-01,16,Other,Interest Income,Nordics,Services,3740,3980,3997
2025-03-01,17,Other,Interest Expense,Nordics,Services,-8211,-9288,-9243
2025-03-01,18,Other,FX Gain/(Loss),Nordics,Services,-4375,-4976,-5004
2025-03-01,19,Other,Other Income/(Expense),Nordics,Services,6059,6634,6332
2025-03-01,20,Other,Income Tax,Nordics,Services,-28408,-29853,-29845
2025-03-01,1,Revenue,Product Revenue,Nordics,Hardware,335109,353818,343993
2025-03-01,2,Revenue,Subscription Revenue,Nordics,Hardware,241151,265363,252249
2025-03-01,3,Revenue,Service Revenue,Nordics,Hardware,143294,154795,151564
2025-03-01,4,Revenue,Support & Maintenance,Nordics,Hardware,72388,79609,79238
2025-03-01,5,COGS,Direct Materials,Nordics,Hardware,-101732,-114991,-111393
2025-03-01,6,COGS,Direct Labor,Nordics,Hardware,-96010,-106145,-104903
2025-03-01,7,COGS,Cloud & Hosting,Nordics,Hardware,-47041,-53073,-50941
2025-03-01,8,COGS,Support Delivery,Nordics,Hardware,-37871,-39804,-38685
2025-03-01,9,Operating Expenses,Sales,Nordics,Hardware,-72517,-79609,-78554
2025-03-01,10,Operating Expenses,Marketing,Nordics,Hardware,-60000,-66341,-64218
2025-03-01,11,Operating Expenses,Research & Development,Nordics,Hardware,-92122,-97300,-97880
2025-03-01,12,Operating Expenses,General & Administrative,Nordics,Hardware,-51821,-57495,-57423
2025-03-01,13,Operating Expenses,IT & Systems,Nordics,Hardware,-28234,-30959,-29449
2025-03-01,14,Operating Expenses,Facilities & Rent,Nordics,Hardware,-25246,-26536,-25810
2025-03-01,15,Operating Expenses,Depreciation & Amort.,Nordics,Hardware,-21540,-24325,-24266
2025-03-01,16,Other,Interest Income,Nordics,Hardware,4738,5307,5114
2025-03-01,17,Other,Interest Expense,Nordics,Hardware,-11696,-12384,-12458
2025-03-01,18,Other,FX Gain/(Loss),Nordics,Hardware,-6236,-6634,-6284
2025-03-01,19,Other,Other Income/(Expense),Nordics,Hardware,-8156,-8845,-8511
2025-03-01,20,Other,Income Tax,Nordics,Hardware,-35421,-39804,-38303
2025-04-01,1,Revenue,Product Revenue,France,Software,755956,822732,786134
2025-04-01,2,Revenue,Subscription Revenue,France,Software,562813,617049,589984
2025-04-01,3,Revenue,Service Revenue,France,Software,324957,359945,351946
2025-04-01,4,Revenue,Support & Maintenance,France,Software,172063,185115,177588
2025-04-01,5,COGS,Direct Materials,France,Software,-259871,-283287,-273474
2025-04-01,6,COGS,Direct Labor,France,Software,-243123,-261495,-262700
2025-04-01,7,COGS,Cloud & Hosting,France,Software,-122612,-130748,-129916
2025-04-01,8,COGS,Support Delivery,France,Software,-91258,-98061,-99152
2025-04-01,9,Operating Expenses,Sales,France,Software,-182796,-196122,-197837
2025-04-01,10,Operating Expenses,Marketing,France,Software,-149853,-163435,-160796
2025-04-01,11,Operating Expenses,Research & Development,France,Software,-224605,-239704,-236651
2025-04-01,12,Operating Expenses,General & Administrative,France,Software,-127666,-141643,-136025
2025-04-01,13,Operating Expenses,IT & Systems,France,Software,-69976,-76269,-75258
2025-04-01,14,Operating Expenses,Facilities & Rent,France,Software,-59188,-65374,-66456
2025-04-01,15,Operating Expenses,Depreciation & Amort.,France,Software,-56265,-59926,-59299
2025-04-01,16,Other,Interest Income,France,Software,11585,13075,12352
2025-04-01,17,Other,Interest Expense,France,Software,-28468,-30508,-30500
2025-04-01,18,Other,FX Gain/(Loss),France,Software,-14931,-16343,-16069
2025-04-01,19,Other,Other Income/(Expense),France,Software,20618,21791,21527
2025-04-01,20,Other,Income Tax,France,Software,-91223,-98061,-92719
2025-04-01,1,Revenue,Product Revenue,France,Services,454877,493639,475365
2025-04-01,2,Revenue,Subscription Revenue,France,Services,342664,370229,369899
2025-04-01,3,Revenue,Service Revenue,France,Services,196499,215967,211625
2025-04-01,4,Revenue,Support & Maintenance,France,Services,100790,111069,111500
2025-04-01,5,COGS,Direct Materials,France,Services,-151384,-169972,-163219
2025-04-01,6,COGS,Direct Labor,France,Services,-148256,-156897,-151869
2025-04-01,7,COGS,Cloud & Hosting,France,Services,-70460,-78449,-77563
2025-04-01,8,COGS,Support Delivery,France,Services,-55471,-58836,-57863
2025-04-01,9,Operating Expenses,Sales,France,Services,-110807,-117673,-114045
2025-04-01,10,Operating Expenses,Marketing,France,Services,-89124,-98061,-96342
2025-04-01,11,Operating Expenses,Research & Development,France,Services,-135070,-143822,-143707
2025-04-01,12,Operating Expenses,General & Administrative,France,Services,-75188,-84986,-83991
2025-04-01,13,Operating Expenses,IT & Systems,France,Services,-40870,-45762,-43287
2025-04-01,14,Operating Expenses,Facilities & Rent,France,Services,-36224,-39224,-39175
2025-04-01,15,Operating Expenses,Depreciation & Amort.,France,Services,-32484,-35956,-35578
2025-04-01,16,Other,Interest Income,France,Services,7381,7845,7949
2025-04-01,17,Other,Interest Expense,France,Services,-16421,-18305,-18187
2025-04-01,18,Other,FX Gain/(Loss),France,Services,-9173,-9806,-9407
2025-04-01,19,Other,Other Income/(Expense),France,Services,-11941,-13075,-12364
2025-04-01,20,Other,Income Tax,France,Services,-52861,-58836,-59740
2025-04-01,1,Revenue,Product Revenue,France,Hardware,611438,658186,668552
2025-04-01,2,Revenue,Subscription Revenue,France,Hardware,440617,493639,487625
2025-04-01,3,Revenue,Service Revenue,France,Hardware,259156,287956,274394
2025-04-01,4,Revenue,Support & Maintenance,France,Hardware,140684,148092,142082
2025-04-01,5,COGS,Direct Materials,France,Hardware,-200996,-226629,-216726
2025-04-01,6,COGS,Direct Labor,France,Hardware,-195556,-209196,-197450
2025-04-01,7,COGS,Cloud & Hosting,France,Hardware,-96269,-104598,-103198
2025-04-01,8,COGS,Support Delivery,France,Hardware,-69946,-78449,-75362
2025-04-01,9,Operating Expenses,Sales,France,Hardware,-148951,-156897,-148349
2025-04-01,10,Operating Expenses,Marketing,France,Hardware,-115337,-130748,-126026
2025-04-01,11,Operating Expenses,Research & Development,France,Hardware,-176740,-191763,-184438
2025-04-01,12,Operating Expenses,General & Administrative,France,Hardware,-100393,-113315,-110213
2025-04-01,13,Operating Expenses,IT & Systems,France,Hardware,-54433,-61016,-60185
2025-04-01,14,Operating Expenses,Facilities & Rent,France,Hardware,-48907,-52299,-51779
2025-04-01,15,Operating Expenses,Depreciation & Amort.,France,Hardware,-42501,-47941,-47094
2025-04-01,16,Other,Interest Income,France,Hardware,9615,10460,10363
2025-04-01,17,Other,Interest Expense,France,Hardware,-22806,-24406,-23386
2025-04-01,18,Other,FX Gain/(Loss),France,Hardware,12006,13075,13084
2025-04-01,19,Other,Other Income/(Expense),France,Hardware,-15335,-17433,-16600
2025-04-01,20,Other,Income Tax,France,Hardware,-72474,-78449,-78310
2025-04-01,1,Revenue,Product Revenue,Germany,Software,880862,987278,982535
2025-04-01,2,Revenue,Subscription Revenue,Germany,Software,694653,740459,749364
2025-04-01,3,Revenue,Service Revenue,Germany,Software,383028,431934,418801
2025-04-01,4,Revenue,Support & Maintenance,Germany,Software,201966,222138,214931
2025-04-01,5,COGS,Direct Materials,Germany,Software,-316851,-339944,-338063
2025-04-01,6,COGS,Direct Labor,Germany,Software,-298045,-313794,-295365
2025-04-01,7,COGS,Cloud & Hosting,Germany,Software,-142719,-156897,-155260
2025-04-01,8,COGS,Support Delivery,Germany,Software,-108220,-117673,-114666
2025-04-01,9,Operating Expenses,Sales,Germany,Software,-213027,-235346,-224569
2025-04-01,10,Operating Expenses,Marketing,Germany,Software,-178429,-196122,-184648
2025-04-01,11,Operating Expenses,Research & Development,Germany,Software,-259678,-287645,-280210
2025-04-01,12,Operating Expenses,General & Administrative,Germany,Software,-158942,-169972,-161898
2025-04-01,13,Operating Expenses,IT & Systems,Germany,Software,-86416,-91523,-91390
2025-04-01,14,Operating Expenses,Facilities & Rent,Germany,Software,-69761,-78449,-75322
2025-04-01,15,Operating Expenses,Depreciation & Amort.,Germany,Software,-67205,-71911,-70274
2025-04-01,16,Other,Interest Income,Germany,Software,14335,15690,15825
2025-04-01,17,Other,Interest Expense,Germany,Software,-32918,-36609,-35250
2025-04-01,18,Other,FX Gain/(Loss),Germany,Software,17450,19612,18928
2025-04-01,19,Other,Other Income/(Expense),Germany,Software,24180,26150,24951
2025-04-01,20,Other,Income Tax,Germany,Software,-108182,-117673,-119414
2025-04-01,1,Revenue,Product Revenue,Germany,Services,551203,592367,578800
2025-04-01,2,Revenue,Subscription Revenue,Germany,Services,391886,444275,421417
2025-04-01,3,Revenue,Service Revenue,Germany,Services,228632,259161,260716
2025-04-01,4,Revenue,Support & Maintenance,Germany,Services,118449,133283,133060
2025-04-01,5,COGS,Direct Materials,Germany,Services,-185683,-203966,-207033
2025-04-01,6,COGS,Direct Labor,Germany,Services,-169517,-188277,-188170
2025-04-01,7,COGS,Cloud & Hosting,Germany,Services,-85593,-94138,-91238
2025-04-01,8,COGS,Support Delivery,Germany,Services,-62271,-70604,-71157
2025-04-01,9,Operating Expenses,Sales,Germany,Services,-124716,-141207,-137919
2025-04-01,10,Operating Expenses,Marketing,Germany,Services,-105404,-117673,-116975
2025-04-01,11,Operating Expenses,Research & Development,Germany,Services,-159651,-172587,-168973
2025-04-01,12,Operating Expenses,General & Administrative,Germany,Services,-91580,-101983,-99597
2025-04-01,13,Operating Expenses,IT & Systems,Germany,Services,-48839,-54914,-52522
2025-04-01,14,Operating Expenses,Facilities & Rent,Germany,Services,-42664,-47069,-47456
2025-04-01,15,Operating Expenses,Depreciation & Amort.,Germany,Services,-38675,-43147,-42243
2025-04-01,16,Other,Interest Income,Germany,Services,8610,9414,9020
2025-04-01,17,Other,Interest Expense,Germany,Services,-19894,-21966,-22152
2025-04-01,18,Other,FX Gain/(Loss),Germany,Services,-10906,-11767,-11123
2025-04-01,19,Other,Other Income/(Expense),Germany,Services,14100,15690,14946
2025-04-01,20,Other,Income Tax,Germany,Services,-65584,-70604,-71088
2025-04-01,1,Revenue,Product Revenue,Germany,Hardware,741070,789823,777499
2025-04-01,2,Revenue,Subscription Revenue,Germany,Hardware,538876,592367,603287
2025-04-01,3,Revenue,Service Revenue,Germany,Hardware,316755,345547,340575
2025-04-01,4,Revenue,Support & Maintenance,Germany,Hardware,164753,177710,174707
2025-04-01,5,COGS,Direct Materials,Germany,Hardware,-248377,-271955,-274042
2025-04-01,6,COGS,Direct Labor,Germany,Hardware,-223301,-251036,-239018
2025-04-01,7,COGS,Cloud & Hosting,Germany,Hardware,-111557,-125518,-123965
2025-04-01,8,COGS,Support Delivery,Germany,Hardware,-87770,-94138,-88760
2025-04-01,9,Operating Expenses,Sales,Germany,Hardware,-170837,-188277,-185463
2025-04-01,10,Operating Expenses,Marketing,Germany,Hardware,-149386,-156897,-158131
2025-04-01,11,Operating Expenses,Research & Development,Germany,Hardware,-206449,-230116,-231074
2025-04-01,12,Operating Expenses,General & Administrative,Germany,Hardware,-122897,-135978,-131287
2025-04-01,13,Operating Expenses,IT & Systems,Germany,Hardware,-66237,-73219,-69041
2025-04-01,14,Operating Expenses,Facilities & Rent,Germany,Hardware,-55821,-62759,-61866
2025-04-01,15,Operating Expenses,Depreciation & Amort.,Germany,Hardware,-51666,-57529,-54985
2025-04-01,16,Other,Interest Income,Germany,Hardware,11749,12552,12160
2025-04-01,17,Other,Interest Expense,Germany,Hardware,-27344,-29287,-28373
2025-04-01,18,Other,FX Gain/(Loss),Germany,Hardware,13870,15690,14985
2025-04-01,19,Other,Other Income/(Expense),Germany,Hardware,-19736,-20920,-19793
2025-04-01,20,Other,Income Tax,Germany,Hardware,-83985,-94138,-92489
2025-04-01,1,Revenue,Product Revenue,United Kingdom,Software,704331,740459,751078
2025-04-01,2,Revenue,Subscription Revenue,United Kingdom,Software,523310,555344,549560
2025-04-01,3,Revenue,Service Revenue,United Kingdom,Software,300151,323951,314505
2025-04-01,4,Revenue,Support & Maintenance,United Kingdom,Software,147956,166603,160523
2025-04-01,5,COGS,Direct Materials,United Kingdom,Software,-240454,-254958,-249804
2025-04-01,6,COGS,Direct Labor,United Kingdom,Software,-213101,-235346,-237315
2025-04-01,7,COGS,Cloud & Hosting,United Kingdom,Software,-111660,-117673,-116669
2025-04-01,8,COGS,Support Delivery,United Kingdom,Software,-79221,-88255,-85811
2025-04-01,9,Operating Expenses,Sales,United Kingdom,Software,-161180,-176509,-176498
2025-04-01,10,Operating Expenses,Marketing,United Kingdom,Software,-135596,-147091,-146377
2025-04-01,11,Operating Expenses,Research & Development,United Kingdom,Software,-202507,-215734,-213450
2025-04-01,12,Operating Expenses,General & Administrative,United Kingdom,Software,-113342,-127479,-129828
2025-04-01,13,Operating Expenses,IT & Systems,United Kingdom,Software,-64771,-68643,-69929
2025-04-01,14,Operating Expenses,Facilities & Rent,United Kingdom,Software,-55354,-58836,-57243
2025-04-01,15,Operating Expenses,Depreciation & Amort.,United Kingdom,Software,-48785,-53933,-53702
2025-04-01,16,Other,Interest Income,United Kingdom,Software,10921,11767,11821
2025-04-01,17,Other,Interest Expense,United Kingdom,Software,-25977,-27457,-27049
2025-04-01,18,Other,FX Gain/(Loss),United Kingdom,Software,-13759,-14709,-13903
2025-04-01,19,Other,Other Income/(Expense),United Kingdom,Software,18229,19612,18747
2025-04-01,20,Other,Income Tax,United Kingdom,Software,-80236,-88255,-85860
2025-04-01,1,Revenue,Product Revenue,United Kingdom,Services,400453,444275,449676
2025-04-01,2,Revenue,Subscription Revenue,United Kingdom,Services,308449,333206,335590
2025-04-01,3,Revenue,Service Revenue,United Kingdom,Services,171652,194370,186935
2025-04-01,4,Revenue,Support & Maintenance,United Kingdom,Services,94232,99962,98505
2025-04-01,5,COGS,Direct Materials,United Kingdom,Services,-136871,-152975,-144328
2025-04-01,6,COGS,Direct Labor,United Kingdom,Services,-133226,-141207,-138776
2025-04-01,7,COGS,Cloud & Hosting,United Kingdom,Services,-62381,-70604,-71912
2025-04-01,8,COGS,Support Delivery,United Kingdom,Services,-46622,-52953,-51445
2025-04-01,9,Operating Expenses,Sales,United Kingdom,Services,-95449,-105906,-100667
2025-04-01,10,Operating Expenses,Marketing,United Kingdom,Services,-81965,-88255,-88820
2025-04-01,11,Operating Expenses,Research & Development,United Kingdom,Services,-121308,-129440,-123821
2025-04-01,12,Operating Expenses,General & Administrative,United Kingdom,Services,-71623,-76487,-76939
2025-04-01,13,Operating Expenses,IT & Systems,United Kingdom,Services,-37961,-41186,-40463
2025-04-01,14,Operating Expenses,Facilities & Rent,United Kingdom,Services,-31878,-35302,-33618
2025-04-01,15,Operating Expenses,Depreciation & Amort.,United Kingdom,Services,-30571,-32360,-32052
2025-04-01,16,Other,Interest Income,United Kingdom,Services,6283,7060,7148
2025-04-01,17,Other,Interest Expense,United Kingdom,Services,-14958,-16474,-15706
2025-04-01,18,Other,FX Gain/(Loss),United Kingdom,Services,-8203,-8825,-8395
2025-04-01,19,Other,Other Income/(Expense),United Kingdom,Services,10464,11767,11551
2025-04-01,20,Other,Income Tax,United Kingdom,Services,-46650,-52953,-50133
2025-04-01,1,Revenue,Product Revenue,United Kingdom,Hardware,556210,592367,574144
2025-04-01,2,Revenue,Subscription Revenue,United Kingdom,Hardware,417708,444275,443343
2025-04-01,3,Revenue,Service Revenue,United Kingdom,Hardware,229958,259161,244336
2025-04-01,4,Revenue,Support & Maintenance,United Kingdom,Hardware,118329,133283,125696
2025-04-01,5,COGS,Direct Materials,United Kingdom,Hardware,-184249,-203966,-199149
2025-04-01,6,COGS,Direct Labor,United Kingdom,Hardware,-169976,-188277,-182240
2025-04-01,7,COGS,Cloud & Hosting,United Kingdom,Hardware,-84587,-94138,-90810
2025-04-01,8,COGS,Support Delivery,United Kingdom,Hardware,-63140,-70604,-67108
2025-04-01,9,Operating Expenses,Sales,United Kingdom,Hardware,-126140,-141207,-134087
2025-04-01,10,Operating Expenses,Marketing,United Kingdom,Hardware,-109507,-117673,-116831
2025-04-01,11,Operating Expenses,Research & Development,United Kingdom,Hardware,-157154,-172587,-163994
2025-04-01,12,Operating Expenses,General & Administrative,United Kingdom,Hardware,-92827,-101983,-100477
2025-04-01,13,Operating Expenses,IT & Systems,United Kingdom,Hardware,-49549,-54914,-54296
2025-04-01,14,Operating Expenses,Facilities & Rent,United Kingdom,Hardware,-41406,-47069,-44591
2025-04-01,15,Operating Expenses,Depreciation & Amort.,United Kingdom,Hardware,-39976,-43147,-42389
2025-04-01,16,Other,Interest Income,United Kingdom,Hardware,8789,9414,9373
2025-04-01,17,Other,Interest Expense,United Kingdom,Hardware,-20036,-21966,-20815
2025-04-01,18,Other,FX Gain/(Loss),United Kingdom,Hardware,-10592,-11767,-11331
2025-04-01,19,Other,Other Income/(Expense),United Kingdom,Hardware,13834,15690,15870
2025-04-01,20,Other,Income Tax,United Kingdom,Hardware,-66769,-70604,-69274
2025-04-01,1,Revenue,Product Revenue,Spain,Software,437448,493639,464681
2025-04-01,2,Revenue,Subscription Revenue,Spain,Software,344965,370229,375848
2025-04-01,3,Revenue,Service Revenue,Spain,Software,199947,215967,207415
2025-04-01,4,Revenue,Support & Maintenance,Spain,Software,98823,111069,107229
2025-04-01,5,COGS,Direct Materials,Spain,Software,-157140,-169972,-160030
2025-04-01,6,COGS,Direct Labor,Spain,Software,-139747,-156897,-154046
2025-04-01,7,COGS,Cloud & Hosting,Spain,Software,-73046,-78449,-78147
2025-04-01,8,COGS,Support Delivery,Spain,Software,-53643,-58836,-58999
2025-04-01,9,Operating Expenses,Sales,Spain,Software,-108403,-117673,-114736
2025-04-01,10,Operating Expenses,Marketing,Spain,Software,-88330,-98061,-94847
2025-04-01,11,Operating Expenses,Research & Development,Spain,Software,-133651,-143822,-139908
2025-04-01,12,Operating Expenses,General & Administrative,Spain,Software,-79639,-84986,-81534
2025-04-01,13,Operating Expenses,IT & Systems,Spain,Software,-41567,-45762,-43700
2025-04-01,14,Operating Expenses,Facilities & Rent,Spain,Software,-34626,-39224,-37265
2025-04-01,15,Operating Expenses,Depreciation & Amort.,Spain,Software,-31928,-35956,-34084
2025-04-01,16,Other,Interest Income,Spain,Software,7295,7845,7488
2025-04-01,17,Other,Interest Expense,Spain,Software,-16388,-18305,-17686
2025-04-01,18,Other,FX Gain/(Loss),Spain,Software,9176,9806,9663
2025-04-01,19,Other,Other Income/(Expense),Spain,Software,-12205,-13075,-12620
2025-04-01,20,Other,Income Tax,Spain,Software,-52868,-58836,-57170
2025-04-01,1,Revenue,Product Revenue,Spain,Services,272217,296184,283393
2025-04-01,2,Revenue,Subscription Revenue,Spain,Services,200698,222138,215225
2025-04-01,3,Revenue,Service Revenue,Spain,Services,119996,129580,127134
2025-04-01,4,Revenue,Support & Maintenance,Spain,Services,58926,66641,67125
2025-04-01,5,COGS,Direct Materials,Spain,Services,-92747,-101983,-99711
2025-04-01,6,COGS,Direct Labor,Spain,Services,-89238,-94138,-95652
2025-04-01,7,COGS,Cloud & Hosting,Spain,Services,-44214,-47069,-47247
2025-04-01,8,COGS,Support Delivery,Spain,Services,-33443,-35302,-34121
2025-04-01,9,Operating Expenses,Sales,Spain,Services,-65541,-70604,-71704
2025-04-01,10,Operating Expenses,Marketing,Spain,Services,-52002,-58836,-59472
2025-04-01,11,Operating Expenses,Research & Development,Spain,Services,-77594,-86293,-82573
2025-04-01,12,Operating Expenses,General & Administrative,Spain,Services,-48457,-50992,-48180
2025-04-01,13,Operating Expenses,IT & Systems,Spain,Services,-24871,-27457,-26935
2025-04-01,14,Operating Expenses,Facilities & Rent,Spain,Services,-21852,-23535,-22438
2025-04-01,15,Operating Expenses,Depreciation & Amort.,Spain,Services,-20519,-21573,-20692
2025-04-01,16,Other,Interest Income,Spain,Services,4232,4707,4709
2025-04-01,17,Other,Interest Expense,Spain,Services,-10439,-10983,-11121
2025-04-01,18,Other,FX Gain/(Loss),Spain,Services,-5509,-5884,-5891
2025-04-01,19,Other,Other Income/(Expense),Spain,Services,7008,7845,7496
2025-04-01,20,Other,Income Tax,Spain,Services,-32395,-35302,-35894
2025-04-01,1,Revenue,Product Revenue,Spain,Hardware,360274,394911,378052
2025-04-01,2,Revenue,Subscription Revenue,Spain,Hardware,279464,296184,283546
2025-04-01,3,Revenue,Service Revenue,Spain,Hardware,161877,172774,165259
2025-04-01,4,Revenue,Support & Maintenance,Spain,Hardware,84441,88855,87769
2025-04-01,5,COGS,Direct Materials,Spain,Hardware,-121408,-135978,-133874
2025-04-01,6,COGS,Direct Labor,Spain,Hardware,-111950,-125518,-120147
2025-04-01,7,COGS,Cloud & Hosting,Spain,Hardware,-56288,-62759,-59682
2025-04-01,8,COGS,Support Delivery,Spain,Hardware,-43425,-47069,-47344
2025-04-01,9,Operating Expenses,Sales,Spain,Hardware,-83026,-94138,-89682
2025-04-01,10,Operating Expenses,Marketing,Spain,Hardware,-69929,-78449,-76237
2025-04-01,11,Operating Expenses,Research & Development,Spain,Hardware,-107206,-115058,-109530
2025-04-01,12,Operating Expenses,General & Administrative,Spain,Hardware,-64005,-67989,-64997
2025-04-01,13,Operating Expenses,IT & Systems,Spain,Hardware,-32864,-36609,-35724
2025-04-01,14,Operating Expenses,Facilities & Rent,Spain,Hardware,-27795,-31379,-30737
2025-04-01,15,Operating Expenses,Depreciation & Amort.,Spain,Hardware,-25871,-28764,-27862
2025-04-01,16,Other,Interest Income,Spain,Hardware,5785,6276,6140
2025-04-01,17,Other,Interest Expense,Spain,Hardware,-13657,-14644,-13944
2025-04-01,18,Other,FX Gain/(Loss),Spain,Hardware,7311,7845,7494
2025-04-01,19,Other,Other Income/(Expense),Spain,Hardware,9195,10460,10096
2025-04-01,20,Other,Income Tax,Spain,Hardware,-41483,-47069,-45722
2025-04-01,1,Revenue,Product Revenue,Italy,Software,529666,575912,561172
2025-04-01,2,Revenue,Subscription Revenue,Italy,Software,408875,431934,412150
2025-04-01,3,Revenue,Service Revenue,Italy,Software,238020,251962,253178
2025-04-01,4,Revenue,Support & Maintenance,Italy,Software,115348,129580,126206
2025-04-01,5,COGS,Direct Materials,Italy,Software,-185087,-198301,-200003
2025-04-01,6,COGS,Direct Labor,Italy,Software,-165729,-183047,-181194
2025-04-01,7,COGS,Cloud & Hosting,Italy,Software,-86676,-91523,-92946
2025-04-01,8,COGS,Support Delivery,Italy,Software,-61425,-68643,-69154
2025-04-01,9,Operating Expenses,Sales,Italy,Software,-122042,-137285,-133784
2025-04-01,10,Operating Expenses,Marketing,Italy,Software,-107762,-114404,-114242
2025-04-01,11,Operating Expenses,Research & Development,Italy,Software,-150816,-167793,-158420
2025-04-01,12,Operating Expenses,General & Administrative,Italy,Software,-88135,-99150,-100015
2025-04-01,13,Operating Expenses,IT & Systems,Italy,Software,-49976,-53389,-50276
2025-04-01,14,Operating Expenses,Facilities & Rent,Italy,Software,-43478,-45762,-43619
2025-04-01,15,Operating Expenses,Depreciation & Amort.,Italy,Software,-38638,-41948,-40764
2025-04-01,16,Other,Interest Income,Italy,Software,8049,9152,9038
2025-04-01,17,Other,Interest Expense,Italy,Software,-19660,-21355,-20497
2025-04-01,18,Other,FX Gain/(Loss),Italy,Software,10731,11440,11563
2025-04-01,19,Other,Other Income/(Expense),Italy,Software,14333,15254,14644
2025-04-01,20,Other,Income Tax,Italy,Software,-62443,-68643,-65706
2025-04-01,1,Revenue,Product Revenue,Italy,Services,319116,345547,349708
2025-04-01,2,Revenue,Subscription Revenue,Italy,Services,238188,259161,244111
2025-04-01,3,Revenue,Service Revenue,Italy,Services,142700,151177,143877
2025-04-01,4,Revenue,Support & Maintenance,Italy,Services,73703,77748,74411
2025-04-01,5,COGS,Direct Materials,Italy,Services,-106365,-118980,-120100
2025-04-01,6,COGS,Direct Labor,Italy,Services,-102991,-109828,-110860
2025-04-01,7,COGS,Cloud & Hosting,Italy,Services,-51046,-54914,-51870
2025-04-01,8,COGS,Support Delivery,Italy,Services,-39003,-41186,-39819
2025-04-01,9,Operating Expenses,Sales,Italy,Services,-73937,-82371,-81237
2025-04-01,10,Operating Expenses,Marketing,Italy,Services,-64958,-68643,-67784
2025-04-01,11,Operating Expenses,Research & Development,Italy,Services,-91395,-100676,-97938
2025-04-01,12,Operating Expenses,General & Administrative,Italy,Services,-52550,-59490,-57583
2025-04-01,13,Operating Expenses,IT & Systems,Italy,Services,-28170,-32033,-32521
2025-04-01,14,Operating Expenses,Facilities & Rent,Italy,Services,-24505,-27457,-26076
2025-04-01,15,Operating Expenses,Depreciation & Amort.,Italy,Services,-23334,-25169,-25466
2025-04-01,16,Other,Interest Income,Italy,Services,5121,5491,5427
2025-04-01,17,Other,Interest Expense,Italy,Services,-11352,-12813,-13024
2025-04-01,18,Other,FX Gain/(Loss),Italy,Services,-6532,-6864,-6469
2025-04-01,19,Other,Other Income/(Expense),Italy,Services,8171,9152,8659
2025-04-01,20,Other,Income Tax,Italy,Services,-38859,-41186,-41079
2025-04-01,1,Revenue,Product Revenue,Italy,Hardware,429083,460730,457012
2025-04-01,2,Revenue,Subscription Revenue,Italy,Hardware,305955,345547,332546
2025-04-01,3,Revenue,Service Revenue,Italy,Hardware,181595,201569,191075
2025-04-01,4,Revenue,Support & Maintenance,Italy,Hardware,97896,103664,102833
2025-04-01,5,COGS,Direct Materials,Italy,Hardware,-145195,-158641,-154326
2025-04-01,6,COGS,Direct Labor,Italy,Hardware,-130933,-146437,-141823
2025-04-01,7,COGS,Cloud & Hosting,Italy,Hardware,-65837,-73219,-73775
2025-04-01,8,COGS,Support Delivery,Italy,Hardware,-50487,-54914,-53149
2025-04-01,9,Operating Expenses,Sales,Italy,Hardware,-100951,-109828,-108797
2025-04-01,10,Operating Expenses,Marketing,Italy,Hardware,-85508,-91523,-90510
2025-04-01,11,Operating Expenses,Research & Development,Italy,Hardware,-119959,-134234,-134578
2025-04-01,12,Operating Expenses,General & Administrative,Italy,Hardware,-72822,-79320,-79378
2025-04-01,13,Operating Expenses,IT & Systems,Italy,Hardware,-38139,-42711,-41580
2025-04-01,14,Operating Expenses,Facilities & Rent,Italy,Hardware,-32515,-36609,-37275
2025-04-01,15,Operating Expenses,Depreciation & Amort.,Italy,Hardware,-31946,-33559,-32863
2025-04-01,16,Other,Interest Income,Italy,Hardware,6612,7322,7136
2025-04-01,17,Other,Interest Expense,Italy,Hardware,-15489,-17084,-17114
2025-04-01,18,Other,FX Gain/(Loss),Italy,Hardware,-8439,-9152,-9210
2025-04-01,19,Other,Other Income/(Expense),Italy,Hardware,11118,12203,12006
2025-04-01,20,Other,Income Tax,Italy,Hardware,-49058,-54914,-53357
2025-04-01,1,Revenue,Product Revenue,United States,Software,1171901,1316371,1274478
2025-04-01,2,Revenue,Subscription Revenue,United States,Software,893094,987278,973650
2025-04-01,3,Revenue,Service Revenue,United States,Software,543218,575912,580638
2025-04-01,4,Revenue,Support & Maintenance,United States,Software,277586,296184,301533
2025-04-01,5,COGS,Direct Materials,United States,Software,-409186,-453259,-451410
2025-04-01,6,COGS,Direct Labor,United States,Software,-380462,-418393,-399580
2025-04-01,7,COGS,Cloud & Hosting,United States,Software,-184173,-209196,-210435
2025-04-01,8,COGS,Support Delivery,United States,Software,-144423,-156897,-152429
2025-04-01,9,Operating Expenses,Sales,United States,Software,-277775,-313794,-298301
2025-04-01,10,Operating Expenses,Marketing,United States,Software,-232576,-261495,-261435
2025-04-01,11,Operating Expenses,Research & Development,United States,Software,-349829,-383527,-369930
2025-04-01,12,Operating Expenses,General & Administrative,United States,Software,-207696,-226629,-223383
2025-04-01,13,Operating Expenses,IT & Systems,United States,Software,-110591,-122031,-120674
2025-04-01,14,Operating Expenses,Facilities & Rent,United States,Software,-95141,-104598,-99386
2025-04-01,15,Operating Expenses,Depreciation & Amort.,United States,Software,-88456,-95882,-97503
2025-04-01,16,Other,Interest Income,United States,Software,18821,20920,20519
2025-04-01,17,Other,Interest Expense,United States,Software,-44086,-48812,-46682
2025-04-01,18,Other,FX Gain/(Loss),United States,Software,23247,26150,25503
2025-04-01,19,Other,Other Income/(Expense),United States,Software,-32492,-34866,-32922
2025-04-01,20,Other,Income Tax,United States,Software,-140540,-156897,-155345
2025-04-01,1,Revenue,Product Revenue,United States,Services,735842,789823,777509
2025-04-01,2,Revenue,Subscription Revenue,United States,Services,546652,592367,566236
2025-04-01,3,Revenue,Service Revenue,United States,Services,319682,345547,331368
2025-04-01,4,Revenue,Support & Maintenance,United States,Services,161250,177710,167653
2025-04-01,5,COGS,Direct Materials,United States,Services,-257165,-271955,-267186
2025-04-01,6,COGS,Direct Labor,United States,Services,-222526,-251036,-254239
2025-04-01,7,COGS,Cloud & Hosting,United States,Services,-117313,-125518,-123590
2025-04-01,8,COGS,Support Delivery,United States,Services,-86175,-94138,-95496
2025-04-01,9,Operating Expenses,Sales,United States,Services,-178580,-188277,-178788
2025-04-01,10,Operating Expenses,Marketing,United States,Services,-145587,-156897,-152277
2025-04-01,11,Operating Expenses,Research & Development,United States,Services,-212372,-230116,-232814
2025-04-01,12,Operating Expenses,General & Administrative,United States,Services,-126280,-135978,-128854
2025-04-01,13,Operating Expenses,IT & Systems,United States,Services,-65986,-73219,-70720
2025-04-01,14,Operating Expenses,Facilities & Rent,United States,Services,-55268,-62759,-63034
2025-04-01,15,Operating Expenses,Depreciation & Amort.,United States,Services,-54654,-57529,-57846
2025-04-01,16,Other,Interest Income,United States,Services,11426,12552,12070
2025-04-01,17,Other,Interest Expense,United States,Services,-25765,-29287,-28291
2025-04-01,18,Other,FX Gain/(Loss),United States,Services,-14253,-15690,-15157
2025-04-01,19,Other,Other Income/(Expense),United States,Services,19863,20920,20794
2025-04-01,20,Other,Income Tax,United States,Services,-86790,-94138,-89222
2025-04-01,1,Revenue,Product Revenue,United States,Hardware,972180,1053097,1048066
2025-04-01,2,Revenue,Subscription Revenue,United States,Hardware,705421,789823,753361
2025-04-01,3,Revenue,Service Revenue,United States,Hardware,421704,460730,455801
2025-04-01,4,Revenue,Support & Maintenance,United States,Hardware,217297,236947,228933
2025-04-01,5,COGS,Direct Materials,United States,Hardware,-331836,-362607,-349593
2025-04-01,6,COGS,Direct Labor,United States,Hardware,-306078,-334714,-334288
2025-04-01,7,COGS,Cloud & Hosting,United States,Hardware,-148010,-167357,-162077
2025-04-01,8,COGS,Support Delivery,United States,Hardware,-112227,-125518,-126057
2025-04-01,9,Operating Expenses,Sales,United States,Hardware,-231708,-251036,-243514
2025-04-01,10,Operating Expenses,Marketing,United States,Hardware,-186145,-209196,-202490
2025-04-01,11,Operating Expenses,Research & Development,United States,Hardware,-283306,-306821,-295090
2025-04-01,12,Operating Expenses,General & Administrative,United States,Hardware,-163011,-181303,-174429
2025-04-01,13,Operating Expenses,IT & Systems,United States,Hardware,-88580,-97625,-98863
2025-04-01,14,Operating Expenses,Facilities & Rent,United States,Hardware,-77138,-83679,-80369
2025-04-01,15,Operating Expenses,Depreciation & Amort.,United States,Hardware,-70707,-76705,-75769
2025-04-01,16,Other,Interest Income,United States,Hardware,15533,16736,16628
2025-04-01,17,Other,Interest Expense,United States,Hardware,-35421,-39050,-38575
2025-04-01,18,Other,FX Gain/(Loss),United States,Hardware,19160,20920,19727
2025-04-01,19,Other,Other Income/(Expense),United States,Hardware,-26317,-27893,-26619
2025-04-01,20,Other,Income Tax,United States,Hardware,-114344,-125518,-123309
2025-04-01,1,Revenue,Product Revenue,Nordics,Software,367332,411366,416352
2025-04-01,2,Revenue,Subscription Revenue,Nordics,Software,293590,308525,304337
2025-04-01,3,Revenue,Service Revenue,Nordics,Software,170834,179973,175942
2025-04-01,4,Revenue,Support & Maintenance,Nordics,Software,82481,92557,93884
2025-04-01,5,COGS,Direct Materials,Nordics,Software,-132322,-141643,-140805
2025-04-01,6,COGS,Direct Labor,Nordics,Software,-117870,-130748,-132919
2025-04-01,7,COGS,Cloud & Hosting,Nordics,Software,-61201,-65374,-66624
2025-04-01,8,COGS,Support Delivery,Nordics,Software,-43330,-49030,-49679
2025-04-01,9,Operating Expenses,Sales,Nordics,Software,-93312,-98061,-97712
2025-04-01,10,Operating Expenses,Marketing,Nordics,Software,-72140,-81717,-80040
2025-04-01,11,Operating Expenses,Research & Development,Nordics,Software,-106688,-119852,-114573
2025-04-01,12,Operating Expenses,General & Administrative,Nordics,Software,-63261,-70822,-70939
2025-04-01,13,Operating Expenses,IT & Systems,Nordics,Software,-33531,-38135,-37617
2025-04-01,14,Operating Expenses,Facilities & Rent,Nordics,Software,-30677,-32687,-31960
2025-04-01,15,Operating Expenses,Depreciation & Amort.,Nordics,Software,-26997,-29963,-29218
2025-04-01,16,Other,Interest Income,Nordics,Software,6064,6537,6578
2025-04-01,17,Other,Interest Expense,Nordics,Software,-13429,-15254,-14983
2025-04-01,18,Other,FX Gain/(Loss),Nordics,Software,7549,8172,7936
2025-04-01,19,Other,Other Income/(Expense),Nordics,Software,9822,10896,10685
2025-04-01,20,Other,Income Tax,Nordics,Software,-44715,-49030,-46918
2025-04-01,1,Revenue,Product Revenue,Nordics,Services,228841,246820,238192
2025-04-01,2,Revenue,Subscription Revenue,Nordics,Services,172376,185115,186833
2025-04-01,3,Revenue,Service Revenue,Nordics,Services,98844,107984,107260
2025-04-01,4,Revenue,Support & Maintenance,Nordics,Services,49250,55534,53391
2025-04-01,5,COGS,Direct Materials,Nordics,Services,-79623,-84986,-84355
2025-04-01,6,COGS,Direct Labor,Nordics,Services,-69084,-78449,-76304
2025-04-01,7,COGS,Cloud & Hosting,Nordics,Services,-36639,-39224,-38970
2025-04-01,8,COGS,Support Delivery,Nordics,Services,-26282,-29418,-28415
2025-04-01,9,Operating Expenses,Sales,Nordics,Services,-53211,-58836,-57700
2025-04-01,10,Operating Expenses,Marketing,Nordics,Services,-46499,-49030,-49797
2025-04-01,11,Operating Expenses,Research & Development,Nordics,Services,-66608,-71911,-72586
2025-04-01,12,Operating Expenses,General & Administrative,Nordics,Services,-38962,-42493,-40797
2025-04-01,13,Operating Expenses,IT & Systems,Nordics,Services,-20677,-22881,-21852
2025-04-01,14,Operating Expenses,Facilities & Rent,Nordics,Services,-18014,-19612,-18508
2025-04-01,15,Operating Expenses,Depreciation & Amort.,Nordics,Services,-16157,-17978,-17393
2025-04-01,16,Other,Interest Income,Nordics,Services,3563,3922,3783
2025-04-01,17,Other,Interest Expense,Nordics,Services,-8100,-9152,-8994
2025-04-01,18,Other,FX Gain/(Loss),Nordics,Services,-4348,-4903,-4791
2025-04-01,19,Other,Other Income/(Expense),Nordics,Services,-5871,-6537,-6164
2025-04-01,20,Other,Income Tax,Nordics,Services,-28011,-29418,-27988
2025-04-01,1,Revenue,Product Revenue,Nordics,Hardware,300299,329093,333067
2025-04-01,2,Revenue,Subscription Revenue,Nordics,Hardware,231574,246820,243228
2025-04-01,3,Revenue,Service Revenue,Nordics,Hardware,126667,143978,138028
2025-04-01,4,Revenue,Support & Maintenance,Nordics,Hardware,67165,74046,74540
2025-04-01,5,COGS,Direct Materials,Nordics,Hardware,-104694,-113315,-110246
2025-04-01,6,COGS,Direct Labor,Nordics,Hardware,-98710,-104598,-105813
2025-04-01,7,COGS,Cloud & Hosting,Nordics,Hardware,-47842,-52299,-53276
2025-04-01,8,COGS,Support Delivery,Nordics,Hardware,-35588,-39224,-37902
2025-04-01,9,Operating Expenses,Sales,Nordics,Hardware,-73907,-78449,-77112
2025-04-01,10,Operating Expenses,Marketing,Nordics,Hardware,-60583,-65374,-63419
2025-04-01,11,Operating Expenses,Research & Development,Nordics,Hardware,-91255,-95882,-93051
2025-04-01,12,Operating Expenses,General & Administrative,Nordics,Hardware,-52415,-56657,-54202
2025-04-01,13,Operating Expenses,IT & Systems,Nordics,Hardware,-27548,-30508,-29478
2025-04-01,14,Operating Expenses,Facilities & Rent,Nordics,Hardware,-23335,-26150,-26589
2025-04-01,15,Operating Expenses,Depreciation & Amort.,Nordics,Hardware,-22387,-23970,-23696
2025-04-01,16,Other,Interest Income,Nordics,Hardware,4805,5230,4967
2025-04-01,17,Other,Interest Expense,Nordics,Hardware,-11333,-12203,-12326
2025-04-01,18,Other,FX Gain/(Loss),Nordics,Hardware,-6041,-6537,-6412
2025-04-01,19,Other,Other Income/(Expense),Nordics,Hardware,8237,8717,8380
2025-04-01,20,Other,Income Tax,Nordics,Hardware,-34835,-39224,-38119
2025-05-01,1,Revenue,Product Revenue,France,Software,711486,778158,760603
2025-05-01,2,Revenue,Subscription Revenue,France,Software,542672,583619,550912
2025-05-01,3,Revenue,Service Revenue,France,Software,302018,340444,322711
2025-05-01,4,Revenue,Support & Maintenance,France,Software,163721,175086,168782
2025-05-01,5,COGS,Direct Materials,France,Software,-249441,-280590,-266136
2025-05-01,6,COGS,Direct Labor,France,Software,-232301,-259007,-247975
2025-05-01,7,COGS,Cloud & Hosting,France,Software,-121423,-129503,-124729
2025-05-01,8,COGS,Support Delivery,France,Software,-89888,-97127,-96380
2025-05-01,9,Operating Expenses,Sales,France,Software,-183985,-194255,-185903
2025-05-01,10,Operating Expenses,Marketing,France,Software,-152205,-161879,-157967
2025-05-01,11,Operating Expenses,Research & Development,France,Software,-215840,-237423,-230243
2025-05-01,12,Operating Expenses,General & Administrative,France,Software,-129210,-140295,-133351
2025-05-01,13,Operating Expenses,IT & Systems,France,Software,-68321,-75544,-71872
2025-05-01,14,Operating Expenses,Facilities & Rent,France,Software,-60562,-64752,-63206
2025-05-01,15,Operating Expenses,Depreciation & Amort.,France,Software,-53576,-59356,-57161
2025-05-01,16,Other,Interest Income,France,Software,11572,12950,12202
2025-05-01,17,Other,Interest Expense,France,Software,-26948,-30217,-28712
2025-05-01,18,Other,FX Gain/(Loss),France,Software,15354,16188,16328
2025-05-01,19,Other,Other Income/(Expense),France,Software,20383,21584,20371
2025-05-01,20,Other,Income Tax,France,Software,-90291,-97127,-95559
2025-05-01,1,Revenue,Product Revenue,France,Services,426761,466895,466625
2025-05-01,2,Revenue,Subscription Revenue,France,Services,332950,350171,345689
2025-05-01,3,Revenue,Service Revenue,France,Services,184710,204267,195505
2025-05-01,4,Revenue,Support & Maintenance,France,Services,98986,105051,102138
2025-05-01,5,COGS,Direct Materials,France,Services,-153730,-168354,-163957
2025-05-01,6,COGS,Direct Labor,France,Services,-142515,-155404,-148044
2025-05-01,7,COGS,Cloud & Hosting,France,Services,-72715,-77702,-73916
2025-05-01,8,COGS,Support Delivery,France,Services,-53710,-58276,-55795
2025-05-01,9,Operating Expenses,Sales,France,Services,-107945,-116553,-114641
2025-05-01,10,Operating Expenses,Marketing,France,Services,-90394,-97127,-98674
2025-05-01,11,Operating Expenses,Research & Development,France,Services,-126183,-142454,-143908
2025-05-01,12,Operating Expenses,General & Administrative,France,Services,-79142,-84177,-81689
2025-05-01,13,Operating Expenses,IT & Systems,France,Services,-40537,-45326,-43638
2025-05-01,14,Operating Expenses,Facilities & Rent,France,Services,-36674,-38851,-37984
2025-05-01,15,Operating Expenses,Depreciation & Amort.,France,Services,-32417,-35613,-34884
2025-05-01,16,Other,Interest Income,France,Services,7317,7770,7715
2025-05-01,17,Other,Interest Expense,France,Services,-17124,-18130,-18117
2025-05-01,18,Other,FX Gain/(Loss),France,Services,9038,9713,9243
2025-05-01,19,Other,Other Income/(Expense),France,Services,-11482,-12950,-13143
2025-05-01,20,Other,Income Tax,France,Services,-51910,-58276,-57137
2025-05-01,1,Revenue,Product Revenue,France,Hardware,571305,622527,630708
2025-05-01,2,Revenue,Subscription Revenue,France,Hardware,415406,466895,475251
2025-05-01,3,Revenue,Service Revenue,France,Hardware,240586,272355,263304
2025-05-01,4,Revenue,Support & Maintenance,France,Hardware,132441,140069,138417
2025-05-01,5,COGS,Direct Materials,France,Hardware,-213745,-224472,-220370
2025-05-01,6,COGS,Direct Labor,France,Hardware,-191033,-207205,-201658
2025-05-01,7,COGS,Cloud & Hosting,France,Hardware,-94192,-103603,-104461
2025-05-01,8,COGS,Support Delivery,France,Hardware,-71340,-77702,-78817
2025-05-01,9,Operating Expenses,Sales,France,Hardware,-143154,-155404,-153961
2025-05-01,10,Operating Expenses,Marketing,France,Hardware,-120107,-129503,-130916
2025-05-01,11,Operating Expenses,Research & Development,France,Hardware,-172243,-189938,-190740
2025-05-01,12,Operating Expenses,General & Administrative,France,Hardware,-98820,-112236,-111703
2025-05-01,13,Operating Expenses,IT & Systems,France,Hardware,-54976,-60435,-58743
2025-05-01,14,Operating Expenses,Facilities & Rent,France,Hardware,-46464,-51801,-51878
2025-05-01,15,Operating Expenses,Depreciation & Amort.,France,Hardware,-45009,-47485,-46199
2025-05-01,16,Other,Interest Income,France,Hardware,9205,10360,10191
2025-05-01,17,Other,Interest Expense,France,Hardware,-21331,-24174,-24518
2025-05-01,18,Other,FX Gain/(Loss),France,Hardware,-12059,-12950,-12430
2025-05-01,19,Other,Other Income/(Expense),France,Hardware,-15713,-17267,-16403
2025-05-01,20,Other,Income Tax,France,Hardware,-71639,-77702,-77661
2025-05-01,1,Revenue,Product Revenue,Germany,Software,837104,933790,907244
2025-05-01,2,Revenue,Subscription Revenue,Germany,Software,657802,700343,677464
2025-05-01,3,Revenue,Service Revenue,Germany,Software,370017,408533,414044
2025-05-01,4,Revenue,Support & Maintenance,Germany,Software,196294,210103,210983
2025-05-01,5,COGS,Direct Materials,Germany,Software,-307243,-336709,-340967
2025-05-01,6,COGS,Direct Labor,Germany,Software,-280083,-310808,-308000
2025-05-01,7,COGS,Cloud & Hosting,Germany,Software,-141857,-155404,-147217
2025-05-01,8,COGS,Support Delivery,Germany,Software,-105608,-116553,-115769
2025-05-01,9,Operating Expenses,Sales,Germany,Software,-218842,-233106,-232752
2025-05-01,10,Operating Expenses,Marketing,Germany,Software,-184537,-194255,-187530
2025-05-01,11,Operating Expenses,Research & Development,Germany,Software,-263951,-284907,-283354
2025-05-01,12,Operating Expenses,General & Administrative,Germany,Software,-152540,-168354,-161794
2025-05-01,13,Operating Expenses,IT & Systems,Germany,Software,-81582,-90652,-90869
2025-05-01,14,Operating Expenses,Facilities & Rent,Germany,Software,-71627,-77702,-75849
2025-05-01,15,Operating Expenses,Depreciation & Amort.,Germany,Software,-65444,-71227,-69544
2025-05-01,16,Other,Interest Income,Germany,Software,14153,15540,15517
2025-05-01,17,Other,Interest Expense,Germany,Software,-32763,-36261,-34360
2025-05-01,18,Other,FX Gain/(Loss),Germany,Software,17273,19425,18673
2025-05-01,19,Other,Other Income/(Expense),Germany,Software,23684,25901,24666
2025-05-01,20,Other,Income Tax,Germany,Software,-110638,-116553,-111279
2025-05-01,1,Revenue,Product Revenue,Germany,Services,529974,560274,543902
2025-05-01,2,Revenue,Subscription Revenue,Germany,Services,399396,420206,419075
2025-05-01,3,Revenue,Service Revenue,Germany,Services,217360,245120,234042
2025-05-01,4,Revenue,Support & Maintenance,Germany,Services,116930,126062,123903
2025-05-01,5,COGS,Direct Materials,Germany,Services,-185615,-202025,-204313
2025-05-01,6,COGS,Direct Labor,Germany,Services,-176894,-186485,-187992
2025-05-01,7,COGS,Cloud & Hosting,Germany,Services,-87893,-93242,-93524
2025-05-01,8,COGS,Support Delivery,Germany,Services,-62238,-69932,-69882
2025-05-01,9,Operating Expenses,Sales,Germany,Services,-128569,-139864,-136498
2025-05-01,10,Operating Expenses,Marketing,Germany,Services,-109517,-116553,-112689
2025-05-01,11,Operating Expenses,Research & Development,Germany,Services,-151925,-170944,-161718
2025-05-01,12,Operating Expenses,General & Administrative,Germany,Services,-92751,-101013,-96828
2025-05-01,13,Operating Expenses,IT & Systems,Germany,Services,-48846,-54391,-52602
2025-05-01,14,Operating Expenses,Facilities & Rent,Germany,Services,-44165,-46621,-44640
2025-05-01,15,Operating Expenses,Depreciation & Amort.,Germany,Services,-37770,-42736,-43168
2025-05-01,16,Other,Interest Income,Germany,Services,8299,9324,9351
2025-05-01,17,Other,Interest Expense,Germany,Services,-19963,-21757,-21118
2025-05-01,18,Other,FX Gain/(Loss),Germany,Services,-10607,-11655,-11270
2025-05-01,19,Other,Other Income/(Expense),Germany,Services,-14274,-15540,-15390
2025-05-01,20,Other,Income Tax,Germany,Services,-64903,-69932,-69253
2025-05-01,1,Revenue,Product Revenue,Germany,Hardware,665110,747032,720554
2025-05-01,2,Revenue,Subscription Revenue,Germany,Hardware,510531,560274,536718
2025-05-01,3,Revenue,Service Revenue,Germany,Hardware,287618,326827,324885
2025-05-01,4,Revenue,Support & Maintenance,Germany,Hardware,155948,168082,168498
2025-05-01,5,COGS,Direct Materials,Germany,Hardware,-254042,-269367,-266344
2025-05-01,6,COGS,Direct Labor,Germany,Hardware,-222317,-248646,-247996
2025-05-01,7,COGS,Cloud & Hosting,Germany,Hardware,-110506,-124323,-123372
2025-05-01,8,COGS,Support Delivery,Germany,Hardware,-86591,-93242,-89001
2025-05-01,9,Operating Expenses,Sales,Germany,Hardware,-167384,-186485,-178065
2025-05-01,10,Operating Expenses,Marketing,Germany,Hardware,-139988,-155404,-150320
2025-05-01,11,Operating Expenses,Research & Development,Germany,Hardware,-213583,-227926,-228351
2025-05-01,12,Operating Expenses,General & Administrative,Germany,Hardware,-128206,-134683,-129012
2025-05-01,13,Operating Expenses,IT & Systems,Germany,Hardware,-65939,-72522,-70017
2025-05-01,14,Operating Expenses,Facilities & Rent,Germany,Hardware,-55054,-62162,-63075
2025-05-01,15,Operating Expenses,Depreciation & Amort.,Germany,Hardware,-53350,-56981,-55440
2025-05-01,16,Other,Interest Income,Germany,Hardware,11203,12432,11923
2025-05-01,17,Other,Interest Expense,Germany,Hardware,-26382,-29009,-28591
2025-05-01,18,Other,FX Gain/(Loss),Germany,Hardware,-14385,-15540,-15432
2025-05-01,19,Other,Other Income/(Expense),Germany,Hardware,-19686,-20721,-20283
2025-05-01,20,Other,Income Tax,Germany,Hardware,-85174,-93242,-90413
2025-05-01,1,Revenue,Product Revenue,United Kingdom,Software,654835,700343,663712
2025-05-01,2,Revenue,Subscription Revenue,United Kingdom,Software,492530,525257,510583
2025-05-01,3,Revenue,Service Revenue,United Kingdom,Software,270996,306400,300648
2025-05-01,4,Revenue,Support & Maintenance,United Kingdom,Software,139019,157577,158469
2025-05-01,5,COGS,Direct Materials,United Kingdom,Software,-236188,-252531,-253806
2025-05-01,6,COGS,Direct Labor,United Kingdom,Software,-210516,-233106,-228159
2025-05-01,7,COGS,Cloud & Hosting,United Kingdom,Software,-106220,-116553,-117426
2025-05-01,8,COGS,Support Delivery,United Kingdom,Software,-81634,-87415,-87477
2025-05-01,9,Operating Expenses,Sales,United Kingdom,Software,-161978,-174829,-168932
2025-05-01,10,Operating Expenses,Marketing,United Kingdom,Software,-132033,-145691,-145984
2025-05-01,11,Operating Expenses,Research & Development,United Kingdom,Software,-194057,-213680,-202736
2025-05-01,12,Operating Expenses,General & Administrative,United Kingdom,Software,-119767,-126266,-119103
2025-05-01,13,Operating Expenses,IT & Systems,United Kingdom,Software,-60706,-67989,-68062
2025-05-01,14,Operating Expenses,Facilities & Rent,United Kingdom,Software,-55010,-58276,-58516
2025-05-01,15,Operating Expenses,Depreciation & Amort.,United Kingdom,Software,-47268,-53420,-52043
2025-05-01,16,Other,Interest Income,United Kingdom,Software,10441,11655,11250
2025-05-01,17,Other,Interest Expense,United Kingdom,Software,-24065,-27196,-26763
2025-05-01,18,Other,FX Gain/(Loss),United Kingdom,Software,13803,14569,14231
2025-05-01,19,Other,Other Income/(Expense),United Kingdom,Software,17618,19425,19300
2025-05-01,20,Other,Income Tax,United Kingdom,Software,-80015,-87415,-85016
2025-05-01,1,Revenue,Product Revenue,United Kingdom,Services,377981,420206,412146
2025-05-01,2,Revenue,Subscription Revenue,United Kingdom,Services,291257,315154,312410
2025-05-01,3,Revenue,Service Revenue,United Kingdom,Services,173923,183840,186159
2025-05-01,4,Revenue,Support & Maintenance,United Kingdom,Services,85828,94546,92243
2025-05-01,5,COGS,Direct Materials,United Kingdom,Services,-143489,-151519,-152882
2025-05-01,6,COGS,Direct Labor,United Kingdom,Services,-129152,-139864,-135782
2025-05-01,7,COGS,Cloud & Hosting,United Kingdom,Services,-65791,-69932,-66973
2025-05-01,8,COGS,Support Delivery,United Kingdom,Services,-46627,-52449,-51460
2025-05-01,9,Operating Expenses,Sales,United Kingdom,Services,-95810,-104898,-100832
2025-05-01,10,Operating Expenses,Marketing,United Kingdom,Services,-78429,-87415,-88930
2025-05-01,11,Operating Expenses,Research & Development,United Kingdom,Services,-115729,-128208,-129961
2025-05-01,12,Operating Expenses,General & Administrative,United Kingdom,Services,-66894,-75759,-75640
2025-05-01,13,Operating Expenses,IT & Systems,United Kingdom,Services,-38561,-40794,-39869
2025-05-01,14,Operating Expenses,Facilities & Rent,United Kingdom,Services,-33249,-34966,-34433
2025-05-01,15,Operating Expenses,Depreciation & Amort.,United Kingdom,Services,-28384,-32052,-31575
2025-05-01,16,Other,Interest Income,United Kingdom,Services,6396,6993,6863
2025-05-01,17,Other,Interest Expense,United Kingdom,Services,-14866,-16317,-16106
2025-05-01,18,Other,FX Gain/(Loss),United Kingdom,Services,7879,8741,8899
2025-05-01,19,Other,Other Income/(Expense),United Kingdom,Services,10270,11655,11116
2025-05-01,20,Other,Income Tax,United Kingdom,Services,-48705,-52449,-50942
2025-05-01,1,Revenue,Product Revenue,United Kingdom,Hardware,523377,560274,547078
2025-05-01,2,Revenue,Subscription Revenue,United Kingdom,Hardware,384543,420206,418918
2025-05-01,3,Revenue,Service Revenue,United Kingdom,Hardware,222303,245120,235367
2025-05-01,4,Revenue,Support & Maintenance,United Kingdom,Hardware,114541,126062,118719
2025-05-01,5,COGS,Direct Materials,United Kingdom,Hardware,-178986,-202025,-190511
2025-05-01,6,COGS,Direct Labor,United Kingdom,Hardware,-164766,-186485,-180594
2025-05-01,7,COGS,Cloud & Hosting,United Kingdom,Hardware,-85904,-93242,-88950
2025-05-01,8,COGS,Support Delivery,United Kingdom,Hardware,-62926,-69932,-70736
2025-05-01,9,Operating Expenses,Sales,United Kingdom,Hardware,-127058,-139864,-135245
2025-05-01,10,Operating Expenses,Marketing,United Kingdom,Hardware,-109792,-116553,-116384
2025-05-01,11,Operating Expenses,Research & Development,United Kingdom,Hardware,-157136,-170944,-167096
2025-05-01,12,Operating Expenses,General & Administrative,United Kingdom,Hardware,-89320,-101013,-97742
2025-05-01,13,Operating Expenses,IT & Systems,United Kingdom,Hardware,-48970,-54391,-51226
2025-05-01,14,Operating Expenses,Facilities & Rent,United Kingdom,Hardware,-44090,-46621,-44763
2025-05-01,15,Operating Expenses,Depreciation & Amort.,United Kingdom,Hardware,-40639,-42736,-43499
2025-05-01,16,Other,Interest Income,United Kingdom,Hardware,8875,9324,8836
2025-05-01,17,Other,Interest Expense,United Kingdom,Hardware,-20030,-21757,-21632
2025-05-01,18,Other,FX Gain/(Loss),United Kingdom,Hardware,-10804,-11655,-11840
2025-05-01,19,Other,Other Income/(Expense),United Kingdom,Hardware,-14779,-15540,-14958
2025-05-01,20,Other,Income Tax,United Kingdom,Hardware,-64264,-69932,-69852
2025-05-01,1,Revenue,Product Revenue,Spain,Software,427545,466895,462986
2025-05-01,2,Revenue,Subscription Revenue,Spain,Software,330839,350171,334861
2025-05-01,3,Revenue,Service Revenue,Spain,Software,187958,204267,205548
2025-05-01,4,Revenue,Support & Maintenance,Spain,Software,98871,105051,99570
2025-05-01,5,COGS,Direct Materials,Spain,Software,-151202,-168354,-160546
2025-05-01,6,COGS,Direct Labor,Spain,Software,-139488,-155404,-152377
2025-05-01,7,COGS,Cloud & Hosting,Spain,Software,-71390,-77702,-74828
2025-05-01,8,COGS,Support Delivery,Spain,Software,-51957,-58276,-57567
2025-05-01,9,Operating Expenses,Sales,Spain,Software,-105243,-116553,-113054
2025-05-01,10,Operating Expenses,Marketing,Spain,Software,-91221,-97127,-92312
2025-05-01,11,Operating Expenses,Research & Development,Spain,Software,-129301,-142454,-139490
2025-05-01,12,Operating Expenses,General & Administrative,Spain,Software,-75107,-84177,-84181
2025-05-01,13,Operating Expenses,IT & Systems,Spain,Software,-41235,-45326,-43760
2025-05-01,14,Operating Expenses,Facilities & Rent,Spain,Software,-34978,-38851,-38775
2025-05-01,15,Operating Expenses,Depreciation & Amort.,Spain,Software,-31800,-35613,-33575
2025-05-01,16,Other,Interest Income,Spain,Software,7026,7770,7357
2025-05-01,17,Other,Interest Expense,Spain,Software,-16786,-18130,-18334
2025-05-01,18,Other,FX Gain/(Loss),Spain,Software,-8632,-9713,-9400
2025-05-01,19,Other,Other Income/(Expense),Spain,Software,-11806,-12950,-12469
2025-05-01,20,Other,Income Tax,Spain,Software,-53175,-58276,-58891
2025-05-01,1,Revenue,Product Revenue,Spain,Services,248390,280137,282655
2025-05-01,2,Revenue,Subscription Revenue,Spain,Services,192036,210103,202108
2025-05-01,3,Revenue,Service Revenue,Spain,Services,114217,122560,118254
2025-05-01,4,Revenue,Support & Maintenance,Spain,Services,55788,63031,61592
2025-05-01,5,COGS,Direct Materials,Spain,Services,-90608,-101013,-102870
2025-05-01,6,COGS,Direct Labor,Spain,Services,-82014,-93242,-91261
2025-05-01,7,COGS,Cloud & Hosting,Spain,Services,-41713,-46621,-43895
2025-05-01,8,COGS,Support Delivery,Spain,Services,-32049,-34966,-34859
2025-05-01,9,Operating Expenses,Sales,Spain,Services,-61542,-69932,-67369
2025-05-01,10,Operating Expenses,Marketing,Spain,Services,-53400,-58276,-58942
2025-05-01,11,Operating Expenses,Research & Development,Spain,Services,-75304,-85472,-82294
2025-05-01,12,Operating Expenses,General & Administrative,Spain,Services,-45389,-50506,-48499
2025-05-01,13,Operating Expenses,IT & Systems,Spain,Services,-24135,-27196,-26716
2025-05-01,14,Operating Expenses,Facilities & Rent,Spain,Services,-21625,-23311,-22426
2025-05-01,15,Operating Expenses,Depreciation & Amort.,Spain,Services,-19174,-21368,-21744
2025-05-01,16,Other,Interest Income,Spain,Services,4253,4662,4505
2025-05-01,17,Other,Interest Expense,Spain,Services,-9835,-10878,-10592
2025-05-01,18,Other,FX Gain/(Loss),Spain,Services,5235,5828,5813
2025-05-01,19,Other,Other Income/(Expense),Spain,Services,7270,7770,7570
2025-05-01,20,Other,Income Tax,Spain,Services,-31319,-34966,-34509
2025-05-01,1,Revenue,Product Revenue,Spain,Hardware,328713,373516,357314
2025-05-01,2,Revenue,Subscription Revenue,Spain,Hardware,253449,280137,274003
2025-05-01,3,Revenue,Service Revenue,Spain,Hardware,150502,163413,163935
2025-05-01,4,Revenue,Support & Maintenance,Spain,Hardware,76585,84041,82328
2025-05-01,5,COGS,Direct Materials,Spain,Hardware,-124909,-134683,-133783
2025-05-01,6,COGS,Direct Labor,Spain,Hardware,-112812,-124323,-120072
2025-05-01,7,COGS,Cloud & Hosting,Spain,Hardware,-58539,-62162,-59846
2025-05-01,8,COGS,Support Delivery,Spain,Hardware,-42096,-46621,-44106
2025-05-01,9,Operating Expenses,Sales,Spain,Hardware,-83837,-93242,-94038
2025-05-01,10,Operating Expenses,Marketing,Spain,Hardware,-69732,-77702,-78294
2025-05-01,11,Operating Expenses,Research & Development,Spain,Hardware,-100762,-113963,-111806
2025-05-01,12,Operating Expenses,General & Administrative,Spain,Hardware,-63655,-67342,-66930
2025-05-01,13,Operating Expenses,IT & Systems,Spain,Hardware,-33618,-36261,-35902
2025-05-01,14,Operating Expenses,Facilities & Rent,Spain,Hardware,-29559,-31081,-29873
2025-05-01,15,Operating Expenses,Depreciation & Amort.,Spain,Hardware,-26248,-28491,-27588
2025-05-01,16,Other,Interest Income,Spain,Hardware,5921,6216,6158
2025-05-01,17,Other,Interest Expense,Spain,Hardware,-13665,-14504,-14038
2025-05-01,18,Other,FX Gain/(Loss),Spain,Hardware,7399,7770,7618
2025-05-01,19,Other,Other Income/(Expense),Spain,Hardware,9751,10360,10490
2025-05-01,20,Other,Income Tax,Spain,Hardware,-43487,-46621,-45822
2025-05-01,1,Revenue,Product Revenue,Italy,Software,507701,544711,543656
2025-05-01,2,Revenue,Subscription Revenue,Italy,Software,362775,408533,400332
2025-05-01,3,Revenue,Service Revenue,Italy,Software,216076,238311,227383
2025-05-01,4,Revenue,Support & Maintenance,Italy,Software,115511,122560,117667
2025-05-01,5,COGS,Direct Materials,Italy,Software,-176134,-196413,-185944
2025-05-01,6,COGS,Direct Labor,Italy,Software,-164586,-181305,-175808
2025-05-01,7,COGS,Cloud & Hosting,Italy,Software,-84863,-90652,-88223
2025-05-01,8,COGS,Support Delivery,Italy,Software,-62971,-67989,-68538
2025-05-01,9,Operating Expenses,Sales,Italy,Software,-121438,-135978,-136391
2025-05-01,10,Operating Expenses,Marketing,Italy,Software,-101051,-113315,-113144
2025-05-01,11,Operating Expenses,Research & Development,Italy,Software,-153350,-166196,-162124
2025-05-01,12,Operating Expenses,General & Administrative,Italy,Software,-91956,-98207,-97301
2025-05-01,13,Operating Expenses,IT & Systems,Italy,Software,-46869,-52881,-50836
2025-05-01,14,Operating Expenses,Facilities & Rent,Italy,Software,-42063,-45326,-44808
2025-05-01,15,Operating Expenses,Depreciation & Amort.,Italy,Software,-37596,-41549,-39543
2025-05-01,16,Other,Interest Income,Italy,Software,7989,9065,8773
2025-05-01,17,Other,Interest Expense,Italy,Software,-19051,-21152,-21191
2025-05-01,18,Other,FX Gain/(Loss),Italy,Software,-10052,-11332,-10857
2025-05-01,19,Other,Other Income/(Expense),Italy,Software,-14051,-15109,-14561
2025-05-01,20,Other,Income Tax,Italy,Software,-60134,-67989,-66133
2025-05-01,1,Revenue,Product Revenue,Italy,Services,300690,326827,331792
2025-05-01,2,Revenue,Subscription Revenue,Italy,Services,231484,245120,233843
2025-05-01,3,Revenue,Service Revenue,Italy,Services,128870,142987,134927
2025-05-01,4,Revenue,Support & Maintenance,Italy,Services,67745,73536,70155
2025-05-01,5,COGS,Direct Materials,Italy,Services,-110869,-117848,-115076
2025-05-01,6,COGS,Direct Labor,Italy,Services,-102296,-108783,-104705
2025-05-01,7,COGS,Cloud & Hosting,Italy,Services,-49661,-54391,-53505
2025-05-01,8,COGS,Support Delivery,Italy,Services,-36956,-40794,-39309
2025-05-01,9,Operating Expenses,Sales,Italy,Services,-77113,-81587,-77840
2025-05-01,10,Operating Expenses,Marketing,Italy,Services,-63907,-67989,-64642
2025-05-01,11,Operating Expenses,Research & Development,Italy,Services,-90269,-99718,-101405
2025-05-01,12,Operating Expenses,General & Administrative,Italy,Services,-53056,-58924,-58141
2025-05-01,13,Operating Expenses,IT & Systems,Italy,Services,-28289,-31728,-32135
2025-05-01,14,Operating Expenses,Facilities & Rent,Italy,Services,-24014,-27196,-25965
2025-05-01,15,Operating Expenses,Depreciation & Amort.,Italy,Services,-22530,-24929,-23533
2025-05-01,16,Other,Interest Income,Italy,Services,4852,5439,5377
2025-05-01,17,Other,Interest Expense,Italy,Services,-11310,-12691,-12056
2025-05-01,18,Other,FX Gain/(Loss),Italy,Services,-6215,-6799,-6607
2025-05-01,19,Other,Other Income/(Expense),Italy,Services,8376,9065,8759
2025-05-01,20,Other,Income Tax,Italy,Services,-38837,-40794,-39123
2025-05-01,1,Revenue,Product Revenue,Italy,Hardware,399610,435769,424470
2025-05-01,2,Revenue,Subscription Revenue,Italy,Hardware,310966,326827,327107
2025-05-01,3,Revenue,Service Revenue,Italy,Hardware,167949,190649,186512
2025-05-01,4,Revenue,Support & Maintenance,Italy,Hardware,90703,98048,96572
2025-05-01,5,COGS,Direct Materials,Italy,Hardware,-147615,-157131,-149714
2025-05-01,6,COGS,Direct Labor,Italy,Hardware,-134544,-145044,-143833
2025-05-01,7,COGS,Cloud & Hosting,Italy,Hardware,-64608,-72522,-71443
2025-05-01,8,COGS,Support Delivery,Italy,Hardware,-51190,-54391,-53039
2025-05-01,9,Operating Expenses,Sales,Italy,Hardware,-102876,-108783,-108389
2025-05-01,10,Operating Expenses,Marketing,Italy,Hardware,-84488,-90652,-92141
2025-05-01,11,Operating Expenses,Research & Development,Italy,Hardware,-116918,-132957,-127133
2025-05-01,12,Operating Expenses,General & Administrative,Italy,Hardware,-72678,-78565,-79502
2025-05-01,13,Operating Expenses,IT & Systems,Italy,Hardware,-37402,-42304,-40040
2025-05-01,14,Operating Expenses,Facilities & Rent,Italy,Hardware,-32724,-36261,-36942
2025-05-01,15,Operating Expenses,Depreciation & Amort.,Italy,Hardware,-31403,-33239,-32108
2025-05-01,16,Other,Interest Income,Italy,Hardware,6808,7252,7078
2025-05-01,17,Other,Interest Expense,Italy,Hardware,-15423,-16922,-16572
2025-05-01,18,Other,FX Gain/(Loss),Italy,Hardware,-8456,-9065,-8753
2025-05-01,19,Other,Other Income/(Expense),Italy,Hardware,-11173,-12087,-11638
2025-05-01,20,Other,Income Tax,Italy,Hardware,-50398,-54391,-52954
2025-05-01,1,Revenue,Product Revenue,United States,Software,1154912,1245053,1197667
2025-05-01,2,Revenue,Subscription Revenue,United States,Software,858851,933790,902795
2025-05-01,3,Revenue,Service Revenue,United States,Software,508202,544711,527929
2025-05-01,4,Revenue,Support & Maintenance,United States,Software,256192,280137,270570
2025-05-01,5,COGS,Direct Materials,United States,Software,-413261,-448945,-440948
2025-05-01,6,COGS,Direct Labor,United States,Software,-384340,-414411,-410641
2025-05-01,7,COGS,Cloud & Hosting,United States,Software,-182430,-207205,-210928
2025-05-01,8,COGS,Support Delivery,United States,Software,-144344,-155404,-154621
2025-05-01,9,Operating Expenses,Sales,United States,Software,-283490,-310808,-316627
2025-05-01,10,Operating Expenses,Marketing,United States,Software,-241061,-259007,-256334
2025-05-01,11,Operating Expenses,Research & Development,United States,Software,-334595,-379876,-384450
2025-05-01,12,Operating Expenses,General & Administrative,United States,Software,-202759,-224472,-216435
2025-05-01,13,Operating Expenses,IT & Systems,United States,Software,-108589,-120870,-117826
2025-05-01,14,Operating Expenses,Facilities & Rent,United States,Software,-92219,-103603,-100210
2025-05-01,15,Operating Expenses,Depreciation & Amort.,United States,Software,-90199,-94969,-90821
2025-05-01,16,Other,Interest Income,United States,Software,18471,20721,20988
2025-05-01,17,Other,Interest Expense,United States,Software,-43655,-48348,-46498
2025-05-01,18,Other,FX Gain/(Loss),United States,Software,-23913,-25901,-26386
2025-05-01,19,Other,Other Income/(Expense),United States,Software,-32248,-34534,-34275
2025-05-01,20,Other,Income Tax,United States,Software,-143429,-155404,-157808
2025-05-01,1,Revenue,Product Revenue,United States,Services,698303,747032,716090
2025-05-01,2,Revenue,Subscription Revenue,United States,Services,529497,560274,567165
2025-05-01,3,Revenue,Service Revenue,United States,Services,289921,326827,317543
2025-05-01,4,Revenue,Support & Maintenance,United States,Services,156255,168082,160399
2025-05-01,5,COGS,Direct Materials,United States,Services,-245113,-269367,-270352
2025-05-01,6,COGS,Direct Labor,United States,Services,-221378,-248646,-243902
2025-05-01,7,COGS,Cloud & Hosting,United States,Services,-113324,-124323,-119715
2025-05-01,8,COGS,Support Delivery,United States,Services,-82849,-93242,-92191
2025-05-01,9,Operating Expenses,Sales,United States,Services,-167978,-186485,-176790
2025-05-01,10,Operating Expenses,Marketing,United States,Services,-144908,-155404,-152815
2025-05-01,11,Operating Expenses,Research & Development,United States,Services,-201570,-227926,-218454
2025-05-01,12,Operating Expenses,General & Administrative,United States,Services,-123639,-134683,-136256
2025-05-01,13,Operating Expenses,IT & Systems,United States,Services,-68978,-72522,-73601
2025-05-01,14,Operating Expenses,Facilities & Rent,United States,Services,-55263,-62162,-59154
2025-05-01,15,Operating Expenses,Depreciation & Amort.,United States,Services,-50643,-56981,-55007
2025-05-01,16,Other,Interest Income,United States,Services,11034,12432,12392
2025-05-01,17,Other,Interest Expense,United States,Services,-26617,-29009,-28975
2025-05-01,18,Other,FX Gain/(Loss),United States,Services,14237,15540,15417
2025-05-01,19,Other,Other Income/(Expense),United States,Services,18547,20721,19661
2025-05-01,20,Other,Income Tax,United States,Services,-84483,-93242,-91696
2025-05-01,1,Revenue,Product Revenue,United States,Hardware,902440,996043,961881
2025-05-01,2,Revenue,Subscription Revenue,United States,Hardware,663849,747032,746868
2025-05-01,3,Revenue,Service Revenue,United States,Hardware,400844,435769,431832
2025-05-01,4,Revenue,Support & Maintenance,United States,Hardware,201002,224110,218113
2025-05-01,5,COGS,Direct Materials,United States,Hardware,-317493,-359156,-350321
2025-05-01,6,COGS,Direct Labor,United States,Hardware,-300150,-331528,-314269
2025-05-01,7,COGS,Cloud & Hosting,United States,Hardware,-149412,-165764,-159734
2025-05-01,8,COGS,Support Delivery,United States,Hardware,-118324,-124323,-118526
2025-05-01,9,Operating Expenses,Sales,United States,Hardware,-225770,-248646,-244007
2025-05-01,10,Operating Expenses,Marketing,United States,Hardware,-194967,-207205,-199247
2025-05-01,11,Operating Expenses,Research & Development,United States,Hardware,-270610,-303901,-294624
2025-05-01,12,Operating Expenses,General & Administrative,United States,Hardware,-160793,-179578,-179711
2025-05-01,13,Operating Expenses,IT & Systems,United States,Hardware,-91885,-96696,-98301
2025-05-01,14,Operating Expenses,Facilities & Rent,United States,Hardware,-73678,-82882,-82601
2025-05-01,15,Operating Expenses,Depreciation & Amort.,United States,Hardware,-71779,-75975,-75691
2025-05-01,16,Other,Interest Income,United States,Hardware,15213,16576,16476
2025-05-01,17,Other,Interest Expense,United States,Hardware,-35119,-38678,-36915
2025-05-01,18,Other,FX Gain/(Loss),United States,Hardware,-19620,-20721,-20664
2025-05-01,19,Other,Other Income/(Expense),United States,Hardware,24744,27627,27220
2025-05-01,20,Other,Income Tax,United States,Hardware,-117971,-124323,-124585
2025-05-01,1,Revenue,Product Revenue,Nordics,Software,364978,389079,392325
2025-05-01,2,Revenue,Subscription Revenue,Nordics,Software,276003,291809,280413
2025-05-01,3,Revenue,Service Revenue,Nordics,Software,153070,170222,171314
2025-05-01,4,Revenue,Support & Maintenance,Nordics,Software,77398,87543,88378
2025-05-01,5,COGS,Direct Materials,Nordics,Software,-128529,-140295,-140163
2025-05-01,6,COGS,Direct Labor,Nordics,Software,-115022,-129503,-123878
2025-05-01,7,COGS,Cloud & Hosting,Nordics,Software,-59015,-64752,-65564
2025-05-01,8,COGS,Support Delivery,Nordics,Software,-46034,-48564,-49221
2025-05-01,9,Operating Expenses,Sales,Nordics,Software,-89156,-97127,-92145
2025-05-01,10,Operating Expenses,Marketing,Nordics,Software,-75926,-80940,-77929
2025-05-01,11,Operating Expenses,Research & Development,Nordics,Software,-112713,-118711,-120600
2025-05-01,12,Operating Expenses,General & Administrative,Nordics,Software,-63914,-70148,-66803
2025-05-01,13,Operating Expenses,IT & Systems,Nordics,Software,-34972,-37772,-35891
2025-05-01,14,Operating Expenses,Facilities & Rent,Nordics,Software,-30299,-32376,-32779
2025-05-01,15,Operating Expenses,Depreciation & Amort.,Nordics,Software,-28027,-29678,-28135
2025-05-01,16,Other,Interest Income,Nordics,Software,5836,6475,6134
2025-05-01,17,Other,Interest Expense,Nordics,Software,-13427,-15109,-14836
2025-05-01,18,Other,FX Gain/(Loss),Nordics,Software,7221,8094,8154
2025-05-01,19,Other,Other Income/(Expense),Nordics,Software,9751,10792,10688
2025-05-01,20,Other,Income Tax,Nordics,Software,-46105,-48564,-46220
2025-05-01,1,Revenue,Product Revenue,Nordics,Services,209869,233448,234727
2025-05-01,2,Revenue,Subscription Revenue,Nordics,Services,163914,175086,168928
2025-05-01,3,Revenue,Service Revenue,Nordics,Services,91258,102133,102483
2025-05-01,4,Revenue,Support & Maintenance,Nordics,Services,46849,52526,52684
2025-05-01,5,COGS,Direct Materials,Nordics,Services,-79144,-84177,-80276
2025-05-01,6,COGS,Direct Labor,Nordics,Services,-71135,-77702,-76851
2025-05-01,7,COGS,Cloud & Hosting,Nordics,Services,-34324,-38851,-38056
2025-05-01,8,COGS,Support Delivery,Nordics,Services,-26049,-29138,-29141
2025-05-01,9,Operating Expenses,Sales,Nordics,Services,-52477,-58276,-56236
2025-05-01,10,Operating Expenses,Marketing,Nordics,Services,-45802,-48564,-46182
2025-05-01,11,Operating Expenses,Research & Development,Nordics,Services,-64813,-71227,-71500
2025-05-01,12,Operating Expenses,General & Administrative,Nordics,Services,-38272,-42089,-42827
2025-05-01,13,Operating Expenses,IT & Systems,Nordics,Services,-20781,-22663,-23017
2025-05-01,14,Operating Expenses,Facilities & Rent,Nordics,Services,-17127,-19425,-18992
2025-05-01,15,Operating Expenses,Depreciation & Amort.,Nordics,Services,-16235,-17807,-17711
2025-05-01,16,Other,Interest Income,Nordics,Services,3542,3885,3707
2025-05-01,17,Other,Interest Expense,Nordics,Services,-8383,-9065,-9049
2025-05-01,18,Other,FX Gain/(Loss),Nordics,Services,4559,4856,4702
2025-05-01,19,Other,Other Income/(Expense),Nordics,Services,6034,6475,6240
2025-05-01,20,Other,Income Tax,Nordics,Services,-27189,-29138,-27470
2025-05-01,1,Revenue,Product Revenue,Nordics,Hardware,274248,311263,306134
2025-05-01,2,Revenue,Subscription Revenue,Nordics,Hardware,214257,233448,231477
2025-05-01,3,Revenue,Service Revenue,Nordics,Hardware,125715,136178,133522
2025-05-01,4,Revenue,Support & Maintenance,Nordics,Hardware,62380,70034,71363
2025-05-01,5,COGS,Direct Materials,Nordics,Hardware,-101993,-112236,-110833
2025-05-01,6,COGS,Direct Labor,Nordics,Hardware,-92578,-103603,-99692
2025-05-01,7,COGS,Cloud & Hosting,Nordics,Hardware,-48100,-51801,-51213
2025-05-01,8,COGS,Support Delivery,Nordics,Hardware,-35589,-38851,-38283
2025-05-01,9,Operating Expenses,Sales,Nordics,Hardware,-70407,-77702,-78493
2025-05-01,10,Operating Expenses,Marketing,Nordics,Hardware,-57269,-64752,-62101
2025-05-01,11,Operating Expenses,Research & Development,Nordics,Hardware,-84501,-94969,-94781
2025-05-01,12,Operating Expenses,General & Administrative,Nordics,Hardware,-50029,-56118,-55000
2025-05-01,13,Operating Expenses,IT & Systems,Nordics,Hardware,-27248,-30217,-28675
2025-05-01,14,Operating Expenses,Facilities & Rent,Nordics,Hardware,-24629,-25901,-25205
2025-05-01,15,Operating Expenses,Depreciation & Amort.,Nordics,Hardware,-22487,-23742,-22406
2025-05-01,16,Other,Interest Income,Nordics,Hardware,4932,5180,5096
2025-05-01,17,Other,Interest Expense,Nordics,Hardware,-11064,-12087,-11879
2025-05-01,18,Other,FX Gain/(Loss),Nordics,Hardware,-5913,-6475,-6167
2025-05-01,19,Other,Other Income/(Expense),Nordics,Hardware,8025,8634,8426
2025-05-01,20,Other,Income Tax,Nordics,Hardware,-36698,-38851,-36823
2025-06-01,1,Revenue,Product Revenue,France,Software,679053,764347,761587
2025-06-01,2,Revenue,Subscription Revenue,France,Software,517143,573260,565770
2025-06-01,3,Revenue,Service Revenue,France,Software,310290,334402,335026
2025-06-01,4,Revenue,Support & Maintenance,France,Software,153981,171978,165870
2025-06-01,5,COGS,Direct Materials,France,Software,-266227,-280560,-285196
2025-06-01,6,COGS,Direct Labor,France,Software,-242897,-258979,-263012
2025-06-01,7,COGS,Cloud & Hosting,France,Software,-114852,-129489,-125051
2025-06-01,8,COGS,Support Delivery,France,Software,-92087,-97117,-97208
2025-06-01,9,Operating Expenses,Sales,France,Software,-178732,-194234,-184987
2025-06-01,10,Operating Expenses,Marketing,France,Software,-151634,-161862,-162977
2025-06-01,11,Operating Expenses,Research & Development,France,Software,-216745,-237397,-228209
2025-06-01,12,Operating Expenses,General & Administrative,France,Software,-130659,-140280,-132082
2025-06-01,13,Operating Expenses,IT & Systems,France,Software,-71644,-75535,-73298
2025-06-01,14,Operating Expenses,Facilities & Rent,France,Software,-58467,-64745,-65283
2025-06-01,15,Operating Expenses,Depreciation & Amort.,France,Software,-55690,-59349,-57470
2025-06-01,16,Other,Interest Income,France,Software,11752,12949,12943
2025-06-01,17,Other,Interest Expense,France,Software,-27839,-30214,-29291
2025-06-01,18,Other,FX Gain/(Loss),France,Software,15218,16186,16396
2025-06-01,19,Other,Other Income/(Expense),France,Software,-20031,-21582,-21573
2025-06-01,20,Other,Income Tax,France,Software,-91706,-97117,-96642
2025-06-01,1,Revenue,Product Revenue,France,Services,425597,458608,445110
2025-06-01,2,Revenue,Subscription Revenue,France,Services,326047,343956,338047
2025-06-01,3,Revenue,Service Revenue,France,Services,178378,200641,189877
2025-06-01,4,Revenue,Support & Maintenance,France,Services,91391,103187,104335
2025-06-01,5,COGS,Direct Materials,France,Services,-155690,-168336,-169358
2025-06-01,6,COGS,Direct Labor,France,Services,-142247,-155387,-148619
2025-06-01,7,COGS,Cloud & Hosting,France,Services,-70850,-77694,-73307
2025-06-01,8,COGS,Support Delivery,France,Services,-52882,-58270,-55003
2025-06-01,9,Operating Expenses,Sales,France,Services,-105572,-116540,-116885
2025-06-01,10,Operating Expenses,Marketing,France,Services,-86350,-97117,-94768
2025-06-01,11,Operating Expenses,Research & Development,France,Services,-129761,-142438,-136695
2025-06-01,12,Operating Expenses,General & Administrative,France,Services,-77077,-84168,-80014
2025-06-01,13,Operating Expenses,IT & Systems,France,Services,-43143,-45321,-45599
2025-06-01,14,Operating Expenses,Facilities & Rent,France,Services,-36806,-38847,-38560
2025-06-01,15,Operating Expenses,Depreciation & Amort.,France,Services,-31831,-35610,-34261
2025-06-01,16,Other,Interest Income,France,Services,7367,7769,7438
2025-06-01,17,Other,Interest Expense,France,Services,-16718,-18129,-17447
2025-06-01,18,Other,FX Gain/(Loss),France,Services,9243,9712,9196
2025-06-01,19,Other,Other Income/(Expense),France,Services,11550,12949,12403
2025-06-01,20,Other,Income Tax,France,Services,-53364,-58270,-57733
2025-06-01,1,Revenue,Product Revenue,France,Hardware,549433,611478,616994
2025-06-01,2,Revenue,Subscription Revenue,France,Hardware,419531,458608,447273
2025-06-01,3,Revenue,Service Revenue,France,Hardware,236495,267522,267170
2025-06-01,4,Revenue,Support & Maintenance,France,Hardware,124516,137582,137361
2025-06-01,5,COGS,Direct Materials,France,Hardware,-213601,-224448,-211358
2025-06-01,6,COGS,Direct Labor,France,Hardware,-182664,-207183,-195865
2025-06-01,7,COGS,Cloud & Hosting,France,Hardware,-94081,-103592,-103793
2025-06-01,8,COGS,Support Delivery,France,Hardware,-71215,-77694,-73929
2025-06-01,9,Operating Expenses,Sales,France,Hardware,-143217,-155387,-158023
2025-06-01,10,Operating Expenses,Marketing,France,Hardware,-122737,-129489,-122535
2025-06-01,11,Operating Expenses,Research & Development,France,Hardware,-169841,-189918,-183428
2025-06-01,12,Operating Expenses,General & Administrative,France,Hardware,-104674,-112224,-112777
2025-06-01,13,Operating Expenses,IT & Systems,France,Hardware,-55664,-60428,-58908
2025-06-01,14,Operating Expenses,Facilities & Rent,France,Hardware,-47794,-51796,-49750
2025-06-01,15,Operating Expenses,Depreciation & Amort.,France,Hardware,-43047,-47479,-47868
2025-06-01,16,Other,Interest Income,France,Hardware,9709,10359,10425
2025-06-01,17,Other,Interest Expense,France,Hardware,-22892,-24171,-23216
2025-06-01,18,Other,FX Gain/(Loss),France,Hardware,11618,12949,12864
2025-06-01,19,Other,Other Income/(Expense),France,Hardware,-15678,-17265,-16561
2025-06-01,20,Other,Income Tax,France,Hardware,-69814,-77694,-73792
2025-06-01,1,Revenue,Product Revenue,Germany,Software,857198,917217,864322
2025-06-01,2,Revenue,Subscription Revenue,Germany,Software,612142,687912,659114
2025-06-01,3,Revenue,Service Revenue,Germany,Software,357650,401282,406742
2025-06-01,4,Revenue,Support & Maintenance,Germany,Software,191682,206374,199176
2025-06-01,5,COGS,Direct Materials,Germany,Software,-319453,-336672,-342817
2025-06-01,6,COGS,Direct Labor,Germany,Software,-287402,-310775,-295918
2025-06-01,7,COGS,Cloud & Hosting,Germany,Software,-142594,-155387,-152507
2025-06-01,8,COGS,Support Delivery,Germany,Software,-103585,-116540,-113371
2025-06-01,9,Operating Expenses,Sales,Germany,Software,-209811,-233081,-227398
2025-06-01,10,Operating Expenses,Marketing,Germany,Software,-179263,-194234,-196457
2025-06-01,11,Operating Expenses,Research & Development,Germany,Software,-253090,-284877,-275873
2025-06-01,12,Operating Expenses,General & Administrative,Germany,Software,-158259,-168336,-166668
2025-06-01,13,Operating Expenses,IT & Systems,Germany,Software,-81799,-90643,-91567
2025-06-01,14,Operating Expenses,Facilities & Rent,Germany,Software,-68890,-77694,-76817
2025-06-01,15,Operating Expenses,Depreciation & Amort.,Germany,Software,-62748,-71219,-67263
2025-06-01,16,Other,Interest Income,Germany,Software,14111,15539,15840
2025-06-01,17,Other,Interest Expense,Germany,Software,-32114,-36257,-36527
2025-06-01,18,Other,FX Gain/(Loss),Germany,Software,-17097,-19423,-18507
2025-06-01,19,Other,Other Income/(Expense),Germany,Software,-24092,-25898,-26179
2025-06-01,20,Other,Income Tax,Germany,Software,-104054,-116540,-111593
2025-06-01,1,Revenue,Product Revenue,Germany,Services,517827,550330,545461
2025-06-01,2,Revenue,Subscription Revenue,Germany,Services,368037,412747,404152
2025-06-01,3,Revenue,Service Revenue,Germany,Services,218572,240769,240025
2025-06-01,4,Revenue,Support & Maintenance,Germany,Services,110246,123824,126199
2025-06-01,5,COGS,Direct Materials,Germany,Services,-187677,-202003,-201802
2025-06-01,6,COGS,Direct Labor,Germany,Services,-165460,-186465,-177751
2025-06-01,7,COGS,Cloud & Hosting,Germany,Services,-87188,-93232,-93198
2025-06-01,8,COGS,Support Delivery,Germany,Services,-65277,-69924,-70346
2025-06-01,9,Operating Expenses,Sales,Germany,Services,-130574,-139849,-134946
2025-06-01,10,Operating Expenses,Marketing,Germany,Services,-106222,-116540,-111163
2025-06-01,11,Operating Expenses,Research & Development,Germany,Services,-162794,-170926,-163695
2025-06-01,12,Operating Expenses,General & Administrative,Germany,Services,-93563,-101002,-100727
2025-06-01,13,Operating Expenses,IT & Systems,Germany,Services,-48954,-54386,-52448
2025-06-01,14,Operating Expenses,Facilities & Rent,Germany,Services,-44292,-46616,-44755
2025-06-01,15,Operating Expenses,Depreciation & Amort.,Germany,Services,-37847,-42732,-41982
2025-06-01,16,Other,Interest Income,Germany,Services,8289,9323,9241
2025-06-01,17,Other,Interest Expense,Germany,Services,-19420,-21754,-21778
2025-06-01,18,Other,FX Gain/(Loss),Germany,Services,10641,11654,10992
2025-06-01,19,Other,Other Income/(Expense),Germany,Services,13761,15539,15137
2025-06-01,20,Other,Income Tax,Germany,Services,-65881,-69924,-65893
2025-06-01,1,Revenue,Product Revenue,Germany,Hardware,658319,733773,738427
2025-06-01,2,Revenue,Subscription Revenue,Germany,Hardware,499277,550330,521768
2025-06-01,3,Revenue,Service Revenue,Germany,Hardware,298000,321026,322766
2025-06-01,4,Revenue,Support & Maintenance,Germany,Hardware,151192,165099,157639
2025-06-01,5,COGS,Direct Materials,Germany,Hardware,-243049,-269338,-271769
2025-06-01,6,COGS,Direct Labor,Germany,Hardware,-219191,-248620,-239458
2025-06-01,7,COGS,Cloud & Hosting,Germany,Hardware,-115449,-124310,-123743
2025-06-01,8,COGS,Support Delivery,Germany,Hardware,-82669,-93232,-94943
2025-06-01,9,Operating Expenses,Sales,Germany,Hardware,-173108,-186465,-177224
2025-06-01,10,Operating Expenses,Marketing,Germany,Hardware,-140180,-155387,-158291
2025-06-01,11,Operating Expenses,Research & Development,Germany,Hardware,-209618,-227901,-221844
2025-06-01,12,Operating Expenses,General & Administrative,Germany,Hardware,-122704,-134669,-129187
2025-06-01,13,Operating Expenses,IT & Systems,Germany,Hardware,-67200,-72514,-72354
2025-06-01,14,Operating Expenses,Facilities & Rent,Germany,Hardware,-56374,-62155,-62603
2025-06-01,15,Operating Expenses,Depreciation & Amort.,Germany,Hardware,-53821,-56975,-56108
2025-06-01,16,Other,Interest Income,Germany,Hardware,11342,12431,11995
2025-06-01,17,Other,Interest Expense,Germany,Hardware,-26815,-29006,-28398
2025-06-01,18,Other,FX Gain/(Loss),Germany,Hardware,14537,15539,15050
2025-06-01,19,Other,Other Income/(Expense),Germany,Hardware,-19467,-20718,-20506
2025-06-01,20,Other,Income Tax,Germany,Hardware,-88310,-93232,-93982
2025-06-01,1,Revenue,Product Revenue,United Kingdom,Software,609496,687912,697243
2025-06-01,2,Revenue,Subscription Revenue,United Kingdom,Software,484029,515934,515703
2025-06-01,3,Revenue,Service Revenue,United Kingdom,Software,276082,300962,301943
2025-06-01,4,Revenue,Support & Maintenance,United Kingdom,Software,143716,154780,154455
2025-06-01,5,COGS,Direct Materials,United Kingdom,Software,-224055,-252504,-256406
2025-06-01,6,COGS,Direct Labor,United Kingdom,Software,-207891,-233081,-220347
2025-06-01,7,COGS,Cloud & Hosting,United Kingdom,Software,-106699,-116540,-109952
2025-06-01,8,COGS,Support Delivery,United Kingdom,Software,-78086,-87405,-84116
2025-06-01,9,Operating Expenses,Sales,United Kingdom,Software,-154146,-174811,-172492
2025-06-01,10,Operating Expenses,Marketing,United Kingdom,Software,-138613,-145676,-139923
2025-06-01,11,Operating Expenses,Research & Development,United Kingdom,Software,-199014,-213658,-202482
2025-06-01,12,Operating Expenses,General & Administrative,United Kingdom,Software,-113162,-126252,-120486
2025-06-01,13,Operating Expenses,IT & Systems,United Kingdom,Software,-61255,-67982,-64581
2025-06-01,14,Operating Expenses,Facilities & Rent,United Kingdom,Software,-53337,-58270,-58772
2025-06-01,15,Operating Expenses,Depreciation & Amort.,United Kingdom,Software,-49822,-53414,-51280
2025-06-01,16,Other,Interest Income,United Kingdom,Software,10408,11654,11755
2025-06-01,17,Other,Interest Expense,United Kingdom,Software,-25722,-27193,-25599
2025-06-01,18,Other,FX Gain/(Loss),United Kingdom,Software,13594,14568,13729
2025-06-01,19,Other,Other Income/(Expense),United Kingdom,Software,-17872,-19423,-18503
2025-06-01,20,Other,Income Tax,United Kingdom,Software,-81200,-87405,-88158
2025-06-01,1,Revenue,Product Revenue,United Kingdom,Services,385461,412747,392186
2025-06-01,2,Revenue,Subscription Revenue,United Kingdom,Services,287046,309561,291480
2025-06-01,3,Revenue,Service Revenue,United Kingdom,Services,171906,180577,176374
2025-06-01,4,Revenue,Support & Maintenance,United Kingdom,Services,82761,92868,94214
2025-06-01,5,COGS,Direct Materials,United Kingdom,Services,-140154,-151503,-146577
2025-06-01,6,COGS,Direct Labor,United Kingdom,Services,-123305,-139849,-133897
2025-06-01,7,COGS,Cloud & Hosting,United Kingdom,Services,-65174,-69924,-67979
2025-06-01,8,COGS,Support Delivery,United Kingdom,Services,-46340,-52443,-50664
2025-06-01,9,Operating Expenses,Sales,United Kingdom,Services,-94602,-104886,-102161
2025-06-01,10,Operating Expenses,Marketing,United Kingdom,Services,-82580,-87405,-84935
2025-06-01,11,Operating Expenses,Research & Development,United Kingdom,Services,-121104,-128195,-127133
2025-06-01,12,Operating Expenses,General & Administrative,United Kingdom,Services,-70832,-75751,-77104
2025-06-01,13,Operating Expenses,IT & Systems,United Kingdom,Services,-36593,-40789,-39739
2025-06-01,14,Operating Expenses,Facilities & Rent,United Kingdom,Services,-31464,-34962,-35251
2025-06-01,15,Operating Expenses,Depreciation & Amort.,United Kingdom,Services,-30538,-32049,-32616
2025-06-01,16,Other,Interest Income,United Kingdom,Services,6246,6992,6716
2025-06-01,17,Other,Interest Expense,United Kingdom,Services,-14866,-16316,-15853
2025-06-01,18,Other,FX Gain/(Loss),United Kingdom,Services,7735,8741,8339
2025-06-01,19,Other,Other Income/(Expense),United Kingdom,Services,-10339,-11654,-11017
2025-06-01,20,Other,Income Tax,United Kingdom,Services,-46442,-52443,-51231
2025-06-01,1,Revenue,Product Revenue,United Kingdom,Hardware,499205,550330,549869
2025-06-01,2,Revenue,Subscription Revenue,United Kingdom,Hardware,370661,412747,413949
2025-06-01,3,Revenue,Service Revenue,United Kingdom,Hardware,218356,240769,239621
2025-06-01,4,Revenue,Support & Maintenance,United Kingdom,Hardware,112950,123824,123915
2025-06-01,5,COGS,Direct Materials,United Kingdom,Hardware,-187924,-202003,-196647
2025-06-01,6,COGS,Direct Labor,United Kingdom,Hardware,-169806,-186465,-188228
2025-06-01,7,COGS,Cloud & Hosting,United Kingdom,Hardware,-87609,-93232,-93604
2025-06-01,8,COGS,Support Delivery,United Kingdom,Hardware,-65442,-69924,-66008
2025-06-01,9,Operating Expenses,Sales,United Kingdom,Hardware,-130240,-139849,-140228
2025-06-01,10,Operating Expenses,Marketing,United Kingdom,Hardware,-106864,-116540,-112993
2025-06-01,11,Operating Expenses,Research & Development,United Kingdom,Hardware,-154955,-170926,-162888
2025-06-01,12,Operating Expenses,General & Administrative,United Kingdom,Hardware,-91064,-101002,-102064
2025-06-01,13,Operating Expenses,IT & Systems,United Kingdom,Hardware,-47963,-54386,-52747
2025-06-01,14,Operating Expenses,Facilities & Rent,United Kingdom,Hardware,-42078,-46616,-44224
2025-06-01,15,Operating Expenses,Depreciation & Amort.,United Kingdom,Hardware,-39364,-42732,-41026
2025-06-01,16,Other,Interest Income,United Kingdom,Hardware,8381,9323,9076
2025-06-01,17,Other,Interest Expense,United Kingdom,Hardware,-19181,-21754,-20765
2025-06-01,18,Other,FX Gain/(Loss),United Kingdom,Hardware,-10754,-11654,-11298
2025-06-01,19,Other,Other Income/(Expense),United Kingdom,Hardware,14026,15539,15048
2025-06-01,20,Other,Income Tax,United Kingdom,Hardware,-64795,-69924,-67100
2025-06-01,1,Revenue,Product Revenue,Spain,Software,431805,458608,457520
2025-06-01,2,Revenue,Subscription Revenue,Spain,Software,323726,343956,336985
2025-06-01,3,Revenue,Service Revenue,Spain,Software,183584,200641,195773
2025-06-01,4,Revenue,Support & Maintenance,Spain,Software,97014,103187,102963
2025-06-01,5,COGS,Direct Materials,Spain,Software,-155720,-168336,-170239
2025-06-01,6,COGS,Direct Labor,Spain,Software,-141231,-155387,-156606
2025-06-01,7,COGS,Cloud & Hosting,Spain,Software,-73395,-77694,-76867
2025-06-01,8,COGS,Support Delivery,Spain,Software,-53216,-58270,-59342
2025-06-01,9,Operating Expenses,Sales,Spain,Software,-108164,-116540,-114010
2025-06-01,10,Operating Expenses,Marketing,Spain,Software,-89337,-97117,-94833
2025-06-01,11,Operating Expenses,Research & Development,Spain,Software,-128841,-142438,-142463
2025-06-01,12,Operating Expenses,General & Administrative,Spain,Software,-78712,-84168,-82510
2025-06-01,13,Operating Expenses,IT & Systems,Spain,Software,-40067,-45321,-43251
2025-06-01,14,Operating Expenses,Facilities & Rent,Spain,Software,-34695,-38847,-38638
2025-06-01,15,Operating Expenses,Depreciation & Amort.,Spain,Software,-31795,-35610,-34655
2025-06-01,16,Other,Interest Income,Spain,Software,6958,7769,7903
2025-06-01,17,Other,Interest Expense,Spain,Software,-15956,-18129,-17639
2025-06-01,18,Other,FX Gain/(Loss),Spain,Software,-9148,-9712,-9145
2025-06-01,19,Other,Other Income/(Expense),Spain,Software,12140,12949,13166
2025-06-01,20,Other,Income Tax,Spain,Software,-54415,-58270,-58369
2025-06-01,1,Revenue,Product Revenue,Spain,Services,248591,275165,260856
2025-06-01,2,Revenue,Subscription Revenue,Spain,Services,193669,206374,198618
2025-06-01,3,Revenue,Service Revenue,Spain,Services,112966,120385,119430
2025-06-01,4,Revenue,Support & Maintenance,Spain,Services,56645,61912,60758
2025-06-01,5,COGS,Direct Materials,Spain,Services,-91418,-101002,-99923
2025-06-01,6,COGS,Direct Labor,Spain,Services,-84197,-93232,-91331
2025-06-01,7,COGS,Cloud & Hosting,Spain,Services,-43239,-46616,-47476
2025-06-01,8,COGS,Support Delivery,Spain,Services,-32309,-34962,-33135
2025-06-01,9,Operating Expenses,Sales,Spain,Services,-64510,-69924,-70148
2025-06-01,10,Operating Expenses,Marketing,Spain,Services,-51354,-58270,-59025
2025-06-01,11,Operating Expenses,Research & Development,Spain,Services,-79738,-85463,-85179
2025-06-01,12,Operating Expenses,General & Administrative,Spain,Services,-46962,-50501,-50477
2025-06-01,13,Operating Expenses,IT & Systems,Spain,Services,-23968,-27193,-26622
2025-06-01,14,Operating Expenses,Facilities & Rent,Spain,Services,-21850,-23308,-22517
2025-06-01,15,Operating Expenses,Depreciation & Amort.,Spain,Services,-20221,-21366,-20629
2025-06-01,16,Other,Interest Income,Spain,Services,4369,4662,4725
2025-06-01,17,Other,Interest Expense,Spain,Services,-9925,-10877,-10395
2025-06-01,18,Other,FX Gain/(Loss),Spain,Services,-5270,-5827,-5824
2025-06-01,19,Other,Other Income/(Expense),Spain,Services,-7212,-7769,-7793
2025-06-01,20,Other,Income Tax,Spain,Services,-32410,-34962,-34470
2025-06-01,1,Revenue,Product Revenue,Spain,Hardware,335679,366887,366085
2025-06-01,2,Revenue,Subscription Revenue,Spain,Hardware,249270,275165,269612
2025-06-01,3,Revenue,Service Revenue,Spain,Hardware,149346,160513,159685
2025-06-01,4,Revenue,Support & Maintenance,Spain,Hardware,73862,82549,80275
2025-06-01,5,COGS,Direct Materials,Spain,Hardware,-118824,-134669,-132588
2025-06-01,6,COGS,Direct Labor,Spain,Hardware,-111297,-124310,-123796
2025-06-01,7,COGS,Cloud & Hosting,Spain,Hardware,-57812,-62155,-60202
2025-06-01,8,COGS,Support Delivery,Spain,Hardware,-43939,-46616,-45679
2025-06-01,9,Operating Expenses,Sales,Spain,Hardware,-83848,-93232,-93965
2025-06-01,10,Operating Expenses,Marketing,Spain,Hardware,-73478,-77694,-76416
2025-06-01,11,Operating Expenses,Research & Development,Spain,Hardware,-101902,-113951,-108873
2025-06-01,12,Operating Expenses,General & Administrative,Spain,Hardware,-60797,-67334,-64723
2025-06-01,13,Operating Expenses,IT & Systems,Spain,Hardware,-33664,-36257,-34311
2025-06-01,14,Operating Expenses,Facilities & Rent,Spain,Hardware,-28745,-31077,-31435
2025-06-01,15,Operating Expenses,Depreciation & Amort.,Spain,Hardware,-26424,-28488,-26980
2025-06-01,16,Other,Interest Income,Spain,Hardware,5772,6215,5989
2025-06-01,17,Other,Interest Expense,Spain,Hardware,-13333,-14503,-14370
2025-06-01,18,Other,FX Gain/(Loss),Spain,Hardware,6837,7769,7646
2025-06-01,19,Other,Other Income/(Expense),Spain,Hardware,9356,10359,9750
2025-06-01,20,Other,Income Tax,Spain,Hardware,-43540,-46616,-45218
2025-06-01,1,Revenue,Product Revenue,Italy,Software,499548,535043,530729
2025-06-01,2,Revenue,Subscription Revenue,Italy,Software,382289,401282,382517
2025-06-01,3,Revenue,Service Revenue,Italy,Software,213894,234081,235347
2025-06-01,4,Revenue,Support & Maintenance,Italy,Software,111352,120385,121344
2025-06-01,5,COGS,Direct Materials,Italy,Software,-175818,-196392,-186957
2025-06-01,6,COGS,Direct Labor,Italy,Software,-164618,-181285,-178040
2025-06-01,7,COGS,Cloud & Hosting,Italy,Software,-85214,-90643,-92282
2025-06-01,8,COGS,Support Delivery,Italy,Software,-63845,-67982,-68730
2025-06-01,9,Operating Expenses,Sales,Italy,Software,-122830,-135964,-129027
2025-06-01,10,Operating Expenses,Marketing,Italy,Software,-101514,-113303,-112943
2025-06-01,11,Operating Expenses,Research & Development,Italy,Software,-155720,-166178,-165891
2025-06-01,12,Operating Expenses,General & Administrative,Italy,Software,-92685,-98196,-97171
2025-06-01,13,Operating Expenses,IT & Systems,Italy,Software,-50280,-52875,-52010
2025-06-01,14,Operating Expenses,Facilities & Rent,Italy,Software,-41838,-45321,-43096
2025-06-01,15,Operating Expenses,Depreciation & Amort.,Italy,Software,-36707,-41545,-40572
2025-06-01,16,Other,Interest Income,Italy,Software,8360,9064,9036
2025-06-01,17,Other,Interest Expense,Italy,Software,-19691,-21150,-20404
2025-06-01,18,Other,FX Gain/(Loss),Italy,Software,-10025,-11330,-10714
2025-06-01,19,Other,Other Income/(Expense),Italy,Software,14120,15107,14990
2025-06-01,20,Other,Income Tax,Italy,Software,-61265,-67982,-68558
2025-06-01,1,Revenue,Product Revenue,Italy,Services,302667,321026,308647
2025-06-01,2,Revenue,Subscription Revenue,Italy,Services,215303,240769,237555
2025-06-01,3,Revenue,Service Revenue,Italy,Services,127981,140449,140524
2025-06-01,4,Revenue,Support & Maintenance,Italy,Services,65426,72231,68310
2025-06-01,5,COGS,Direct Materials,Italy,Services,-109737,-117835,-118964
2025-06-01,6,COGS,Direct Labor,Italy,Services,-102011,-108771,-104461
2025-06-01,7,COGS,Cloud & Hosting,Italy,Services,-50046,-54386,-53563
2025-06-01,8,COGS,Support Delivery,Italy,Services,-36829,-40789,-40897
2025-06-01,9,Operating Expenses,Sales,Italy,Services,-72280,-81578,-78709
2025-06-01,10,Operating Expenses,Marketing,Italy,Services,-62650,-67982,-68234
2025-06-01,11,Operating Expenses,Research & Development,Italy,Services,-88227,-99707,-100050
2025-06-01,12,Operating Expenses,General & Administrative,Italy,Services,-54023,-58918,-58130
2025-06-01,13,Operating Expenses,IT & Systems,Italy,Services,-28370,-31725,-30952
2025-06-01,14,Operating Expenses,Facilities & Rent,Italy,Services,-25153,-27193,-26294
2025-06-01,15,Operating Expenses,Depreciation & Amort.,Italy,Services,-23150,-24927,-23892
2025-06-01,16,Other,Interest Income,Italy,Services,4945,5439,5406
2025-06-01,17,Other,Interest Expense,Italy,Services,-11316,-12690,-12358
2025-06-01,18,Other,FX Gain/(Loss),Italy,Services,6465,6798,6804
2025-06-01,19,Other,Other Income/(Expense),Italy,Services,8029,9064,8739
2025-06-01,20,Other,Income Tax,Italy,Services,-36134,-40789,-39923
2025-06-01,1,Revenue,Product Revenue,Italy,Hardware,399920,428034,406357
2025-06-01,2,Revenue,Subscription Revenue,Italy,Hardware,289012,321026,312966
2025-06-01,3,Revenue,Service Revenue,Italy,Hardware,166307,187265,187406
2025-06-01,4,Revenue,Support & Maintenance,Italy,Hardware,86602,96308,96510
2025-06-01,5,COGS,Direct Materials,Italy,Hardware,-139160,-157114,-159040
2025-06-01,6,COGS,Direct Labor,Italy,Hardware,-134511,-145028,-141752
2025-06-01,7,COGS,Cloud & Hosting,Italy,Hardware,-66482,-72514,-68958
2025-06-01,8,COGS,Support Delivery,Italy,Hardware,-49485,-54386,-53205
2025-06-01,9,Operating Expenses,Sales,Italy,Hardware,-103490,-108771,-108082
2025-06-01,10,Operating Expenses,Marketing,Italy,Hardware,-85857,-90643,-89233
2025-06-01,11,Operating Expenses,Research & Development,Italy,Hardware,-120366,-132942,-132397
2025-06-01,12,Operating Expenses,General & Administrative,Italy,Hardware,-74618,-78557,-80078
2025-06-01,13,Operating Expenses,IT & Systems,Italy,Hardware,-38372,-42300,-42312
2025-06-01,14,Operating Expenses,Facilities & Rent,Italy,Hardware,-33871,-36257,-34192
2025-06-01,15,Operating Expenses,Depreciation & Amort.,Italy,Hardware,-30189,-33236,-31858
2025-06-01,16,Other,Interest Income,Italy,Hardware,6387,7251,7259
2025-06-01,17,Other,Interest Expense,Italy,Hardware,-15224,-16920,-16872
2025-06-01,18,Other,FX Gain/(Loss),Italy,Hardware,8321,9064,9231
2025-06-01,19,Other,Other Income/(Expense),Italy,Hardware,10715,12086,11569
2025-06-01,20,Other,Income Tax,Italy,Hardware,-51242,-54386,-55117
2025-06-01,1,Revenue,Product Revenue,United States,Software,1151519,1222956,1175456
2025-06-01,2,Revenue,Subscription Revenue,United States,Software,816075,917217,886575
2025-06-01,3,Revenue,Service Revenue,United States,Software,505915,535043,536615
2025-06-01,4,Revenue,Support & Maintenance,United States,Software,255178,275165,279733
2025-06-01,5,COGS,Direct Materials,United States,Software,-411749,-448897,-426866
2025-06-01,6,COGS,Direct Labor,United States,Software,-386827,-414366,-407757
2025-06-01,7,COGS,Cloud & Hosting,United States,Software,-186229,-207183,-209195
2025-06-01,8,COGS,Support Delivery,United States,Software,-144555,-155387,-148822
2025-06-01,9,Operating Expenses,Sales,United States,Software,-278236,-310775,-311540
2025-06-01,10,Operating Expenses,Marketing,United States,Software,-240953,-258979,-250892
2025-06-01,11,Operating Expenses,Research & Development,United States,Software,-350643,-379836,-375529
2025-06-01,12,Operating Expenses,General & Administrative,United States,Software,-197840,-224448,-220451
2025-06-01,13,Operating Expenses,IT & Systems,United States,Software,-109357,-120857,-116563
2025-06-01,14,Operating Expenses,Facilities & Rent,United States,Software,-96409,-103592,-97856
2025-06-01,15,Operating Expenses,Depreciation & Amort.,United States,Software,-84911,-94959,-94513
2025-06-01,16,Other,Interest Income,United States,Software,18743,20718,19724
2025-06-01,17,Other,Interest Expense,United States,Software,-43427,-48343,-48879
2025-06-01,18,Other,FX Gain/(Loss),United States,Software,24623,25898,26259
2025-06-01,19,Other,Other Income/(Expense),United States,Software,-32433,-34531,-34360
2025-06-01,20,Other,Income Tax,United States,Software,-141163,-155387,-148011
2025-06-01,1,Revenue,Product Revenue,United States,Services,663872,733773,737961
2025-06-01,2,Revenue,Subscription Revenue,United States,Services,500766,550330,521775
2025-06-01,3,Revenue,Service Revenue,United States,Services,289411,321026,321109
2025-06-01,4,Revenue,Support & Maintenance,United States,Services,155235,165099,165981
2025-06-01,5,COGS,Direct Materials,United States,Services,-238810,-269338,-256818
2025-06-01,6,COGS,Direct Labor,United States,Services,-231623,-248620,-243184
2025-06-01,7,COGS,Cloud & Hosting,United States,Services,-112467,-124310,-121835
2025-06-01,8,COGS,Support Delivery,United States,Services,-82017,-93232,-91255
2025-06-01,9,Operating Expenses,Sales,United States,Services,-167188,-186465,-180791
2025-06-01,10,Operating Expenses,Marketing,United States,Services,-141956,-155387,-147382
2025-06-01,11,Operating Expenses,Research & Development,United States,Services,-202584,-227901,-223623
2025-06-01,12,Operating Expenses,General & Administrative,United States,Services,-119121,-134669,-128640
2025-06-01,13,Operating Expenses,IT & Systems,United States,Services,-68763,-72514,-69287
2025-06-01,14,Operating Expenses,Facilities & Rent,United States,Services,-56520,-62155,-62282
2025-06-01,15,Operating Expenses,Depreciation & Amort.,United States,Services,-50374,-56975,-57251
2025-06-01,16,Other,Interest Income,United States,Services,11082,12431,12114
2025-06-01,17,Other,Interest Expense,United States,Services,-27030,-29006,-28743
2025-06-01,18,Other,FX Gain/(Loss),United States,Services,-13692,-15539,-15019
2025-06-01,19,Other,Other Income/(Expense),United States,Services,18725,20718,20062
2025-06-01,20,Other,Income Tax,United States,Services,-83307,-93232,-89896
2025-06-01,1,Revenue,Product Revenue,United States,Hardware,926191,978364,960411
2025-06-01,2,Revenue,Subscription Revenue,United States,Hardware,660970,733773,730460
2025-06-01,3,Revenue,Service Revenue,United States,Hardware,383236,428034,429786
2025-06-01,4,Revenue,Support & Maintenance,United States,Hardware,208183,220132,214721
2025-06-01,5,COGS,Direct Materials,United States,Hardware,-326952,-359117,-365863
2025-06-01,6,COGS,Direct Labor,United States,Hardware,-292340,-331493,-325817
2025-06-01,7,COGS,Cloud & Hosting,United States,Hardware,-150801,-165746,-164838
2025-06-01,8,COGS,Support Delivery,United States,Hardware,-110549,-124310,-125528
2025-06-01,9,Operating Expenses,Sales,United States,Hardware,-236426,-248620,-247789
2025-06-01,10,Operating Expenses,Marketing,United States,Hardware,-186196,-207183,-200030
2025-06-01,11,Operating Expenses,Research & Development,United States,Hardware,-270600,-303868,-300497
2025-06-01,12,Operating Expenses,General & Administrative,United States,Hardware,-161001,-179559,-179014
2025-06-01,13,Operating Expenses,IT & Systems,United States,Hardware,-90581,-96685,-97555
2025-06-01,14,Operating Expenses,Facilities & Rent,United States,Hardware,-76658,-82873,-83626
2025-06-01,15,Operating Expenses,Depreciation & Amort.,United States,Hardware,-71681,-75967,-72427
2025-06-01,16,Other,Interest Income,United States,Hardware,15698,16575,16303
2025-06-01,17,Other,Interest Expense,United States,Hardware,-35310,-38674,-37676
2025-06-01,18,Other,FX Gain/(Loss),United States,Hardware,-18455,-20718,-20404
2025-06-01,19,Other,Other Income/(Expense),United States,Hardware,-25577,-27624,-28050
2025-06-01,20,Other,Income Tax,United States,Hardware,-116886,-124310,-124825
2025-06-01,1,Revenue,Product Revenue,Nordics,Software,352069,382174,371680
2025-06-01,2,Revenue,Subscription Revenue,Nordics,Software,252459,286630,283071
2025-06-01,3,Revenue,Service Revenue,Nordics,Software,154607,167201,164453
2025-06-01,4,Revenue,Support & Maintenance,Nordics,Software,77478,85989,81396
2025-06-01,5,COGS,Direct Materials,Nordics,Software,-128196,-140280,-135999
2025-06-01,6,COGS,Direct Labor,Nordics,Software,-118748,-129489,-122042
2025-06-01,7,COGS,Cloud & Hosting,Nordics,Software,-59189,-64745,-64529
2025-06-01,8,COGS,Support Delivery,Nordics,Software,-44787,-48559,-47605
2025-06-01,9,Operating Expenses,Sales,Nordics,Software,-91093,-97117,-97460
2025-06-01,10,Operating Expenses,Marketing,Nordics,Software,-71391,-80931,-79189
2025-06-01,11,Operating Expenses,Research & Development,Nordics,Software,-105227,-118699,-115376
2025-06-01,12,Operating Expenses,General & Administrative,Nordics,Software,-66057,-70140,-67723
2025-06-01,13,Operating Expenses,IT & Systems,Nordics,Software,-34042,-37768,-37186
2025-06-01,14,Operating Expenses,Facilities & Rent,Nordics,Software,-28827,-32372,-31043
2025-06-01,15,Operating Expenses,Depreciation & Amort.,Nordics,Software,-27451,-29675,-28037
2025-06-01,16,Other,Interest Income,Nordics,Software,5855,6474,6446
2025-06-01,17,Other,Interest Expense,Nordics,Software,-13368,-15107,-14738
2025-06-01,18,Other,FX Gain/(Loss),Nordics,Software,-7514,-8093,-7769
2025-06-01,19,Other,Other Income/(Expense),Nordics,Software,-10016,-10791,-10227
2025-06-01,20,Other,Income Tax,Nordics,Software,-43785,-48559,-47838
2025-06-01,1,Revenue,Product Revenue,Nordics,Services,209382,229304,223706
2025-06-01,2,Revenue,Subscription Revenue,Nordics,Services,156467,171978,174952
2025-06-01,3,Revenue,Service Revenue,Nordics,Services,89601,100321,96742
2025-06-01,4,Revenue,Support & Maintenance,Nordics,Services,46262,51593,50746
2025-06-01,5,COGS,Direct Materials,Nordics,Services,-78985,-84168,-83615
2025-06-01,6,COGS,Direct Labor,Nordics,Services,-71512,-77694,-74296
2025-06-01,7,COGS,Cloud & Hosting,Nordics,Services,-34852,-38847,-38740
2025-06-01,8,COGS,Support Delivery,Nordics,Services,-26755,-29135,-28446
2025-06-01,9,Operating Expenses,Sales,Nordics,Services,-51936,-58270,-58859
2025-06-01,10,Operating Expenses,Marketing,Nordics,Services,-44233,-48559,-48613
2025-06-01,11,Operating Expenses,Research & Development,Nordics,Services,-63863,-71219,-72197
2025-06-01,12,Operating Expenses,General & Administrative,Nordics,Services,-38391,-42084,-41559
2025-06-01,13,Operating Expenses,IT & Systems,Nordics,Services,-20675,-22661,-22298
2025-06-01,14,Operating Expenses,Facilities & Rent,Nordics,Services,-17330,-19423,-18337
2025-06-01,15,Operating Expenses,Depreciation & Amort.,Nordics,Services,-16252,-17805,-17105
2025-06-01,16,Other,Interest Income,Nordics,Services,3436,3885,3859
2025-06-01,17,Other,Interest Expense,Nordics,Services,-8399,-9064,-9108
2025-06-01,18,Other,FX Gain/(Loss),Nordics,Services,4617,4856,4941
2025-06-01,19,Other,Other Income/(Expense),Nordics,Services,5777,6474,6459
2025-06-01,20,Other,Income Tax,Nordics,Services,-26316,-29135,-28090
2025-06-01,1,Revenue,Product Revenue,Nordics,Hardware,275225,305739,307012
2025-06-01,2,Revenue,Subscription Revenue,Nordics,Hardware,208408,229304,216890
2025-06-01,3,Revenue,Service Revenue,Nordics,Hardware,120942,133761,127837
2025-06-01,4,Revenue,Support & Maintenance,Nordics,Hardware,63094,68791,68316
2025-06-01,5,COGS,Direct Materials,Nordics,Hardware,-105862,-112224,-107653
2025-06-01,6,COGS,Direct Labor,Nordics,Hardware,-93737,-103592,-102210
2025-06-01,7,COGS,Cloud & Hosting,Nordics,Hardware,-48494,-51796,-49827
2025-06-01,8,COGS,Support Delivery,Nordics,Hardware,-36883,-38847,-37399
2025-06-01,9,Operating Expenses,Sales,Nordics,Hardware,-69993,-77694,-75776
2025-06-01,10,Operating Expenses,Marketing,Nordics,Hardware,-58456,-64745,-65678
2025-06-01,11,Operating Expenses,Research & Development,Nordics,Hardware,-85737,-94959,-96119
2025-06-01,12,Operating Expenses,General & Administrative,Nordics,Hardware,-51129,-56112,-57197
2025-06-01,13,Operating Expenses,IT & Systems,Nordics,Hardware,-28067,-30214,-29799
2025-06-01,14,Operating Expenses,Facilities & Rent,Nordics,Hardware,-24437,-25898,-25932
2025-06-01,15,Operating Expenses,Depreciation & Amort.,Nordics,Hardware,-21154,-23740,-22802
2025-06-01,16,Other,Interest Income,Nordics,Hardware,4644,5180,5006
2025-06-01,17,Other,Interest Expense,Nordics,Hardware,-11133,-12086,-11721
2025-06-01,18,Other,FX Gain/(Loss),Nordics,Hardware,-6046,-6474,-6324
2025-06-01,19,Other,Other Income/(Expense),Nordics,Hardware,-7796,-8633,-8658
2025-06-01,20,Other,Income Tax,Nordics,Hardware,-34567,-38847,-39435
2025-07-01,1,Revenue,Product Revenue,France,Software,699463,786678,783635
2025-07-01,2,Revenue,Subscription Revenue,France,Software,546211,590009,588877
2025-07-01,3,Revenue,Service Revenue,France,Software,313250,344172,330996
2025-07-01,4,Revenue,Support & Maintenance,France,Software,164130,177003,169792
2025-07-01,5,COGS,Direct Materials,France,Software,-267225,-283663,-278970
2025-07-01,6,COGS,Direct Labor,France,Software,-244504,-261842,-246466
2025-07-01,7,COGS,Cloud & Hosting,France,Software,-121106,-130921,-125469
2025-07-01,8,COGS,Support Delivery,France,Software,-86699,-98191,-96254
2025-07-01,9,Operating Expenses,Sales,France,Software,-179131,-196382,-192217
2025-07-01,10,Operating Expenses,Marketing,France,Software,-144674,-163652,-154372
2025-07-01,11,Operating Expenses,Research & Development,France,Software,-219720,-240022,-234262
2025-07-01,12,Operating Expenses,General & Administrative,France,Software,-128044,-141831,-133695
2025-07-01,13,Operating Expenses,IT & Systems,France,Software,-72093,-76371,-77776
2025-07-01,14,Operating Expenses,Facilities & Rent,France,Software,-58725,-65461,-62921
2025-07-01,15,Operating Expenses,Depreciation & Amort.,France,Software,-55006,-60006,-60105
2025-07-01,16,Other,Interest Income,France,Software,11587,13092,12896
2025-07-01,17,Other,Interest Expense,France,Software,-27341,-30548,-30969
2025-07-01,18,Other,FX Gain/(Loss),France,Software,14417,16365,16197
2025-07-01,19,Other,Other Income/(Expense),France,Software,20495,21820,21595
2025-07-01,20,Other,Income Tax,France,Software,-88792,-98191,-94742
2025-07-01,1,Revenue,Product Revenue,France,Services,430451,472007,468491
2025-07-01,2,Revenue,Subscription Revenue,France,Services,324423,354005,345964
2025-07-01,3,Revenue,Service Revenue,France,Services,189259,206503,198045
2025-07-01,4,Revenue,Support & Maintenance,France,Services,94553,106202,102231
2025-07-01,5,COGS,Direct Materials,France,Services,-158777,-170198,-162787
2025-07-01,6,COGS,Direct Labor,France,Services,-148847,-157105,-148178
2025-07-01,7,COGS,Cloud & Hosting,France,Services,-71216,-78553,-77659
2025-07-01,8,COGS,Support Delivery,France,Services,-53031,-58915,-58030
2025-07-01,9,Operating Expenses,Sales,France,Services,-109893,-117829,-118671
2025-07-01,10,Operating Expenses,Marketing,France,Services,-90829,-98191,-95100
2025-07-01,11,Operating Expenses,Research & Development,France,Services,-126988,-144013,-142608
2025-07-01,12,Operating Expenses,General & Administrative,France,Services,-80427,-85099,-83339
2025-07-01,13,Operating Expenses,IT & Systems,France,Services,-42284,-45822,-45784
2025-07-01,14,Operating Expenses,Facilities & Rent,France,Services,-35138,-39276,-37848
2025-07-01,15,Operating Expenses,Depreciation & Amort.,France,Services,-34185,-36003,-36639
2025-07-01,16,Other,Interest Income,France,Services,7401,7855,7897
2025-07-01,17,Other,Interest Expense,France,Services,-16149,-18329,-17615
2025-07-01,18,Other,FX Gain/(Loss),France,Services,-9327,-9819,-9667
2025-07-01,19,Other,Other Income/(Expense),France,Services,-11798,-13092,-13253
2025-07-01,20,Other,Income Tax,France,Services,-52340,-58915,-58605
2025-07-01,1,Revenue,Product Revenue,France,Hardware,557482,629343,604941
2025-07-01,2,Revenue,Subscription Revenue,France,Hardware,448033,472007,465100
2025-07-01,3,Revenue,Service Revenue,France,Hardware,247623,275337,280693
2025-07-01,4,Revenue,Support & Maintenance,France,Hardware,128568,141602,133445
2025-07-01,5,COGS,Direct Materials,France,Hardware,-212740,-226930,-217631
2025-07-01,6,COGS,Direct Labor,France,Hardware,-185033,-209474,-208915
2025-07-01,7,COGS,Cloud & Hosting,France,Hardware,-98705,-104737,-101033
2025-07-01,8,COGS,Support Delivery,France,Hardware,-73516,-78553,-74724
2025-07-01,9,Operating Expenses,Sales,France,Hardware,-147224,-157105,-150408
2025-07-01,10,Operating Expenses,Marketing,France,Hardware,-115981,-130921,-132733
2025-07-01,11,Operating Expenses,Research & Development,France,Hardware,-169493,-192018,-185468
2025-07-01,12,Operating Expenses,General & Administrative,France,Hardware,-106071,-113465,-113349
2025-07-01,13,Operating Expenses,IT & Systems,France,Hardware,-53927,-61097,-59832
2025-07-01,14,Operating Expenses,Facilities & Rent,France,Hardware,-46317,-52368,-50921
2025-07-01,15,Operating Expenses,Depreciation & Amort.,France,Hardware,-43884,-48004,-47675
2025-07-01,16,Other,Interest Income,France,Hardware,9654,10474,10234
2025-07-01,17,Other,Interest Expense,France,Hardware,-22978,-24439,-23970
2025-07-01,18,Other,FX Gain/(Loss),France,Hardware,12052,13092,13110
2025-07-01,19,Other,Other Income/(Expense),France,Hardware,16478,17456,17501
2025-07-01,20,Other,Income Tax,France,Hardware,-74698,-78553,-78365
2025-07-01,1,Revenue,Product Revenue,Germany,Software,856454,944014,899862
2025-07-01,2,Revenue,Subscription Revenue,Germany,Software,642643,708010,719564
2025-07-01,3,Revenue,Service Revenue,Germany,Software,388925,413006,418519
2025-07-01,4,Revenue,Support & Maintenance,Germany,Software,198604,212403,209629
2025-07-01,5,COGS,Direct Materials,Germany,Software,-307590,-340395,-336864
2025-07-01,6,COGS,Direct Labor,Germany,Software,-288685,-314211,-299409
2025-07-01,7,COGS,Cloud & Hosting,Germany,Software,-138571,-157105,-149283
2025-07-01,8,COGS,Support Delivery,Germany,Software,-110127,-117829,-118041
2025-07-01,9,Operating Expenses,Sales,Germany,Software,-211280,-235658,-222191
2025-07-01,10,Operating Expenses,Marketing,Germany,Software,-186113,-196382,-189725
2025-07-01,11,Operating Expenses,Research & Development,Germany,Software,-263855,-288027,-273615
2025-07-01,12,Operating Expenses,General & Administrative,Germany,Software,-154835,-170198,-172268
2025-07-01,13,Operating Expenses,IT & Systems,Germany,Software,-84394,-91645,-86279
2025-07-01,14,Operating Expenses,Facilities & Rent,Germany,Software,-69437,-78553,-77525
2025-07-01,15,Operating Expenses,Depreciation & Amort.,Germany,Software,-66617,-72007,-72925
2025-07-01,16,Other,Interest Income,Germany,Software,14138,15711,15721
2025-07-01,17,Other,Interest Expense,Germany,Software,-32919,-36658,-34547
2025-07-01,18,Other,FX Gain/(Loss),Germany,Software,18706,19638,20018
2025-07-01,19,Other,Other Income/(Expense),Germany,Software,24722,26184,26062
2025-07-01,20,Other,Income Tax,Germany,Software,-108634,-117829,-113307
2025-07-01,1,Revenue,Product Revenue,Germany,Services,502373,566408,552407
2025-07-01,2,Revenue,Subscription Revenue,Germany,Services,389511,424806,407470
2025-07-01,3,Revenue,Service Revenue,Germany,Services,234236,247804,238170
2025-07-01,4,Revenue,Support & Maintenance,Germany,Services,117526,127442,123884
2025-07-01,5,COGS,Direct Materials,Germany,Services,-190633,-204237,-203844
2025-07-01,6,COGS,Direct Labor,Germany,Services,-167610,-188527,-189731
2025-07-01,7,COGS,Cloud & Hosting,Germany,Services,-89022,-94263,-93565
2025-07-01,8,COGS,Support Delivery,Germany,Services,-62979,-70697,-71978
2025-07-01,9,Operating Expenses,Sales,Germany,Services,-133685,-141395,-133992
2025-07-01,10,Operating Expenses,Marketing,Germany,Services,-104712,-117829,-110943
2025-07-01,11,Operating Expenses,Research & Development,Germany,Services,-160823,-172816,-164596
2025-07-01,12,Operating Expenses,General & Administrative,Germany,Services,-97177,-102119,-101233
2025-07-01,13,Operating Expenses,IT & Systems,Germany,Services,-49756,-54987,-55087
2025-07-01,14,Operating Expenses,Facilities & Rent,Germany,Services,-42647,-47132,-46851
2025-07-01,15,Operating Expenses,Depreciation & Amort.,Germany,Services,-38928,-43204,-40870
2025-07-01,16,Other,Interest Income,Germany,Services,8689,9426,8923
2025-07-01,17,Other,Interest Expense,Germany,Services,-19595,-21995,-20702
2025-07-01,18,Other,FX Gain/(Loss),Germany,Services,10905,11783,11719
2025-07-01,19,Other,Other Income/(Expense),Germany,Services,-14137,-15711,-15302
2025-07-01,20,Other,Income Tax,Germany,Services,-63574,-70697,-67973
2025-07-01,1,Revenue,Product Revenue,Germany,Hardware,699790,755211,723843
2025-07-01,2,Revenue,Subscription Revenue,Germany,Hardware,508575,566408,562409
2025-07-01,3,Revenue,Service Revenue,Germany,Hardware,300179,330405,319439
2025-07-01,4,Revenue,Support & Maintenance,Germany,Hardware,161164,169923,170935
2025-07-01,5,COGS,Direct Materials,Germany,Hardware,-251858,-272316,-260399
2025-07-01,6,COGS,Direct Labor,Germany,Hardware,-225000,-251369,-248008
2025-07-01,7,COGS,Cloud & Hosting,Germany,Hardware,-114536,-125684,-127387
2025-07-01,8,COGS,Support Delivery,Germany,Hardware,-89283,-94263,-88954
2025-07-01,9,Operating Expenses,Sales,Germany,Hardware,-166111,-188527,-187681
2025-07-01,10,Operating Expenses,Marketing,Germany,Hardware,-145677,-157105,-148696
2025-07-01,11,Operating Expenses,Research & Development,Germany,Hardware,-218854,-230421,-224523
2025-07-01,12,Operating Expenses,General & Administrative,Germany,Hardware,-128041,-136158,-134311
2025-07-01,13,Operating Expenses,IT & Systems,Germany,Hardware,-65767,-73316,-72972
2025-07-01,14,Operating Expenses,Facilities & Rent,Germany,Hardware,-56958,-62842,-61987
2025-07-01,15,Operating Expenses,Depreciation & Amort.,Germany,Hardware,-51161,-57605,-57693
2025-07-01,16,Other,Interest Income,Germany,Hardware,11085,12568,12771
2025-07-01,17,Other,Interest Expense,Germany,Hardware,-27522,-29326,-28826
2025-07-01,18,Other,FX Gain/(Loss),Germany,Hardware,-14737,-15711,-14833
2025-07-01,19,Other,Other Income/(Expense),Germany,Hardware,19027,20947,19789
2025-07-01,20,Other,Income Tax,Germany,Hardware,-86341,-94263,-95394
2025-07-01,1,Revenue,Product Revenue,United Kingdom,Software,657985,708010,669910
2025-07-01,2,Revenue,Subscription Revenue,United Kingdom,Software,491212,531008,513294
2025-07-01,3,Revenue,Service Revenue,United Kingdom,Software,282053,309755,312803
2025-07-01,4,Revenue,Support & Maintenance,United Kingdom,Software,146494,159302,154266
2025-07-01,5,COGS,Direct Materials,United Kingdom,Software,-236585,-255296,-243607
2025-07-01,6,COGS,Direct Labor,United Kingdom,Software,-220572,-235658,-226315
2025-07-01,7,COGS,Cloud & Hosting,United Kingdom,Software,-103702,-117829,-112175
2025-07-01,8,COGS,Support Delivery,United Kingdom,Software,-78420,-88372,-89831
2025-07-01,9,Operating Expenses,Sales,United Kingdom,Software,-158609,-176744,-168639
2025-07-01,10,Operating Expenses,Marketing,United Kingdom,Software,-130835,-147286,-139930
2025-07-01,11,Operating Expenses,Research & Development,United Kingdom,Software,-200130,-216020,-212566
2025-07-01,12,Operating Expenses,General & Administrative,United Kingdom,Software,-120847,-127648,-128696
2025-07-01,13,Operating Expenses,IT & Systems,United Kingdom,Software,-63757,-68734,-66586
2025-07-01,14,Operating Expenses,Facilities & Rent,United Kingdom,Software,-55462,-58915,-58143
2025-07-01,15,Operating Expenses,Depreciation & Amort.,United Kingdom,Software,-47645,-54005,-52580
2025-07-01,16,Other,Interest Income,United Kingdom,Software,11052,11783,11671
2025-07-01,17,Other,Interest Expense,United Kingdom,Software,-24423,-27493,-27666
2025-07-01,18,Other,FX Gain/(Loss),United Kingdom,Software,13118,14729,14308
2025-07-01,19,Other,Other Income/(Expense),United Kingdom,Software,18381,19638,18977
2025-07-01,20,Other,Income Tax,United Kingdom,Software,-81448,-88372,-85969
2025-07-01,1,Revenue,Product Revenue,United Kingdom,Services,378164,424806,412153
2025-07-01,2,Revenue,Subscription Revenue,United Kingdom,Services,284646,318605,318163
2025-07-01,3,Revenue,Service Revenue,United Kingdom,Services,172359,185853,182790
2025-07-01,4,Revenue,Support & Maintenance,United Kingdom,Services,86685,95581,91277
2025-07-01,5,COGS,Direct Materials,United Kingdom,Services,-135501,-153178,-150510
2025-07-01,6,COGS,Direct Labor,United Kingdom,Services,-124963,-141395,-138777
2025-07-01,7,COGS,Cloud & Hosting,United Kingdom,Services,-62985,-70697,-67657
2025-07-01,8,COGS,Support Delivery,United Kingdom,Services,-50473,-53023,-54030
2025-07-01,9,Operating Expenses,Sales,United Kingdom,Services,-95627,-106046,-100279
2025-07-01,10,Operating Expenses,Marketing,United Kingdom,Services,-80576,-88372,-87784
2025-07-01,11,Operating Expenses,Research & Development,United Kingdom,Services,-116674,-129612,-123034
2025-07-01,12,Operating Expenses,General & Administrative,United Kingdom,Services,-72372,-76589,-74494
2025-07-01,13,Operating Expenses,IT & Systems,United Kingdom,Services,-38331,-41240,-39424
2025-07-01,14,Operating Expenses,Facilities & Rent,United Kingdom,Services,-32769,-35349,-34524
2025-07-01,15,Operating Expenses,Depreciation & Amort.,United Kingdom,Services,-29399,-32403,-31741
2025-07-01,16,Other,Interest Income,United Kingdom,Services,6643,7070,6677
2025-07-01,17,Other,Interest Expense,United Kingdom,Services,-15624,-16496,-16535
2025-07-01,18,Other,FX Gain/(Loss),United Kingdom,Services,7990,8837,8892
2025-07-01,19,Other,Other Income/(Expense),United Kingdom,Services,10555,11783,11191
2025-07-01,20,Other,Income Tax,United Kingdom,Services,-50048,-53023,-51042
2025-07-01,1,Revenue,Product Revenue,United Kingdom,Hardware,534982,566408,541404
2025-07-01,2,Revenue,Subscription Revenue,United Kingdom,Hardware,380706,424806,405544
2025-07-01,3,Revenue,Service Revenue,United Kingdom,Hardware,221954,247804,246359
2025-07-01,4,Revenue,Support & Maintenance,United Kingdom,Hardware,119873,127442,129792
2025-07-01,5,COGS,Direct Materials,United Kingdom,Hardware,-189280,-204237,-192246
2025-07-01,6,COGS,Direct Labor,United Kingdom,Hardware,-175525,-188527,-187757
2025-07-01,7,COGS,Cloud & Hosting,United Kingdom,Hardware,-87372,-94263,-92388
2025-07-01,8,COGS,Support Delivery,United Kingdom,Hardware,-62752,-70697,-70989
2025-07-01,9,Operating Expenses,Sales,United Kingdom,Hardware,-130228,-141395,-138155
2025-07-01,10,Operating Expenses,Marketing,United Kingdom,Hardware,-104930,-117829,-111399
2025-07-01,11,Operating Expenses,Research & Development,United Kingdom,Hardware,-153627,-172816,-162712
2025-07-01,12,Operating Expenses,General & Administrative,United Kingdom,Hardware,-96119,-102119,-103096
2025-07-01,13,Operating Expenses,IT & Systems,United Kingdom,Hardware,-52071,-54987,-54893
2025-07-01,14,Operating Expenses,Facilities & Rent,United Kingdom,Hardware,-44815,-47132,-45475
2025-07-01,15,Operating Expenses,Depreciation & Amort.,United Kingdom,Hardware,-40021,-43204,-42446
2025-07-01,16,Other,Interest Income,United Kingdom,Hardware,8972,9426,9033
2025-07-01,17,Other,Interest Expense,United Kingdom,Hardware,-19896,-21995,-22320
2025-07-01,18,Other,FX Gain/(Loss),United Kingdom,Hardware,10679,11783,11403
2025-07-01,19,Other,Other Income/(Expense),United Kingdom,Hardware,-14382,-15711,-15512
2025-07-01,20,Other,Income Tax,United Kingdom,Hardware,-64350,-70697,-70840
2025-07-01,1,Revenue,Product Revenue,Spain,Software,427972,472007,445372
2025-07-01,2,Revenue,Subscription Revenue,Spain,Software,312736,354005,348172
2025-07-01,3,Revenue,Service Revenue,Spain,Software,188626,206503,209581
2025-07-01,4,Revenue,Support & Maintenance,Spain,Software,95470,106202,106498
2025-07-01,5,COGS,Direct Materials,Spain,Software,-160161,-170198,-165236
2025-07-01,6,COGS,Direct Labor,Spain,Software,-142228,-157105,-154586
2025-07-01,7,COGS,Cloud & Hosting,Spain,Software,-71387,-78553,-75169
2025-07-01,8,COGS,Support Delivery,Spain,Software,-54659,-58915,-57236
2025-07-01,9,Operating Expenses,Sales,Spain,Software,-106524,-117829,-111155
2025-07-01,10,Operating Expenses,Marketing,Spain,Software,-87029,-98191,-98665
2025-07-01,11,Operating Expenses,Research & Development,Spain,Software,-131361,-144013,-140475
2025-07-01,12,Operating Expenses,General & Administrative,Spain,Software,-79807,-85099,-82109
2025-07-01,13,Operating Expenses,IT & Systems,Spain,Software,-41755,-45822,-45725
2025-07-01,14,Operating Expenses,Facilities & Rent,Spain,Software,-36420,-39276,-39135
2025-07-01,15,Operating Expenses,Depreciation & Amort.,Spain,Software,-33373,-36003,-36220
2025-07-01,16,Other,Interest Income,Spain,Software,7054,7855,7851
2025-07-01,17,Other,Interest Expense,Spain,Software,-17378,-18329,-18677
2025-07-01,18,Other,FX Gain/(Loss),Spain,Software,-8672,-9819,-9765
2025-07-01,19,Other,Other Income/(Expense),Spain,Software,11905,13092,12945
2025-07-01,20,Other,Income Tax,Spain,Software,-55362,-58915,-59694
2025-07-01,1,Revenue,Product Revenue,Spain,Services,249890,283204,286127
2025-07-01,2,Revenue,Subscription Revenue,Spain,Services,195922,212403,209583
2025-07-01,3,Revenue,Service Revenue,Spain,Services,113323,123902,116648
2025-07-01,4,Revenue,Support & Maintenance,Spain,Services,58378,63721,64728
2025-07-01,5,COGS,Direct Materials,Spain,Services,-96376,-102119,-97780
2025-07-01,6,COGS,Direct Labor,Spain,Services,-86344,-94263,-94865
2025-07-01,7,COGS,Cloud & Hosting,Spain,Services,-42226,-47132,-44772
2025-07-01,8,COGS,Support Delivery,Spain,Services,-32721,-35349,-33824
2025-07-01,9,Operating Expenses,Sales,Spain,Services,-66792,-70697,-71445
2025-07-01,10,Operating Expenses,Marketing,Spain,Services,-52329,-58915,-57739
2025-07-01,11,Operating Expenses,Research & Development,Spain,Services,-78189,-86408,-83105
2025-07-01,12,Operating Expenses,General & Administrative,Spain,Services,-47409,-51059,-51367
2025-07-01,13,Operating Expenses,IT & Systems,Spain,Services,-25927,-27493,-26236
2025-07-01,14,Operating Expenses,Facilities & Rent,Spain,Services,-21824,-23566,-22782
2025-07-01,15,Operating Expenses,Depreciation & Amort.,Spain,Services,-20059,-21602,-21923
2025-07-01,16,Other,Interest Income,Spain,Services,4217,4713,4462
2025-07-01,17,Other,Interest Expense,Spain,Services,-10028,-10997,-10717
2025-07-01,18,Other,FX Gain/(Loss),Spain,Services,-5299,-5891,-5832
2025-07-01,19,Other,Other Income/(Expense),Spain,Services,7450,7855,7973
2025-07-01,20,Other,Income Tax,Spain,Services,-33507,-35349,-34777
2025-07-01,1,Revenue,Product Revenue,Spain,Hardware,356235,377606,366794
2025-07-01,2,Revenue,Subscription Revenue,Spain,Hardware,264639,283204,283676
2025-07-01,3,Revenue,Service Revenue,Spain,Hardware,148186,165202,168383
2025-07-01,4,Revenue,Support & Maintenance,Spain,Hardware,79587,84961,82827
2025-07-01,5,COGS,Direct Materials,Spain,Hardware,-123187,-136158,-134050
2025-07-01,6,COGS,Direct Labor,Spain,Hardware,-116167,-125684,-123087
2025-07-01,7,COGS,Cloud & Hosting,Spain,Hardware,-56670,-62842,-60268
2025-07-01,8,COGS,Support Delivery,Spain,Hardware,-43879,-47132,-44594
2025-07-01,9,Operating Expenses,Sales,Spain,Hardware,-84777,-94263,-92164
2025-07-01,10,Operating Expenses,Marketing,Spain,Hardware,-72226,-78553,-76300
2025-07-01,11,Operating Expenses,Research & Development,Spain,Hardware,-104170,-115211,-114341
2025-07-01,12,Operating Expenses,General & Administrative,Spain,Hardware,-60619,-68079,-68283
2025-07-01,13,Operating Expenses,IT & Systems,Spain,Hardware,-33192,-36658,-35557
2025-07-01,14,Operating Expenses,Facilities & Rent,Spain,Hardware,-29183,-31421,-30825
2025-07-01,15,Operating Expenses,Depreciation & Amort.,Spain,Hardware,-26303,-28803,-29320
2025-07-01,16,Other,Interest Income,Spain,Hardware,5961,6284,6132
2025-07-01,17,Other,Interest Expense,Spain,Hardware,-13917,-14663,-13831
2025-07-01,18,Other,FX Gain/(Loss),Spain,Hardware,-6925,-7855,-7807
2025-07-01,19,Other,Other Income/(Expense),Spain,Hardware,9478,10474,10373
2025-07-01,20,Other,Income Tax,Spain,Hardware,-44073,-47132,-47288
2025-07-01,1,Revenue,Product Revenue,Italy,Software,506567,550675,521447
2025-07-01,2,Revenue,Subscription Revenue,Italy,Software,371186,413006,398704
2025-07-01,3,Revenue,Service Revenue,Italy,Software,219446,240920,227830
2025-07-01,4,Revenue,Support & Maintenance,Italy,Software,115515,123902,119569
2025-07-01,5,COGS,Direct Materials,Italy,Software,-184182,-198564,-199582
2025-07-01,6,COGS,Direct Labor,Italy,Software,-167542,-183290,-178031
2025-07-01,7,COGS,Cloud & Hosting,Italy,Software,-83048,-91645,-90898
2025-07-01,8,COGS,Support Delivery,Italy,Software,-63675,-68734,-67205
2025-07-01,9,Operating Expenses,Sales,Italy,Software,-125081,-137467,-134789
2025-07-01,10,Operating Expenses,Marketing,Italy,Software,-102949,-114556,-109976
2025-07-01,11,Operating Expenses,Research & Development,Italy,Software,-148056,-168016,-159610
2025-07-01,12,Operating Expenses,General & Administrative,Italy,Software,-88221,-99282,-99370
2025-07-01,13,Operating Expenses,IT & Systems,Italy,Software,-48090,-53459,-53937
2025-07-01,14,Operating Expenses,Facilities & Rent,Italy,Software,-41024,-45822,-45595
2025-07-01,15,Operating Expenses,Depreciation & Amort.,Italy,Software,-37208,-42004,-40453
2025-07-01,16,Other,Interest Income,Italy,Software,8164,9164,9333
2025-07-01,17,Other,Interest Expense,Italy,Software,-19960,-21384,-20399
2025-07-01,18,Other,FX Gain/(Loss),Italy,Software,-10833,-11456,-11021
2025-07-01,19,Other,Other Income/(Expense),Italy,Software,-13813,-15274,-14592
2025-07-01,20,Other,Income Tax,Italy,Software,-64965,-68734,-67391
2025-07-01,1,Revenue,Product Revenue,Italy,Services,309826,330405,335090
2025-07-01,2,Revenue,Subscription Revenue,Italy,Services,235409,247804,241319
2025-07-01,3,Revenue,Service Revenue,Italy,Services,137590,144552,146600
2025-07-01,4,Revenue,Support & Maintenance,Italy,Services,66823,74341,72326
2025-07-01,5,COGS,Direct Materials,Italy,Services,-109468,-119138,-115766
2025-07-01,6,COGS,Direct Labor,Italy,Services,-100630,-109974,-109047
2025-07-01,7,COGS,Cloud & Hosting,Italy,Services,-49366,-54987,-51971
2025-07-01,8,COGS,Support Delivery,Italy,Services,-37510,-41240,-41102
2025-07-01,9,Operating Expenses,Sales,Italy,Services,-76076,-82480,-83488
2025-07-01,10,Operating Expenses,Marketing,Italy,Services,-64889,-68734,-70015
2025-07-01,11,Operating Expenses,Research & Development,Italy,Services,-95647,-100809,-96621
2025-07-01,12,Operating Expenses,General & Administrative,Italy,Services,-53345,-59569,-57438
2025-07-01,13,Operating Expenses,IT & Systems,Italy,Services,-29405,-32076,-32119
2025-07-01,14,Operating Expenses,Facilities & Rent,Italy,Services,-25478,-27493,-26187
2025-07-01,15,Operating Expenses,Depreciation & Amort.,Italy,Services,-22290,-25202,-24862
2025-07-01,16,Other,Interest Income,Italy,Services,5129,5499,5315
2025-07-01,17,Other,Interest Expense,Italy,Services,-11857,-12830,-12369
2025-07-01,18,Other,FX Gain/(Loss),Italy,Services,6534,6873,6947
2025-07-01,19,Other,Other Income/(Expense),Italy,Services,-8100,-9164,-9329
2025-07-01,20,Other,Income Tax,Italy,Services,-36630,-41240,-39987
2025-07-01,1,Revenue,Product Revenue,Italy,Hardware,393529,440540,445884
2025-07-01,2,Revenue,Subscription Revenue,Italy,Hardware,291613,330405,330265
2025-07-01,3,Revenue,Service Revenue,Italy,Hardware,182475,192736,192426
2025-07-01,4,Revenue,Support & Maintenance,Italy,Hardware,92388,99121,95969
2025-07-01,5,COGS,Direct Materials,Italy,Hardware,-150815,-158851,-160278
2025-07-01,6,COGS,Direct Labor,Italy,Hardware,-138813,-146632,-146189
2025-07-01,7,COGS,Cloud & Hosting,Italy,Hardware,-68687,-73316,-73435
2025-07-01,8,COGS,Support Delivery,Italy,Hardware,-51389,-54987,-54723
2025-07-01,9,Operating Expenses,Sales,Italy,Hardware,-96836,-109974,-108990
2025-07-01,10,Operating Expenses,Marketing,Italy,Hardware,-87308,-91645,-89393
2025-07-01,11,Operating Expenses,Research & Development,Italy,Hardware,-127738,-134412,-135647
2025-07-01,12,Operating Expenses,General & Administrative,Italy,Hardware,-75424,-79426,-79928
2025-07-01,13,Operating Expenses,IT & Systems,Italy,Hardware,-39906,-42768,-42767
2025-07-01,14,Operating Expenses,Facilities & Rent,Italy,Hardware,-34149,-36658,-35230
2025-07-01,15,Operating Expenses,Depreciation & Amort.,Italy,Hardware,-31742,-33603,-32652
2025-07-01,16,Other,Interest Income,Italy,Hardware,6740,7332,7133
2025-07-01,17,Other,Interest Expense,Italy,Hardware,-16156,-17107,-17149
2025-07-01,18,Other,FX Gain/(Loss),Italy,Hardware,8707,9164,8766
2025-07-01,19,Other,Other Income/(Expense),Italy,Hardware,11622,12219,12103
2025-07-01,20,Other,Income Tax,Italy,Hardware,-50650,-54987,-54064
2025-07-01,1,Revenue,Product Revenue,United States,Software,1112608,1258685,1261859
2025-07-01,2,Revenue,Subscription Revenue,United States,Software,853994,944014,894377
2025-07-01,3,Revenue,Service Revenue,United States,Software,492444,550675,526347
2025-07-01,4,Revenue,Support & Maintenance,United States,Software,255673,283204,280896
2025-07-01,5,COGS,Direct Materials,United States,Software,-404390,-453860,-438155
2025-07-01,6,COGS,Direct Labor,United States,Software,-395268,-418948,-412792
2025-07-01,7,COGS,Cloud & Hosting,United States,Software,-198923,-209474,-205237
2025-07-01,8,COGS,Support Delivery,United States,Software,-140965,-157105,-157988
2025-07-01,9,Operating Expenses,Sales,United States,Software,-276599,-314211,-315204
2025-07-01,10,Operating Expenses,Marketing,United States,Software,-240470,-261842,-260591
2025-07-01,11,Operating Expenses,Research & Development,United States,Software,-362885,-384036,-372358
2025-07-01,12,Operating Expenses,General & Administrative,United States,Software,-215508,-226930,-220978
2025-07-01,13,Operating Expenses,IT & Systems,United States,Software,-113506,-122193,-118156
2025-07-01,14,Operating Expenses,Facilities & Rent,United States,Software,-95063,-104737,-99550
2025-07-01,15,Operating Expenses,Depreciation & Amort.,United States,Software,-87998,-96009,-95870
2025-07-01,16,Other,Interest Income,United States,Software,18816,20947,20787
2025-07-01,17,Other,Interest Expense,United States,Software,-44565,-48877,-48885
2025-07-01,18,Other,FX Gain/(Loss),United States,Software,-23320,-26184,-26349
2025-07-01,19,Other,Other Income/(Expense),United States,Software,30969,34912,33355
2025-07-01,20,Other,Income Tax,United States,Software,-144693,-157105,-159666
2025-07-01,1,Revenue,Product Revenue,United States,Services,692155,755211,762402
2025-07-01,2,Revenue,Subscription Revenue,United States,Services,505613,566408,551959
2025-07-01,3,Revenue,Service Revenue,United States,Services,303457,330405,319616
2025-07-01,4,Revenue,Support & Maintenance,United States,Services,151405,169923,169898
2025-07-01,5,COGS,Direct Materials,United States,Services,-243550,-272316,-261208
2025-07-01,6,COGS,Direct Labor,United States,Services,-233885,-251369,-251746
2025-07-01,7,COGS,Cloud & Hosting,United States,Services,-119450,-125684,-121795
2025-07-01,8,COGS,Support Delivery,United States,Services,-88248,-94263,-95643
2025-07-01,9,Operating Expenses,Sales,United States,Services,-177148,-188527,-186446
2025-07-01,10,Operating Expenses,Marketing,United States,Services,-141390,-157105,-158954
2025-07-01,11,Operating Expenses,Research & Development,United States,Services,-209824,-230421,-225465
2025-07-01,12,Operating Expenses,General & Administrative,United States,Services,-122135,-136158,-133857
2025-07-01,13,Operating Expenses,IT & Systems,United States,Services,-65845,-73316,-70673
2025-07-01,14,Operating Expenses,Facilities & Rent,United States,Services,-58369,-62842,-59218
2025-07-01,15,Operating Expenses,Depreciation & Amort.,United States,Services,-53003,-57605,-57547
2025-07-01,16,Other,Interest Income,United States,Services,11738,12568,12038
2025-07-01,17,Other,Interest Expense,United States,Services,-27783,-29326,-29423
2025-07-01,18,Other,FX Gain/(Loss),United States,Services,-14494,-15711,-15844
2025-07-01,19,Other,Other Income/(Expense),United States,Services,-18793,-20947,-20212
2025-07-01,20,Other,Income Tax,United States,Services,-85632,-94263,-95762
2025-07-01,1,Revenue,Product Revenue,United States,Hardware,899656,1006948,948983
2025-07-01,2,Revenue,Subscription Revenue,United States,Hardware,694944,755211,757499
2025-07-01,3,Revenue,Service Revenue,United States,Hardware,388093,440540,444831
2025-07-01,4,Revenue,Support & Maintenance,United States,Hardware,215592,226563,225539
2025-07-01,5,COGS,Direct Materials,United States,Hardware,-344112,-363088,-360697
2025-07-01,6,COGS,Direct Labor,United States,Hardware,-317389,-335158,-322148
2025-07-01,7,COGS,Cloud & Hosting,United States,Hardware,-158575,-167579,-165686
2025-07-01,8,COGS,Support Delivery,United States,Hardware,-110774,-125684,-127837
2025-07-01,9,Operating Expenses,Sales,United States,Hardware,-228617,-251369,-255529
2025-07-01,10,Operating Expenses,Marketing,United States,Hardware,-191038,-209474,-211814
2025-07-01,11,Operating Expenses,Research & Development,United States,Hardware,-282621,-307228,-297542
2025-07-01,12,Operating Expenses,General & Administrative,United States,Hardware,-169935,-181544,-178431
2025-07-01,13,Operating Expenses,IT & Systems,United States,Hardware,-92868,-97755,-94910
2025-07-01,14,Operating Expenses,Facilities & Rent,United States,Hardware,-77895,-83790,-81452
2025-07-01,15,Operating Expenses,Depreciation & Amort.,United States,Hardware,-67756,-76807,-77466
2025-07-01,16,Other,Interest Income,United States,Hardware,15832,16758,16213
2025-07-01,17,Other,Interest Expense,United States,Hardware,-36091,-39102,-39803
2025-07-01,18,Other,FX Gain/(Loss),United States,Hardware,-18687,-20947,-20378
2025-07-01,19,Other,Other Income/(Expense),United States,Hardware,24979,27930,27854
2025-07-01,20,Other,Income Tax,United States,Hardware,-115324,-125684,-124695
2025-07-01,1,Revenue,Product Revenue,Nordics,Software,357867,393339,372121
2025-07-01,2,Revenue,Subscription Revenue,Nordics,Software,268909,295004,280366
2025-07-01,3,Revenue,Service Revenue,Nordics,Software,160992,172086,165429
2025-07-01,4,Revenue,Support & Maintenance,Nordics,Software,79074,88501,87649
2025-07-01,5,COGS,Direct Materials,Nordics,Software,-125862,-141831,-142675
2025-07-01,6,COGS,Direct Labor,Nordics,Software,-124651,-130921,-123802
2025-07-01,7,COGS,Cloud & Hosting,Nordics,Software,-59062,-65461,-65855
2025-07-01,8,COGS,Support Delivery,Nordics,Software,-45161,-49095,-47510
2025-07-01,9,Operating Expenses,Sales,Nordics,Software,-88654,-98191,-97202
2025-07-01,10,Operating Expenses,Marketing,Nordics,Software,-74748,-81826,-77125
2025-07-01,11,Operating Expenses,Research & Development,Nordics,Software,-105952,-120011,-115120
2025-07-01,12,Operating Expenses,General & Administrative,Nordics,Software,-66558,-70916,-67281
2025-07-01,13,Operating Expenses,IT & Systems,Nordics,Software,-34261,-38185,-37394
2025-07-01,14,Operating Expenses,Facilities & Rent,Nordics,Software,-30114,-32730,-30838
2025-07-01,15,Operating Expenses,Depreciation & Amort.,Nordics,Software,-26677,-30003,-29406
2025-07-01,16,Other,Interest Income,Nordics,Software,6075,6546,6549
2025-07-01,17,Other,Interest Expense,Nordics,Software,-13826,-15274,-15489
2025-07-01,18,Other,FX Gain/(Loss),Nordics,Software,7288,8183,8255
2025-07-01,19,Other,Other Income/(Expense),Nordics,Software,-10153,-10910,-10409
2025-07-01,20,Other,Income Tax,Nordics,Software,-44390,-49095,-46572
2025-07-01,1,Revenue,Product Revenue,Nordics,Services,213596,236003,227957
2025-07-01,2,Revenue,Subscription Revenue,Nordics,Services,160593,177003,178912
2025-07-01,3,Revenue,Service Revenue,Nordics,Services,93314,103252,97362
2025-07-01,4,Revenue,Support & Maintenance,Nordics,Services,46947,53101,52730
2025-07-01,5,COGS,Direct Materials,Nordics,Services,-75049,-85099,-85604
2025-07-01,6,COGS,Direct Labor,Nordics,Services,-70048,-78553,-79349
2025-07-01,7,COGS,Cloud & Hosting,Nordics,Services,-35065,-39276,-38533
2025-07-01,8,COGS,Support Delivery,Nordics,Services,-27164,-29457,-27766
2025-07-01,9,Operating Expenses,Sales,Nordics,Services,-53168,-58915,-56509
2025-07-01,10,Operating Expenses,Marketing,Nordics,Services,-44188,-49095,-48316
2025-07-01,11,Operating Expenses,Research & Development,Nordics,Services,-66364,-72007,-70446
2025-07-01,12,Operating Expenses,General & Administrative,Nordics,Services,-40096,-42549,-42517
2025-07-01,13,Operating Expenses,IT & Systems,Nordics,Services,-20314,-22911,-21598
2025-07-01,14,Operating Expenses,Facilities & Rent,Nordics,Services,-18637,-19638,-19675
2025-07-01,15,Operating Expenses,Depreciation & Amort.,Nordics,Services,-16605,-18002,-17579
2025-07-01,16,Other,Interest Income,Nordics,Services,3570,3928,3815
2025-07-01,17,Other,Interest Expense,Nordics,Services,-8576,-9164,-9311
2025-07-01,18,Other,FX Gain/(Loss),Nordics,Services,4629,4910,5000
2025-07-01,19,Other,Other Income/(Expense),Nordics,Services,5788,6546,6458
2025-07-01,20,Other,Income Tax,Nordics,Services,-27826,-29457,-29147
2025-07-01,1,Revenue,Product Revenue,Nordics,Hardware,279315,314671,301620
2025-07-01,2,Revenue,Subscription Revenue,Nordics,Hardware,214907,236003,232296
2025-07-01,3,Revenue,Service Revenue,Nordics,Hardware,123948,137669,135326
2025-07-01,4,Revenue,Support & Maintenance,Nordics,Hardware,63771,70801,68659
2025-07-01,5,COGS,Direct Materials,Nordics,Hardware,-102843,-113465,-109603
2025-07-01,6,COGS,Direct Labor,Nordics,Hardware,-99053,-104737,-106077
2025-07-01,7,COGS,Cloud & Hosting,Nordics,Hardware,-46220,-52368,-51828
2025-07-01,8,COGS,Support Delivery,Nordics,Hardware,-34817,-39276,-39654
2025-07-01,9,Operating Expenses,Sales,Nordics,Hardware,-74153,-78553,-77997
2025-07-01,10,Operating Expenses,Marketing,Nordics,Hardware,-58085,-65461,-65956
2025-07-01,11,Operating Expenses,Research & Development,Nordics,Hardware,-89455,-96009,-93368
2025-07-01,12,Operating Expenses,General & Administrative,Nordics,Hardware,-53118,-56733,-57093
2025-07-01,13,Operating Expenses,IT & Systems,Nordics,Hardware,-26948,-30548,-29478
2025-07-01,14,Operating Expenses,Facilities & Rent,Nordics,Hardware,-23354,-26184,-26207
2025-07-01,15,Operating Expenses,Depreciation & Amort.,Nordics,Hardware,-21476,-24002,-23893
2025-07-01,16,Other,Interest Income,Nordics,Hardware,4859,5237,5075
2025-07-01,17,Other,Interest Expense,Nordics,Hardware,-11045,-12219,-11822
2025-07-01,18,Other,FX Gain/(Loss),Nordics,Hardware,6192,6546,6273
2025-07-01,19,Other,Other Income/(Expense),Nordics,Hardware,8102,8728,8349
2025-07-01,20,Other,Income Tax,Nordics,Hardware,-37036,-39276,-37606
2025-08-01,1,Revenue,Product Revenue,France,Software,785146,840847,853769
2025-08-01,2,Revenue,Subscription Revenue,France,Software,570233,630635,625528
2025-08-01,3,Revenue,Service Revenue,France,Software,345078,367871,363385
2025-08-01,4,Revenue,Support & Maintenance,France,Software,173435,189191,183620
2025-08-01,5,COGS,Direct Materials,France,Software,-264733,-289524,-280116
2025-08-01,6,COGS,Direct Labor,France,Software,-251242,-267253,-253858
2025-08-01,7,COGS,Cloud & Hosting,France,Software,-123069,-133627,-134219
2025-08-01,8,COGS,Support Delivery,France,Software,-93263,-100220,-96745
2025-08-01,9,Operating Expenses,Sales,France,Software,-177420,-200440,-197024
2025-08-01,10,Operating Expenses,Marketing,France,Software,-154288,-167033,-159899
2025-08-01,11,Operating Expenses,Research & Development,France,Software,-232963,-244982,-239626
2025-08-01,12,Operating Expenses,General & Administrative,France,Software,-131917,-144762,-146491
2025-08-01,13,Operating Expenses,IT & Systems,France,Software,-73293,-77949,-78122
2025-08-01,14,Operating Expenses,Facilities & Rent,France,Software,-58998,-66813,-63558
2025-08-01,15,Operating Expenses,Depreciation & Amort.,France,Software,-55472,-61245,-58632
2025-08-01,16,Other,Interest Income,France,Software,12092,13363,12657
2025-08-01,17,Other,Interest Expense,France,Software,-28774,-31180,-30049
2025-08-01,18,Other,FX Gain/(Loss),France,Software,14931,16703,15840
2025-08-01,19,Other,Other Income/(Expense),France,Software,-20271,-22271,-22099
2025-08-01,20,Other,Income Tax,France,Software,-95490,-100220,-95134
2025-08-01,1,Revenue,Product Revenue,France,Services,447776,504508,477570
2025-08-01,2,Revenue,Subscription Revenue,France,Services,335830,378381,357681
2025-08-01,3,Revenue,Service Revenue,France,Services,199300,220722,215953
2025-08-01,4,Revenue,Support & Maintenance,France,Services,102363,113514,107696
2025-08-01,5,COGS,Direct Materials,France,Services,-164438,-173714,-175458
2025-08-01,6,COGS,Direct Labor,France,Services,-145331,-160352,-162800
2025-08-01,7,COGS,Cloud & Hosting,France,Services,-76169,-80176,-81150
2025-08-01,8,COGS,Support Delivery,France,Services,-53808,-60132,-59247
2025-08-01,9,Operating Expenses,Sales,France,Services,-113270,-120264,-116529
2025-08-01,10,Operating Expenses,Marketing,France,Services,-89699,-100220,-95088
2025-08-01,11,Operating Expenses,Research & Development,France,Services,-139942,-146989,-145819
2025-08-01,12,Operating Expenses,General & Administrative,France,Services,-80877,-86857,-85169
2025-08-01,13,Operating Expenses,IT & Systems,France,Services,-44455,-46769,-45330
2025-08-01,14,Operating Expenses,Facilities & Rent,France,Services,-36970,-40088,-38691
2025-08-01,15,Operating Expenses,Depreciation & Amort.,France,Services,-33356,-36747,-35342
2025-08-01,16,Other,Interest Income,France,Services,7090,8018,7700
2025-08-01,17,Other,Interest Expense,France,Services,-17297,-18708,-18102
2025-08-01,18,Other,FX Gain/(Loss),France,Services,9152,10022,10072
2025-08-01,19,Other,Other Income/(Expense),France,Services,-12688,-13363,-13415
2025-08-01,20,Other,Income Tax,France,Services,-55455,-60132,-57284
2025-08-01,1,Revenue,Product Revenue,France,Hardware,608597,672678,638766
2025-08-01,2,Revenue,Subscription Revenue,France,Hardware,470928,504508,491974
2025-08-01,3,Revenue,Service Revenue,France,Hardware,266558,294297,278516
2025-08-01,4,Revenue,Support & Maintenance,France,Hardware,141885,151352,151500
2025-08-01,5,COGS,Direct Materials,France,Hardware,-219574,-231619,-220277
2025-08-01,6,COGS,Direct Labor,France,Hardware,-202488,-213802,-212956
2025-08-01,7,COGS,Cloud & Hosting,France,Hardware,-100674,-106901,-106641
2025-08-01,8,COGS,Support Delivery,France,Hardware,-73655,-80176,-78378
2025-08-01,9,Operating Expenses,Sales,France,Hardware,-149504,-160352,-151825
2025-08-01,10,Operating Expenses,Marketing,France,Hardware,-123098,-133627,-131065
2025-08-01,11,Operating Expenses,Research & Development,France,Hardware,-178436,-195986,-195995
2025-08-01,12,Operating Expenses,General & Administrative,France,Hardware,-103624,-115810,-116441
2025-08-01,13,Operating Expenses,IT & Systems,France,Hardware,-56934,-62359,-60427
2025-08-01,14,Operating Expenses,Facilities & Rent,France,Hardware,-49589,-53451,-51482
2025-08-01,15,Operating Expenses,Depreciation & Amort.,France,Hardware,-45971,-48996,-49872
2025-08-01,16,Other,Interest Income,France,Hardware,9494,10690,10237
2025-08-01,17,Other,Interest Expense,France,Hardware,-23060,-24944,-25103
2025-08-01,18,Other,FX Gain/(Loss),France,Hardware,12674,13363,13075
2025-08-01,19,Other,Other Income/(Expense),France,Hardware,-16214,-17817,-16956
2025-08-01,20,Other,Income Tax,France,Hardware,-75852,-80176,-78582
2025-08-01,1,Revenue,Product Revenue,Germany,Software,920424,1009017,1013712
2025-08-01,2,Revenue,Subscription Revenue,Germany,Software,708030,756762,747852
2025-08-01,3,Revenue,Service Revenue,Germany,Software,419099,441445,444465
2025-08-01,4,Revenue,Support & Maintenance,Germany,Software,208271,227029,219090
2025-08-01,5,COGS,Direct Materials,Germany,Software,-328832,-347429,-353573
2025-08-01,6,COGS,Direct Labor,Germany,Software,-295968,-320704,-320072
2025-08-01,7,COGS,Cloud & Hosting,Germany,Software,-148754,-160352,-152362
2025-08-01,8,COGS,Support Delivery,Germany,Software,-114601,-120264,-114650
2025-08-01,9,Operating Expenses,Sales,Germany,Software,-216869,-240528,-238208
2025-08-01,10,Operating Expenses,Marketing,Germany,Software,-179166,-200440,-198255
2025-08-01,11,Operating Expenses,Research & Development,Germany,Software,-271276,-293978,-299211
2025-08-01,12,Operating Expenses,General & Administrative,Germany,Software,-159327,-173714,-167458
2025-08-01,13,Operating Expenses,IT & Systems,Germany,Software,-86375,-93539,-89101
2025-08-01,14,Operating Expenses,Facilities & Rent,Germany,Software,-70674,-80176,-79393
2025-08-01,15,Operating Expenses,Depreciation & Amort.,Germany,Software,-66550,-73495,-70631
2025-08-01,16,Other,Interest Income,Germany,Software,15170,16035,16299
2025-08-01,17,Other,Interest Expense,Germany,Software,-34125,-37415,-38110
2025-08-01,18,Other,FX Gain/(Loss),Germany,Software,17737,20044,20114
2025-08-01,19,Other,Other Income/(Expense),Germany,Software,-24506,-26725,-26445
2025-08-01,20,Other,Income Tax,Germany,Software,-108210,-120264,-118532
2025-08-01,1,Revenue,Product Revenue,Germany,Services,541970,605410,571851
2025-08-01,2,Revenue,Subscription Revenue,Germany,Services,406645,454057,443570
2025-08-01,3,Revenue,Service Revenue,Germany,Services,250206,264867,264213
2025-08-01,4,Revenue,Support & Maintenance,Germany,Services,128026,136217,130096
2025-08-01,5,COGS,Direct Materials,Germany,Services,-195665,-208457,-196283
2025-08-01,6,COGS,Direct Labor,Germany,Services,-175355,-192422,-193560
2025-08-01,7,COGS,Cloud & Hosting,Germany,Services,-89481,-96211,-93028
2025-08-01,8,COGS,Support Delivery,Germany,Services,-66972,-72158,-69514
2025-08-01,9,Operating Expenses,Sales,Germany,Services,-127526,-144317,-141298
2025-08-01,10,Operating Expenses,Marketing,Germany,Services,-111458,-120264,-114715
2025-08-01,11,Operating Expenses,Research & Development,Germany,Services,-165206,-176387,-179128
2025-08-01,12,Operating Expenses,General & Administrative,Germany,Services,-97308,-104229,-104070
2025-08-01,13,Operating Expenses,IT & Systems,Germany,Services,-52068,-56123,-56214
2025-08-01,14,Operating Expenses,Facilities & Rent,Germany,Services,-45699,-48106,-45614
2025-08-01,15,Operating Expenses,Depreciation & Amort.,Germany,Services,-41006,-44097,-44363
2025-08-01,16,Other,Interest Income,Germany,Services,8771,9621,9352
2025-08-01,17,Other,Interest Expense,Germany,Services,-20029,-22449,-22160
2025-08-01,18,Other,FX Gain/(Loss),Germany,Services,11166,12026,11378
2025-08-01,19,Other,Other Income/(Expense),Germany,Services,15132,16035,15812
2025-08-01,20,Other,Income Tax,Germany,Services,-64793,-72158,-70850
2025-08-01,1,Revenue,Product Revenue,Germany,Hardware,748249,807213,784922
2025-08-01,2,Revenue,Subscription Revenue,Germany,Hardware,548183,605410,616938
2025-08-01,3,Revenue,Service Revenue,Germany,Hardware,331951,353156,351975
2025-08-01,4,Revenue,Support & Maintenance,Germany,Hardware,167636,181623,183348
2025-08-01,5,COGS,Direct Materials,Germany,Hardware,-252941,-277943,-263371
2025-08-01,6,COGS,Direct Labor,Germany,Hardware,-242357,-256563,-242575
2025-08-01,7,COGS,Cloud & Hosting,Germany,Hardware,-115529,-128281,-129046
2025-08-01,8,COGS,Support Delivery,Germany,Hardware,-89320,-96211,-91529
2025-08-01,9,Operating Expenses,Sales,Germany,Hardware,-179625,-192422,-189460
2025-08-01,10,Operating Expenses,Marketing,Germany,Hardware,-148934,-160352,-151267
2025-08-01,11,Operating Expenses,Research & Development,Germany,Hardware,-218655,-235183,-224827
2025-08-01,12,Operating Expenses,General & Administrative,Germany,Hardware,-126580,-138972,-134127
2025-08-01,13,Operating Expenses,IT & Systems,Germany,Hardware,-70375,-74831,-72426
2025-08-01,14,Operating Expenses,Facilities & Rent,Germany,Hardware,-58251,-64141,-61932
2025-08-01,15,Operating Expenses,Depreciation & Amort.,Germany,Hardware,-55803,-58796,-56168
2025-08-01,16,Other,Interest Income,Germany,Hardware,11940,12828,12116
2025-08-01,17,Other,Interest Expense,Germany,Hardware,-27244,-29932,-30049
2025-08-01,18,Other,FX Gain/(Loss),Germany,Hardware,-15258,-16035,-15373
2025-08-01,19,Other,Other Income/(Expense),Germany,Hardware,-19616,-21380,-20824
2025-08-01,20,Other,Income Tax,Germany,Hardware,-85745,-96211,-95096
2025-08-01,1,Revenue,Product Revenue,United Kingdom,Software,697358,756762,732251
2025-08-01,2,Revenue,Subscription Revenue,United Kingdom,Software,509635,567572,548696
2025-08-01,3,Revenue,Service Revenue,United Kingdom,Software,304424,331084,327363
2025-08-01,4,Revenue,Support & Maintenance,United Kingdom,Software,157307,170272,160478
2025-08-01,5,COGS,Direct Materials,United Kingdom,Software,-245658,-260572,-258686
2025-08-01,6,COGS,Direct Labor,United Kingdom,Software,-229281,-240528,-237548
2025-08-01,7,COGS,Cloud & Hosting,United Kingdom,Software,-107665,-120264,-119219
2025-08-01,8,COGS,Support Delivery,United Kingdom,Software,-81943,-90198,-89085
2025-08-01,9,Operating Expenses,Sales,United Kingdom,Software,-167381,-180396,-176340
2025-08-01,10,Operating Expenses,Marketing,United Kingdom,Software,-138066,-150330,-142880
2025-08-01,11,Operating Expenses,Research & Development,United Kingdom,Software,-204047,-220484,-213512
2025-08-01,12,Operating Expenses,General & Administrative,United Kingdom,Software,-123617,-130286,-126339
2025-08-01,13,Operating Expenses,IT & Systems,United Kingdom,Software,-64127,-70154,-69412
2025-08-01,14,Operating Expenses,Facilities & Rent,United Kingdom,Software,-55452,-60132,-61289
2025-08-01,15,Operating Expenses,Depreciation & Amort.,United Kingdom,Software,-51777,-55121,-53644
2025-08-01,16,Other,Interest Income,United Kingdom,Software,11283,12026,11376
2025-08-01,17,Other,Interest Expense,United Kingdom,Software,-25532,-28062,-28232
2025-08-01,18,Other,FX Gain/(Loss),United Kingdom,Software,-13448,-15033,-14751
2025-08-01,19,Other,Other Income/(Expense),United Kingdom,Software,-18876,-20044,-19931
2025-08-01,20,Other,Income Tax,United Kingdom,Software,-81846,-90198,-87753
2025-08-01,1,Revenue,Product Revenue,United Kingdom,Services,405993,454057,453125
2025-08-01,2,Revenue,Subscription Revenue,United Kingdom,Services,323581,340543,331506
2025-08-01,3,Revenue,Service Revenue,United Kingdom,Services,180271,198650,191077
2025-08-01,4,Revenue,Support & Maintenance,United Kingdom,Services,96797,102163,99285
2025-08-01,5,COGS,Direct Materials,United Kingdom,Services,-142044,-156343,-156717
2025-08-01,6,COGS,Direct Labor,United Kingdom,Services,-131434,-144317,-144000
2025-08-01,7,COGS,Cloud & Hosting,United Kingdom,Services,-67402,-72158,-71323
2025-08-01,8,COGS,Support Delivery,United Kingdom,Services,-48129,-54119,-54101
2025-08-01,9,Operating Expenses,Sales,United Kingdom,Services,-95802,-108237,-105770
2025-08-01,10,Operating Expenses,Marketing,United Kingdom,Services,-80996,-90198,-88888
2025-08-01,11,Operating Expenses,Research & Development,United Kingdom,Services,-118327,-132290,-127034
2025-08-01,12,Operating Expenses,General & Administrative,United Kingdom,Services,-69089,-78172,-75961
2025-08-01,13,Operating Expenses,IT & Systems,United Kingdom,Services,-38447,-42092,-41313
2025-08-01,14,Operating Expenses,Facilities & Rent,United Kingdom,Services,-32996,-36079,-34058
2025-08-01,15,Operating Expenses,Depreciation & Amort.,United Kingdom,Services,-30965,-33073,-33309
2025-08-01,16,Other,Interest Income,United Kingdom,Services,6625,7216,7087
2025-08-01,17,Other,Interest Expense,United Kingdom,Services,-14983,-16837,-16563
2025-08-01,18,Other,FX Gain/(Loss),United Kingdom,Services,-7946,-9020,-8616
2025-08-01,19,Other,Other Income/(Expense),United Kingdom,Services,-11145,-12026,-11544
2025-08-01,20,Other,Income Tax,United Kingdom,Services,-51426,-54119,-54103
2025-08-01,1,Revenue,Product Revenue,United Kingdom,Hardware,575128,605410,604547
2025-08-01,2,Revenue,Subscription Revenue,United Kingdom,Hardware,414539,454057,445595
2025-08-01,3,Revenue,Service Revenue,United Kingdom,Hardware,245091,264867,264250
2025-08-01,4,Revenue,Support & Maintenance,United Kingdom,Hardware,122952,136217,136510
2025-08-01,5,COGS,Direct Materials,United Kingdom,Hardware,-196849,-208457,-210567
2025-08-01,6,COGS,Direct Labor,United Kingdom,Hardware,-175358,-192422,-183141
2025-08-01,7,COGS,Cloud & Hosting,United Kingdom,Hardware,-86980,-96211,-96772
2025-08-01,8,COGS,Support Delivery,United Kingdom,Hardware,-66044,-72158,-68261
2025-08-01,9,Operating Expenses,Sales,United Kingdom,Hardware,-136972,-144317,-145438
2025-08-01,10,Operating Expenses,Marketing,United Kingdom,Hardware,-109350,-120264,-114146
2025-08-01,11,Operating Expenses,Research & Development,United Kingdom,Hardware,-161755,-176387,-174528
2025-08-01,12,Operating Expenses,General & Administrative,United Kingdom,Hardware,-97108,-104229,-103983
2025-08-01,13,Operating Expenses,IT & Systems,United Kingdom,Hardware,-50997,-56123,-56731
2025-08-01,14,Operating Expenses,Facilities & Rent,United Kingdom,Hardware,-43875,-48106,-48052
2025-08-01,15,Operating Expenses,Depreciation & Amort.,United Kingdom,Hardware,-41445,-44097,-43808
2025-08-01,16,Other,Interest Income,United Kingdom,Hardware,9157,9621,9221
2025-08-01,17,Other,Interest Expense,United Kingdom,Hardware,-19774,-22449,-22251
2025-08-01,18,Other,FX Gain/(Loss),United Kingdom,Hardware,-10647,-12026,-12175
2025-08-01,19,Other,Other Income/(Expense),United Kingdom,Hardware,14742,16035,15359
2025-08-01,20,Other,Income Tax,United Kingdom,Hardware,-68313,-72158,-72719
2025-08-01,1,Revenue,Product Revenue,Spain,Software,471570,504508,500306
2025-08-01,2,Revenue,Subscription Revenue,Spain,Software,350174,378381,371644
2025-08-01,3,Revenue,Service Revenue,Spain,Software,194835,220722,218852
2025-08-01,4,Revenue,Support & Maintenance,Spain,Software,107112,113514,112856
2025-08-01,5,COGS,Direct Materials,Spain,Software,-161127,-173714,-176740
2025-08-01,6,COGS,Direct Labor,Spain,Software,-142246,-160352,-158364
2025-08-01,7,COGS,Cloud & Hosting,Spain,Software,-74641,-80176,-79544
2025-08-01,8,COGS,Support Delivery,Spain,Software,-55484,-60132,-56634
2025-08-01,9,Operating Expenses,Sales,Spain,Software,-106261,-120264,-120467
2025-08-01,10,Operating Expenses,Marketing,Spain,Software,-90855,-100220,-96231
2025-08-01,11,Operating Expenses,Research & Development,Spain,Software,-139957,-146989,-146453
2025-08-01,12,Operating Expenses,General & Administrative,Spain,Software,-77941,-86857,-82797
2025-08-01,13,Operating Expenses,IT & Systems,Spain,Software,-41345,-46769,-45525
2025-08-01,14,Operating Expenses,Facilities & Rent,Spain,Software,-36278,-40088,-38462
2025-08-01,15,Operating Expenses,Depreciation & Amort.,Spain,Software,-33429,-36747,-36880
2025-08-01,16,Other,Interest Income,Spain,Software,7537,8018,7567
2025-08-01,17,Other,Interest Expense,Spain,Software,-17631,-18708,-18210
2025-08-01,18,Other,FX Gain/(Loss),Spain,Software,8931,10022,9662
2025-08-01,19,Other,Other Income/(Expense),Spain,Software,-12133,-13363,-12685
2025-08-01,20,Other,Income Tax,Spain,Software,-56412,-60132,-59730
2025-08-01,1,Revenue,Product Revenue,Spain,Services,284849,302705,285583
2025-08-01,2,Revenue,Subscription Revenue,Spain,Services,211426,227029,224207
2025-08-01,3,Revenue,Service Revenue,Spain,Services,120941,132433,133300
2025-08-01,4,Revenue,Support & Maintenance,Spain,Services,62990,68109,68140
2025-08-01,5,COGS,Direct Materials,Spain,Services,-94847,-104229,-100034
2025-08-01,6,COGS,Direct Labor,Spain,Services,-87908,-96211,-97769
2025-08-01,7,COGS,Cloud & Hosting,Spain,Services,-44530,-48106,-46403
2025-08-01,8,COGS,Support Delivery,Spain,Services,-32093,-36079,-35084
2025-08-01,9,Operating Expenses,Sales,Spain,Services,-63989,-72158,-72207
2025-08-01,10,Operating Expenses,Marketing,Spain,Services,-55436,-60132,-57329
2025-08-01,11,Operating Expenses,Research & Development,Spain,Services,-80985,-88194,-83683
2025-08-01,12,Operating Expenses,General & Administrative,Spain,Services,-47018,-52114,-51577
2025-08-01,13,Operating Expenses,IT & Systems,Spain,Services,-26183,-28062,-28047
2025-08-01,14,Operating Expenses,Facilities & Rent,Spain,Services,-21979,-24053,-24249
2025-08-01,15,Operating Expenses,Depreciation & Amort.,Spain,Services,-20601,-22048,-20919
2025-08-01,16,Other,Interest Income,Spain,Services,4572,4811,4890
2025-08-01,17,Other,Interest Expense,Spain,Services,-10428,-11225,-10864
2025-08-01,18,Other,FX Gain/(Loss),Spain,Services,-5621,-6013,-6025
2025-08-01,19,Other,Other Income/(Expense),Spain,Services,-7197,-8018,-8074
2025-08-01,20,Other,Income Tax,Spain,Services,-33367,-36079,-35040
2025-08-01,1,Revenue,Product Revenue,Spain,Hardware,369883,403607,394794
2025-08-01,2,Revenue,Subscription Revenue,Spain,Hardware,280307,302705,285558
2025-08-01,3,Revenue,Service Revenue,Spain,Hardware,156824,176578,167235
2025-08-01,4,Revenue,Support & Maintenance,Spain,Hardware,86187,90811,86152
2025-08-01,5,COGS,Direct Materials,Spain,Hardware,-126061,-138972,-131667
2025-08-01,6,COGS,Direct Labor,Spain,Hardware,-116251,-128281,-121296
2025-08-01,7,COGS,Cloud & Hosting,Spain,Hardware,-59520,-64141,-61701
2025-08-01,8,COGS,Support Delivery,Spain,Hardware,-44383,-48106,-47596
2025-08-01,9,Operating Expenses,Sales,Spain,Hardware,-88520,-96211,-90729
2025-08-01,10,Operating Expenses,Marketing,Spain,Hardware,-75048,-80176,-80742
2025-08-01,11,Operating Expenses,Research & Development,Spain,Hardware,-111198,-117591,-118718
2025-08-01,12,Operating Expenses,General & Administrative,Spain,Hardware,-64705,-69486,-65557
2025-08-01,13,Operating Expenses,IT & Systems,Spain,Hardware,-34128,-37415,-37840
2025-08-01,14,Operating Expenses,Facilities & Rent,Spain,Hardware,-29508,-32070,-30418
2025-08-01,15,Operating Expenses,Depreciation & Amort.,Spain,Hardware,-26347,-29398,-29625
2025-08-01,16,Other,Interest Income,Spain,Hardware,5970,6414,6128
2025-08-01,17,Other,Interest Expense,Spain,Hardware,-13953,-14966,-14956
2025-08-01,18,Other,FX Gain/(Loss),Spain,Hardware,-7377,-8018,-7588
2025-08-01,19,Other,Other Income/(Expense),Spain,Hardware,9769,10690,10565
2025-08-01,20,Other,Income Tax,Spain,Hardware,-44903,-48106,-46648
2025-08-01,1,Revenue,Product Revenue,Italy,Software,548383,588593,573272
2025-08-01,2,Revenue,Subscription Revenue,Italy,Software,393981,441445,424725
2025-08-01,3,Revenue,Service Revenue,Italy,Software,230622,257509,257494
2025-08-01,4,Revenue,Support & Maintenance,Italy,Software,119655,132433,125648
2025-08-01,5,COGS,Direct Materials,Italy,Software,-186539,-202667,-200463
2025-08-01,6,COGS,Direct Labor,Italy,Software,-176591,-187077,-190441
2025-08-01,7,COGS,Cloud & Hosting,Italy,Software,-88825,-93539,-90565
2025-08-01,8,COGS,Support Delivery,Italy,Software,-61914,-70154,-70373
2025-08-01,9,Operating Expenses,Sales,Italy,Software,-130102,-140308,-138818
2025-08-01,10,Operating Expenses,Marketing,Italy,Software,-108808,-116923,-112443
2025-08-01,11,Operating Expenses,Research & Development,Italy,Software,-161345,-171487,-169938
2025-08-01,12,Operating Expenses,General & Administrative,Italy,Software,-89318,-101333,-99884
2025-08-01,13,Operating Expenses,IT & Systems,Italy,Software,-48059,-54564,-55323
2025-08-01,14,Operating Expenses,Facilities & Rent,Italy,Software,-43774,-46769,-44026
2025-08-01,15,Operating Expenses,Depreciation & Amort.,Italy,Software,-39807,-42872,-43660
2025-08-01,16,Other,Interest Income,Italy,Software,8434,9354,8957
2025-08-01,17,Other,Interest Expense,Italy,Software,-19390,-21826,-21572
2025-08-01,18,Other,FX Gain/(Loss),Italy,Software,11108,11692,11224
2025-08-01,19,Other,Other Income/(Expense),Italy,Software,-13885,-15590,-14837
2025-08-01,20,Other,Income Tax,Italy,Software,-64595,-70154,-70264
2025-08-01,1,Revenue,Product Revenue,Italy,Services,336313,353156,335439
2025-08-01,2,Revenue,Subscription Revenue,Italy,Services,235764,264867,266646
2025-08-01,3,Revenue,Service Revenue,Italy,Services,142827,154506,150726
2025-08-01,4,Revenue,Support & Maintenance,Italy,Services,72526,79460,79303
2025-08-01,5,COGS,Direct Materials,Italy,Services,-115699,-121600,-116345
2025-08-01,6,COGS,Direct Labor,Italy,Services,-103409,-112246,-110668
2025-08-01,7,COGS,Cloud & Hosting,Italy,Services,-52806,-56123,-54845
2025-08-01,8,COGS,Support Delivery,Italy,Services,-39498,-42092,-42857
2025-08-01,9,Operating Expenses,Sales,Italy,Services,-76903,-84185,-85143
2025-08-01,10,Operating Expenses,Marketing,Italy,Services,-63116,-70154,-71495
2025-08-01,11,Operating Expenses,Research & Development,Italy,Services,-90806,-102892,-100733
2025-08-01,12,Operating Expenses,General & Administrative,Italy,Services,-54145,-60800,-59742
2025-08-01,13,Operating Expenses,IT & Systems,Italy,Services,-30935,-32738,-31371
2025-08-01,14,Operating Expenses,Facilities & Rent,Italy,Services,-24973,-28062,-26551
2025-08-01,15,Operating Expenses,Depreciation & Amort.,Italy,Services,-23378,-25723,-25010
2025-08-01,16,Other,Interest Income,Italy,Services,5169,5612,5416
2025-08-01,17,Other,Interest Expense,Italy,Services,-11815,-13095,-13225
2025-08-01,18,Other,FX Gain/(Loss),Italy,Services,6397,7015,6891
2025-08-01,19,Other,Other Income/(Expense),Italy,Services,8912,9354,8812
2025-08-01,20,Other,Income Tax,Italy,Services,-37366,-42092,-42915
2025-08-01,1,Revenue,Product Revenue,Italy,Hardware,429469,470874,451648
2025-08-01,2,Revenue,Subscription Revenue,Italy,Hardware,335372,353156,353373
2025-08-01,3,Revenue,Service Revenue,Italy,Hardware,193109,206008,195422
2025-08-01,4,Revenue,Support & Maintenance,Italy,Hardware,100854,105947,106073
2025-08-01,5,COGS,Direct Materials,Italy,Hardware,-148056,-162134,-155395
2025-08-01,6,COGS,Direct Labor,Italy,Hardware,-133402,-149662,-149285
2025-08-01,7,COGS,Cloud & Hosting,Italy,Hardware,-66352,-74831,-73391
2025-08-01,8,COGS,Support Delivery,Italy,Hardware,-52541,-56123,-55287
2025-08-01,9,Operating Expenses,Sales,Italy,Hardware,-102969,-112246,-110674
2025-08-01,10,Operating Expenses,Marketing,Italy,Hardware,-85408,-93539,-91805
2025-08-01,11,Operating Expenses,Research & Development,Italy,Hardware,-122371,-137190,-129199
2025-08-01,12,Operating Expenses,General & Administrative,Italy,Hardware,-74028,-81067,-79699
2025-08-01,13,Operating Expenses,IT & Systems,Italy,Hardware,-41544,-43651,-41704
2025-08-01,14,Operating Expenses,Facilities & Rent,Italy,Hardware,-35505,-37415,-38115
2025-08-01,15,Operating Expenses,Depreciation & Amort.,Italy,Hardware,-32361,-34297,-34483
2025-08-01,16,Other,Interest Income,Italy,Hardware,6646,7483,7369
2025-08-01,17,Other,Interest Expense,Italy,Hardware,-15921,-17461,-17683
2025-08-01,18,Other,FX Gain/(Loss),Italy,Hardware,8351,9354,8943
2025-08-01,19,Other,Other Income/(Expense),Italy,Hardware,11386,12472,12661
2025-08-01,20,Other,Income Tax,Italy,Hardware,-53050,-56123,-55404
2025-08-01,1,Revenue,Product Revenue,United States,Software,1197287,1345356,1371662
2025-08-01,2,Revenue,Subscription Revenue,United States,Software,936682,1009017,1020113
2025-08-01,3,Revenue,Service Revenue,United States,Software,537163,588593,580843
2025-08-01,4,Revenue,Support & Maintenance,United States,Software,269749,302705,295256
2025-08-01,5,COGS,Direct Materials,United States,Software,-438145,-463239,-449365
2025-08-01,6,COGS,Direct Labor,United States,Software,-394381,-427605,-411865
2025-08-01,7,COGS,Cloud & Hosting,United States,Software,-199769,-213802,-213347
2025-08-01,8,COGS,Support Delivery,United States,Software,-141807,-160352,-151196
2025-08-01,9,Operating Expenses,Sales,United States,Software,-302311,-320704,-311037
2025-08-01,10,Operating Expenses,Marketing,United States,Software,-247631,-267253,-258543
2025-08-01,11,Operating Expenses,Research & Development,United States,Software,-362282,-391971,-389317
2025-08-01,12,Operating Expenses,General & Administrative,United States,Software,-219305,-231619,-231848
2025-08-01,13,Operating Expenses,IT & Systems,United States,Software,-117922,-124718,-126175
2025-08-01,14,Operating Expenses,Facilities & Rent,United States,Software,-96231,-106901,-100622
2025-08-01,15,Operating Expenses,Depreciation & Amort.,United States,Software,-92551,-97993,-94183
2025-08-01,16,Other,Interest Income,United States,Software,18856,21380,21576
2025-08-01,17,Other,Interest Expense,United States,Software,-43924,-49887,-49706
2025-08-01,18,Other,FX Gain/(Loss),United States,Software,23867,26725,25442
2025-08-01,19,Other,Other Income/(Expense),United States,Software,33270,35634,34625
2025-08-01,20,Other,Income Tax,United States,Software,-146359,-160352,-161491
2025-08-01,1,Revenue,Product Revenue,United States,Services,752781,807213,791930
2025-08-01,2,Revenue,Subscription Revenue,United States,Services,546187,605410,602758
2025-08-01,3,Revenue,Service Revenue,United States,Services,327624,353156,336485
2025-08-01,4,Revenue,Support & Maintenance,United States,Services,160433,181623,185127
2025-08-01,5,COGS,Direct Materials,United States,Services,-250098,-277943,-267547
2025-08-01,6,COGS,Direct Labor,United States,Services,-229234,-256563,-256892
2025-08-01,7,COGS,Cloud & Hosting,United States,Services,-112962,-128281,-121472
2025-08-01,8,COGS,Support Delivery,United States,Services,-89223,-96211,-90815
2025-08-01,9,Operating Expenses,Sales,United States,Services,-170202,-192422,-192343
2025-08-01,10,Operating Expenses,Marketing,United States,Services,-148788,-160352,-159665
2025-08-01,11,Operating Expenses,Research & Development,United States,Services,-209420,-235183,-223850
2025-08-01,12,Operating Expenses,General & Administrative,United States,Services,-127552,-138972,-140895
2025-08-01,13,Operating Expenses,IT & Systems,United States,Services,-66059,-74831,-74321
2025-08-01,14,Operating Expenses,Facilities & Rent,United States,Services,-59593,-64141,-63637
2025-08-01,15,Operating Expenses,Depreciation & Amort.,United States,Services,-54508,-58796,-55750
2025-08-01,16,Other,Interest Income,United States,Services,12106,12828,12624
2025-08-01,17,Other,Interest Expense,United States,Services,-27886,-29932,-28301
2025-08-01,18,Other,FX Gain/(Loss),United States,Services,15201,16035,16130
2025-08-01,19,Other,Other Income/(Expense),United States,Services,20102,21380,21103
2025-08-01,20,Other,Income Tax,United States,Services,-88460,-96211,-92468
2025-08-01,1,Revenue,Product Revenue,United States,Hardware,988485,1076284,1063667
2025-08-01,2,Revenue,Subscription Revenue,United States,Hardware,726729,807213,795106
2025-08-01,3,Revenue,Service Revenue,United States,Hardware,439738,470874,474329
2025-08-01,4,Revenue,Support & Maintenance,United States,Hardware,213337,242164,239321
2025-08-01,5,COGS,Direct Materials,United States,Hardware,-331390,-370591,-362030
2025-08-01,6,COGS,Direct Labor,United States,Hardware,-318525,-342084,-325082
2025-08-01,7,COGS,Cloud & Hosting,United States,Hardware,-158048,-171042,-169342
2025-08-01,8,COGS,Support Delivery,United States,Hardware,-118117,-128281,-126295
2025-08-01,9,Operating Expenses,Sales,United States,Hardware,-227186,-256563,-244336
2025-08-01,10,Operating Expenses,Marketing,United States,Hardware,-203871,-213802,-208342
2025-08-01,11,Operating Expenses,Research & Development,United States,Hardware,-287638,-313577,-303355
2025-08-01,12,Operating Expenses,General & Administrative,United States,Hardware,-167350,-185295,-175022
2025-08-01,13,Operating Expenses,IT & Systems,United States,Hardware,-92540,-99774,-94254
2025-08-01,14,Operating Expenses,Facilities & Rent,United States,Hardware,-76097,-85521,-85890
2025-08-01,15,Operating Expenses,Depreciation & Amort.,United States,Hardware,-74120,-78394,-74991
2025-08-01,16,Other,Interest Income,United States,Hardware,16230,17104,16543
2025-08-01,17,Other,Interest Expense,United States,Hardware,-35619,-39910,-40509
2025-08-01,18,Other,FX Gain/(Loss),United States,Hardware,-19859,-21380,-21182
2025-08-01,19,Other,Other Income/(Expense),United States,Hardware,-26615,-28507,-28789
2025-08-01,20,Other,Income Tax,United States,Hardware,-120936,-128281,-120838
2025-08-01,1,Revenue,Product Revenue,Nordics,Software,400762,420424,409682
2025-08-01,2,Revenue,Subscription Revenue,Nordics,Software,300505,315318,304204
2025-08-01,3,Revenue,Service Revenue,Nordics,Software,173823,183935,173373
2025-08-01,4,Revenue,Support & Maintenance,Nordics,Software,89471,94595,94857
2025-08-01,5,COGS,Direct Materials,Nordics,Software,-132673,-144762,-142031
2025-08-01,6,COGS,Direct Labor,Nordics,Software,-121118,-133627,-129923
2025-08-01,7,COGS,Cloud & Hosting,Nordics,Software,-59631,-66813,-68070
2025-08-01,8,COGS,Support Delivery,Nordics,Software,-45063,-50110,-48277
2025-08-01,9,Operating Expenses,Sales,Nordics,Software,-91035,-100220,-101156
2025-08-01,10,Operating Expenses,Marketing,Nordics,Software,-74854,-83517,-84804
2025-08-01,11,Operating Expenses,Research & Development,Nordics,Software,-112058,-122491,-124676
2025-08-01,12,Operating Expenses,General & Administrative,Nordics,Software,-65082,-72381,-69633
2025-08-01,13,Operating Expenses,IT & Systems,Nordics,Software,-37101,-38974,-39728
2025-08-01,14,Operating Expenses,Facilities & Rent,Nordics,Software,-30587,-33407,-33050
2025-08-01,15,Operating Expenses,Depreciation & Amort.,Nordics,Software,-27684,-30623,-30026
2025-08-01,16,Other,Interest Income,Nordics,Software,6151,6681,6337
2025-08-01,17,Other,Interest Expense,Nordics,Software,-13862,-15590,-15548
2025-08-01,18,Other,FX Gain/(Loss),Nordics,Software,-7392,-8352,-8382
2025-08-01,19,Other,Other Income/(Expense),Nordics,Software,9857,11136,10642
2025-08-01,20,Other,Income Tax,Nordics,Software,-45202,-50110,-49918
2025-08-01,1,Revenue,Product Revenue,Nordics,Services,229102,252254,256083
2025-08-01,2,Revenue,Subscription Revenue,Nordics,Services,175421,189191,184934
2025-08-01,3,Revenue,Service Revenue,Nordics,Services,99949,110361,104049
2025-08-01,4,Revenue,Support & Maintenance,Nordics,Services,51866,56757,55616
2025-08-01,5,COGS,Direct Materials,Nordics,Services,-82662,-86857,-86628
2025-08-01,6,COGS,Direct Labor,Nordics,Services,-74597,-80176,-76962
2025-08-01,7,COGS,Cloud & Hosting,Nordics,Services,-37782,-40088,-39926
2025-08-01,8,COGS,Support Delivery,Nordics,Services,-27070,-30066,-30205
2025-08-01,9,Operating Expenses,Sales,Nordics,Services,-56479,-60132,-59720
2025-08-01,10,Operating Expenses,Marketing,Nordics,Services,-44994,-50110,-47903
2025-08-01,11,Operating Expenses,Research & Development,Nordics,Services,-67070,-73495,-71543
2025-08-01,12,Operating Expenses,General & Administrative,Nordics,Services,-41197,-43429,-41052
2025-08-01,13,Operating Expenses,IT & Systems,Nordics,Services,-21541,-23385,-23251
2025-08-01,14,Operating Expenses,Facilities & Rent,Nordics,Services,-18709,-20044,-19082
2025-08-01,15,Operating Expenses,Depreciation & Amort.,Nordics,Services,-16884,-18374,-17365
2025-08-01,16,Other,Interest Income,Nordics,Services,3611,4009,4074
2025-08-01,17,Other,Interest Expense,Nordics,Services,-8306,-9354,-9222
2025-08-01,18,Other,FX Gain/(Loss),Nordics,Services,4703,5011,4807
2025-08-01,19,Other,Other Income/(Expense),Nordics,Services,-6237,-6681,-6592
2025-08-01,20,Other,Income Tax,Nordics,Services,-28368,-30066,-30617
2025-08-01,1,Revenue,Product Revenue,Nordics,Hardware,302449,336339,335193
2025-08-01,2,Revenue,Subscription Revenue,Nordics,Hardware,228130,252254,256275
2025-08-01,3,Revenue,Service Revenue,Nordics,Hardware,136545,147148,139490
2025-08-01,4,Revenue,Support & Maintenance,Nordics,Hardware,70906,75676,73978
2025-08-01,5,COGS,Direct Materials,Nordics,Hardware,-109374,-115810,-109467
2025-08-01,6,COGS,Direct Labor,Nordics,Hardware,-101761,-106901,-104868
2025-08-01,7,COGS,Cloud & Hosting,Nordics,Hardware,-50212,-53451,-51972
2025-08-01,8,COGS,Support Delivery,Nordics,Hardware,-36351,-40088,-38135
2025-08-01,9,Operating Expenses,Sales,Nordics,Hardware,-74343,-80176,-76829
2025-08-01,10,Operating Expenses,Marketing,Nordics,Hardware,-61431,-66813,-67629
2025-08-01,11,Operating Expenses,Research & Development,Nordics,Hardware,-92323,-97993,-96420
2025-08-01,12,Operating Expenses,General & Administrative,Nordics,Hardware,-54080,-57905,-55553
2025-08-01,13,Operating Expenses,IT & Systems,Nordics,Hardware,-29299,-31180,-31322
2025-08-01,14,Operating Expenses,Facilities & Rent,Nordics,Hardware,-25096,-26725,-25813
2025-08-01,15,Operating Expenses,Depreciation & Amort.,Nordics,Hardware,-22449,-24498,-24713
2025-08-01,16,Other,Interest Income,Nordics,Hardware,4763,5345,5259
2025-08-01,17,Other,Interest Expense,Nordics,Hardware,-11547,-12472,-12293
2025-08-01,18,Other,FX Gain/(Loss),Nordics,Hardware,6347,6681,6603
2025-08-01,19,Other,Other Income/(Expense),Nordics,Hardware,-8355,-8908,-8604
2025-08-01,20,Other,Income Tax,Nordics,Hardware,-36391,-40088,-38258
2025-09-01,1,Revenue,Product Revenue,France,Software,853592,913920,882541
2025-09-01,2,Revenue,Subscription Revenue,France,Software,637233,685440,676890
2025-09-01,3,Revenue,Service Revenue,France,Software,361912,399840,403863
2025-09-01,4,Revenue,Support & Maintenance,France,Software,188569,205632,200029
2025-09-01,5,COGS,Direct Materials,France,Software,-262547,-297024,-288138
2025-09-01,6,COGS,Direct Labor,France,Software,-256503,-274176,-268993
2025-09-01,7,COGS,Cloud & Hosting,France,Software,-126283,-137088,-134195
2025-09-01,8,COGS,Support Delivery,France,Software,-92459,-102816,-98736
2025-09-01,9,Operating Expenses,Sales,France,Software,-191417,-205632,-195004
2025-09-01,10,Operating Expenses,Marketing,France,Software,-162485,-171360,-164072
2025-09-01,11,Operating Expenses,Research & Development,France,Software,-236908,-251328,-255524
2025-09-01,12,Operating Expenses,General & Administrative,France,Software,-133952,-148512,-141112
2025-09-01,13,Operating Expenses,IT & Systems,France,Software,-76011,-79968,-78236
2025-09-01,14,Operating Expenses,Facilities & Rent,France,Software,-63959,-68544,-66999
2025-09-01,15,Operating Expenses,Depreciation & Amort.,France,Software,-59448,-62832,-62161
2025-09-01,16,Other,Interest Income,France,Software,13054,13709,13207
2025-09-01,17,Other,Interest Expense,France,Software,-28488,-31987,-31529
2025-09-01,18,Other,FX Gain/(Loss),France,Software,-15529,-17136,-16873
2025-09-01,19,Other,Other Income/(Expense),France,Software,-20800,-22848,-22482
2025-09-01,20,Other,Income Tax,France,Software,-90575,-102816,-104005
2025-09-01,1,Revenue,Product Revenue,France,Services,494036,548352,556646
2025-09-01,2,Revenue,Subscription Revenue,France,Services,362548,411264,388778
2025-09-01,3,Revenue,Service Revenue,France,Services,221179,239904,238579
2025-09-01,4,Revenue,Support & Maintenance,France,Services,115247,123379,122858
2025-09-01,5,COGS,Direct Materials,France,Services,-159545,-178214,-174528
2025-09-01,6,COGS,Direct Labor,France,Services,-148076,-164506,-157960
2025-09-01,7,COGS,Cloud & Hosting,France,Services,-76772,-82253,-78743
2025-09-01,8,COGS,Support Delivery,France,Services,-58402,-61690,-60165
2025-09-01,9,Operating Expenses,Sales,France,Services,-116183,-123379,-125383
2025-09-01,10,Operating Expenses,Marketing,France,Services,-97528,-102816,-102678
2025-09-01,11,Operating Expenses,Research & Development,France,Services,-135106,-150797,-147025
2025-09-01,12,Operating Expenses,General & Administrative,France,Services,-80878,-89107,-86697
2025-09-01,13,Operating Expenses,IT & Systems,France,Services,-45636,-47981,-45674
2025-09-01,14,Operating Expenses,Facilities & Rent,France,Services,-38307,-41126,-40534
2025-09-01,15,Operating Expenses,Depreciation & Amort.,France,Services,-35562,-37699,-37974
2025-09-01,16,Other,Interest Income,France,Services,7473,8225,7758
2025-09-01,17,Other,Interest Expense,France,Services,-17794,-19192,-19331
2025-09-01,18,Other,FX Gain/(Loss),France,Services,9693,10282,9812
2025-09-01,19,Other,Other Income/(Expense),France,Services,-12947,-13709,-13144
2025-09-01,20,Other,Income Tax,France,Services,-56287,-61690,-60706
2025-09-01,1,Revenue,Product Revenue,France,Hardware,685432,731136,726788
2025-09-01,2,Revenue,Subscription Revenue,France,Hardware,501480,548352,558671
2025-09-01,3,Revenue,Service Revenue,France,Hardware,297482,319872,314194
2025-09-01,4,Revenue,Support & Maintenance,France,Hardware,150687,164506,166585
2025-09-01,5,COGS,Direct Materials,France,Hardware,-225353,-237619,-231878
2025-09-01,6,COGS,Direct Labor,France,Hardware,-205999,-219341,-208710
2025-09-01,7,COGS,Cloud & Hosting,France,Hardware,-103325,-109670,-108418
2025-09-01,8,COGS,Support Delivery,France,Hardware,-78465,-82253,-78707
2025-09-01,9,Operating Expenses,Sales,France,Hardware,-149380,-164506,-160224
2025-09-01,10,Operating Expenses,Marketing,France,Hardware,-125307,-137088,-138353
2025-09-01,11,Operating Expenses,Research & Development,France,Hardware,-191031,-201062,-195878
2025-09-01,12,Operating Expenses,General & Administrative,France,Hardware,-107394,-118810,-120744
2025-09-01,13,Operating Expenses,IT & Systems,France,Hardware,-56519,-63974,-61586
2025-09-01,14,Operating Expenses,Facilities & Rent,France,Hardware,-50721,-54835,-52797
2025-09-01,15,Operating Expenses,Depreciation & Amort.,France,Hardware,-45286,-50266,-51152
2025-09-01,16,Other,Interest Income,France,Hardware,9886,10967,10561
2025-09-01,17,Other,Interest Expense,France,Hardware,-23669,-25590,-24173
2025-09-01,18,Other,FX Gain/(Loss),France,Hardware,12980,13709,13888
2025-09-01,19,Other,Other Income/(Expense),France,Hardware,16139,18278,17688
2025-09-01,20,Other,Income Tax,France,Hardware,-77030,-82253,-79857
2025-09-01,1,Revenue,Product Revenue,Germany,Software,1001108,1096704,1068087
2025-09-01,2,Revenue,Subscription Revenue,Germany,Software,733449,822528,811176
2025-09-01,3,Revenue,Service Revenue,Germany,Software,440864,479808,453719
2025-09-01,4,Revenue,Support & Maintenance,Germany,Software,230596,246758,248948
2025-09-01,5,COGS,Direct Materials,Germany,Software,-335754,-356429,-335667
2025-09-01,6,COGS,Direct Labor,Germany,Software,-313011,-329011,-323674
2025-09-01,7,COGS,Cloud & Hosting,Germany,Software,-147673,-164506,-163585
2025-09-01,8,COGS,Support Delivery,Germany,Software,-114019,-123379,-120398
2025-09-01,9,Operating Expenses,Sales,Germany,Software,-222407,-246758,-235700
2025-09-01,10,Operating Expenses,Marketing,Germany,Software,-195102,-205632,-202831
2025-09-01,11,Operating Expenses,Research & Development,Germany,Software,-267289,-301594,-292361
2025-09-01,12,Operating Expenses,General & Administrative,Germany,Software,-161837,-178214,-177726
2025-09-01,13,Operating Expenses,IT & Systems,Germany,Software,-90923,-95962,-94861
2025-09-01,14,Operating Expenses,Facilities & Rent,Germany,Software,-78148,-82253,-79500
2025-09-01,15,Operating Expenses,Depreciation & Amort.,Germany,Software,-68429,-75398,-76874
2025-09-01,16,Other,Interest Income,Germany,Software,15612,16451,16565
2025-09-01,17,Other,Interest Expense,Germany,Software,-35213,-38385,-38087
2025-09-01,18,Other,FX Gain/(Loss),Germany,Software,18526,20563,20379
2025-09-01,19,Other,Other Income/(Expense),Germany,Software,25068,27418,25946
2025-09-01,20,Other,Income Tax,Germany,Software,-108938,-123379,-122164
2025-09-01,1,Revenue,Product Revenue,Germany,Services,584474,658022,634782
2025-09-01,2,Revenue,Subscription Revenue,Germany,Services,454204,493517,482983
2025-09-01,3,Revenue,Service Revenue,Germany,Services,255383,287885,284324
2025-09-01,4,Revenue,Support & Maintenance,Germany,Services,130455,148055,144250
2025-09-01,5,COGS,Direct Materials,Germany,Services,-197493,-213857,-214055
2025-09-01,6,COGS,Direct Labor,Germany,Services,-188236,-197407,-199367
2025-09-01,7,COGS,Cloud & Hosting,Germany,Services,-90285,-98703,-93411
2025-09-01,8,COGS,Support Delivery,Germany,Services,-70217,-74028,-69681
2025-09-01,9,Operating Expenses,Sales,Germany,Services,-133372,-148055,-143300
2025-09-01,10,Operating Expenses,Marketing,Germany,Services,-110380,-123379,-120287
2025-09-01,11,Operating Expenses,Research & Development,Germany,Services,-166011,-180956,-181059
2025-09-01,12,Operating Expenses,General & Administrative,Germany,Services,-100115,-106929,-101685
2025-09-01,13,Operating Expenses,IT & Systems,Germany,Services,-51037,-57577,-57524
2025-09-01,14,Operating Expenses,Facilities & Rent,Germany,Services,-45382,-49352,-49725
2025-09-01,15,Operating Expenses,Depreciation & Amort.,Germany,Services,-40816,-45239,-44668
2025-09-01,16,Other,Interest Income,Germany,Services,9077,9870,9468
2025-09-01,17,Other,Interest Expense,Germany,Services,-20835,-23031,-21974
2025-09-01,18,Other,FX Gain/(Loss),Germany,Services,11226,12338,12025
2025-09-01,19,Other,Other Income/(Expense),Germany,Services,-14915,-16451,-15672
2025-09-01,20,Other,Income Tax,Germany,Services,-67712,-74028,-73173
2025-09-01,1,Revenue,Product Revenue,Germany,Hardware,774865,877363,846824
2025-09-01,2,Revenue,Subscription Revenue,Germany,Hardware,594827,658022,627046
2025-09-01,3,Revenue,Service Revenue,Germany,Hardware,354219,383846,385563
2025-09-01,4,Revenue,Support & Maintenance,Germany,Hardware,187111,197407,200221
2025-09-01,5,COGS,Direct Materials,Germany,Hardware,-255230,-285143,-286737
2025-09-01,6,COGS,Direct Labor,Germany,Hardware,-233761,-263209,-253333
2025-09-01,7,COGS,Cloud & Hosting,Germany,Hardware,-118460,-131604,-126520
2025-09-01,8,COGS,Support Delivery,Germany,Hardware,-91858,-98703,-98792
2025-09-01,9,Operating Expenses,Sales,Germany,Hardware,-182258,-197407,-188593
2025-09-01,10,Operating Expenses,Marketing,Germany,Hardware,-148386,-164506,-160464
2025-09-01,11,Operating Expenses,Research & Development,Germany,Hardware,-229239,-241275,-232527
2025-09-01,12,Operating Expenses,General & Administrative,Germany,Hardware,-130955,-142572,-143136
2025-09-01,13,Operating Expenses,IT & Systems,Germany,Hardware,-69183,-76769,-73316
2025-09-01,14,Operating Expenses,Facilities & Rent,Germany,Hardware,-61505,-65802,-65093
2025-09-01,15,Operating Expenses,Depreciation & Amort.,Germany,Hardware,-55017,-60319,-60424
2025-09-01,16,Other,Interest Income,Germany,Hardware,12326,13160,13373
2025-09-01,17,Other,Interest Expense,Germany,Hardware,-28591,-30708,-29953
2025-09-01,18,Other,FX Gain/(Loss),Germany,Hardware,-15542,-16451,-15816
2025-09-01,19,Other,Other Income/(Expense),Germany,Hardware,19999,21934,20972
2025-09-01,20,Other,Income Tax,Germany,Hardware,-91297,-98703,-98927
2025-09-01,1,Revenue,Product Revenue,United Kingdom,Software,753200,822528,800912
2025-09-01,2,Revenue,Subscription Revenue,United Kingdom,Software,557924,616896,585465
2025-09-01,3,Revenue,Service Revenue,United Kingdom,Software,318083,359856,365152
2025-09-01,4,Revenue,Support & Maintenance,United Kingdom,Software,168061,185069,183192
2025-09-01,5,COGS,Direct Materials,United Kingdom,Software,-253523,-267322,-261598
2025-09-01,6,COGS,Direct Labor,United Kingdom,Software,-227331,-246758,-237651
2025-09-01,7,COGS,Cloud & Hosting,United Kingdom,Software,-116129,-123379,-125208
2025-09-01,8,COGS,Support Delivery,United Kingdom,Software,-86816,-92534,-93189
2025-09-01,9,Operating Expenses,Sales,United Kingdom,Software,-172583,-185069,-180754
2025-09-01,10,Operating Expenses,Marketing,United Kingdom,Software,-146000,-154224,-153019
2025-09-01,11,Operating Expenses,Research & Development,United Kingdom,Software,-207003,-226195,-225301
2025-09-01,12,Operating Expenses,General & Administrative,United Kingdom,Software,-119567,-133661,-127066
2025-09-01,13,Operating Expenses,IT & Systems,United Kingdom,Software,-67774,-71971,-69970
2025-09-01,14,Operating Expenses,Facilities & Rent,United Kingdom,Software,-56151,-61690,-59304
2025-09-01,15,Operating Expenses,Depreciation & Amort.,United Kingdom,Software,-49823,-56549,-56321
2025-09-01,16,Other,Interest Income,United Kingdom,Software,11513,12338,12532
2025-09-01,17,Other,Interest Expense,United Kingdom,Software,-27142,-28788,-28940
2025-09-01,18,Other,FX Gain/(Loss),United Kingdom,Software,14079,15422,14868
2025-09-01,19,Other,Other Income/(Expense),United Kingdom,Software,18869,20563,20451
2025-09-01,20,Other,Income Tax,United Kingdom,Software,-82641,-92534,-90098
2025-09-01,1,Revenue,Product Revenue,United Kingdom,Services,447446,493517,470683
2025-09-01,2,Revenue,Subscription Revenue,United Kingdom,Services,332378,370138,359347
2025-09-01,3,Revenue,Service Revenue,United Kingdom,Services,205531,215914,213044
2025-09-01,4,Revenue,Support & Maintenance,United Kingdom,Services,97891,111041,104914
2025-09-01,5,COGS,Direct Materials,United Kingdom,Services,-152256,-160393,-152697
2025-09-01,6,COGS,Direct Labor,United Kingdom,Services,-130962,-148055,-144867
2025-09-01,7,COGS,Cloud & Hosting,United Kingdom,Services,-69656,-74028,-70197
2025-09-01,8,COGS,Support Delivery,United Kingdom,Services,-49058,-55521,-56407
2025-09-01,9,Operating Expenses,Sales,United Kingdom,Services,-105800,-111041,-111234
2025-09-01,10,Operating Expenses,Marketing,United Kingdom,Services,-83361,-92534,-89959
2025-09-01,11,Operating Expenses,Research & Development,United Kingdom,Services,-120741,-135717,-134128
2025-09-01,12,Operating Expenses,General & Administrative,United Kingdom,Services,-72370,-80196,-78483
2025-09-01,13,Operating Expenses,IT & Systems,United Kingdom,Services,-38169,-43183,-41017
2025-09-01,14,Operating Expenses,Facilities & Rent,United Kingdom,Services,-35107,-37014,-35726
2025-09-01,15,Operating Expenses,Depreciation & Amort.,United Kingdom,Services,-30875,-33929,-34135
2025-09-01,16,Other,Interest Income,United Kingdom,Services,6774,7403,7461
2025-09-01,17,Other,Interest Expense,United Kingdom,Services,-16303,-17273,-17004
2025-09-01,18,Other,FX Gain/(Loss),United Kingdom,Services,8456,9253,9345
2025-09-01,19,Other,Other Income/(Expense),United Kingdom,Services,-11093,-12338,-11957
2025-09-01,20,Other,Income Tax,United Kingdom,Services,-52150,-55521,-53595
2025-09-01,1,Revenue,Product Revenue,United Kingdom,Hardware,599760,658022,635714
2025-09-01,2,Revenue,Subscription Revenue,United Kingdom,Hardware,464434,493517,469741
2025-09-01,3,Revenue,Service Revenue,United Kingdom,Hardware,256351,287885,288301
2025-09-01,4,Revenue,Support & Maintenance,United Kingdom,Hardware,132895,148055,146549
2025-09-01,5,COGS,Direct Materials,United Kingdom,Hardware,-192327,-213857,-201966
2025-09-01,6,COGS,Direct Labor,United Kingdom,Hardware,-177091,-197407,-188179
2025-09-01,7,COGS,Cloud & Hosting,United Kingdom,Hardware,-93528,-98703,-98050
2025-09-01,8,COGS,Support Delivery,United Kingdom,Hardware,-67601,-74028,-72279
2025-09-01,9,Operating Expenses,Sales,United Kingdom,Hardware,-140654,-148055,-147146
2025-09-01,10,Operating Expenses,Marketing,United Kingdom,Hardware,-114154,-123379,-117962
2025-09-01,11,Operating Expenses,Research & Development,United Kingdom,Hardware,-167009,-180956,-170986
2025-09-01,12,Operating Expenses,General & Administrative,United Kingdom,Hardware,-98627,-106929,-108032
2025-09-01,13,Operating Expenses,IT & Systems,United Kingdom,Hardware,-54032,-57577,-58333
2025-09-01,14,Operating Expenses,Facilities & Rent,United Kingdom,Hardware,-47009,-49352,-49387
2025-09-01,15,Operating Expenses,Depreciation & Amort.,United Kingdom,Hardware,-42548,-45239,-45754
2025-09-01,16,Other,Interest Income,United Kingdom,Hardware,8751,9870,9819
2025-09-01,17,Other,Interest Expense,United Kingdom,Hardware,-21512,-23031,-22656
2025-09-01,18,Other,FX Gain/(Loss),United Kingdom,Hardware,-11426,-12338,-11657
2025-09-01,19,Other,Other Income/(Expense),United Kingdom,Hardware,14785,16451,16317
2025-09-01,20,Other,Income Tax,United Kingdom,Hardware,-66298,-74028,-74650
2025-09-01,1,Revenue,Product Revenue,Spain,Software,504324,548352,554811
2025-09-01,2,Revenue,Subscription Revenue,Spain,Software,376234,411264,397673
2025-09-01,3,Revenue,Service Revenue,Spain,Software,220327,239904,235478
2025-09-01,4,Revenue,Support & Maintenance,Spain,Software,113945,123379,121846
2025-09-01,5,COGS,Direct Materials,Spain,Software,-160282,-178214,-175242
2025-09-01,6,COGS,Direct Labor,Spain,Software,-146170,-164506,-156000
2025-09-01,7,COGS,Cloud & Hosting,Spain,Software,-72586,-82253,-78381
2025-09-01,8,COGS,Support Delivery,Spain,Software,-54523,-61690,-60141
2025-09-01,9,Operating Expenses,Sales,Spain,Software,-117425,-123379,-122980
2025-09-01,10,Operating Expenses,Marketing,Spain,Software,-96728,-102816,-104340
2025-09-01,11,Operating Expenses,Research & Development,Spain,Software,-136826,-150797,-143494
2025-09-01,12,Operating Expenses,General & Administrative,Spain,Software,-79239,-89107,-86949
2025-09-01,13,Operating Expenses,IT & Systems,Spain,Software,-45423,-47981,-47888
2025-09-01,14,Operating Expenses,Facilities & Rent,Spain,Software,-39118,-41126,-40324
2025-09-01,15,Operating Expenses,Depreciation & Amort.,Spain,Software,-33571,-37699,-35767
2025-09-01,16,Other,Interest Income,Spain,Software,7521,8225,7910
2025-09-01,17,Other,Interest Expense,Spain,Software,-17967,-19192,-19353
2025-09-01,18,Other,FX Gain/(Loss),Spain,Software,-9744,-10282,-10190
2025-09-01,19,Other,Other Income/(Expense),Spain,Software,-12235,-13709,-13221
2025-09-01,20,Other,Income Tax,Spain,Software,-55918,-61690,-59304
2025-09-01,1,Revenue,Product Revenue,Spain,Services,292981,329011,330875
2025-09-01,2,Revenue,Subscription Revenue,Spain,Services,232639,246758,251170
2025-09-01,3,Revenue,Service Revenue,Spain,Services,127478,143942,146325
2025-09-01,4,Revenue,Support & Maintenance,Spain,Services,68870,74028,73724
2025-09-01,5,COGS,Direct Materials,Spain,Services,-94494,-106929,-107314
2025-09-01,6,COGS,Direct Labor,Spain,Services,-91689,-98703,-93038
2025-09-01,7,COGS,Cloud & Hosting,Spain,Services,-44716,-49352,-47106
2025-09-01,8,COGS,Support Delivery,Spain,Services,-33917,-37014,-35478
2025-09-01,9,Operating Expenses,Sales,Spain,Services,-68713,-74028,-72535
2025-09-01,10,Operating Expenses,Marketing,Spain,Services,-56220,-61690,-59115
2025-09-01,11,Operating Expenses,Research & Development,Spain,Services,-86083,-90478,-89636
2025-09-01,12,Operating Expenses,General & Administrative,Spain,Services,-50544,-53464,-53654
2025-09-01,13,Operating Expenses,IT & Systems,Spain,Services,-26532,-28788,-29266
2025-09-01,14,Operating Expenses,Facilities & Rent,Spain,Services,-21945,-24676,-24990
2025-09-01,15,Operating Expenses,Depreciation & Amort.,Spain,Services,-20853,-22620,-22718
2025-09-01,16,Other,Interest Income,Spain,Services,4660,4935,4946
2025-09-01,17,Other,Interest Expense,Spain,Services,-10348,-11515,-11401
2025-09-01,18,Other,FX Gain/(Loss),Spain,Services,-5614,-6169,-5856
2025-09-01,19,Other,Other Income/(Expense),Spain,Services,7562,8225,7787
2025-09-01,20,Other,Income Tax,Spain,Services,-34260,-37014,-35561
2025-09-01,1,Revenue,Product Revenue,Spain,Hardware,409394,438682,437394
2025-09-01,2,Revenue,Subscription Revenue,Spain,Hardware,303166,329011,322486
2025-09-01,3,Revenue,Service Revenue,Spain,Hardware,171552,191923,194705
2025-09-01,4,Revenue,Support & Maintenance,Spain,Hardware,89499,98703,93172
2025-09-01,5,COGS,Direct Materials,Spain,Hardware,-126004,-142572,-144117
2025-09-01,6,COGS,Direct Labor,Spain,Hardware,-123836,-131604,-128078
2025-09-01,7,COGS,Cloud & Hosting,Spain,Hardware,-61541,-65802,-66906
2025-09-01,8,COGS,Support Delivery,Spain,Hardware,-44667,-49352,-49942
2025-09-01,9,Operating Expenses,Sales,Spain,Hardware,-92287,-98703,-94336
2025-09-01,10,Operating Expenses,Marketing,Spain,Hardware,-77883,-82253,-82905
2025-09-01,11,Operating Expenses,Research & Development,Spain,Hardware,-109865,-120637,-114831
2025-09-01,12,Operating Expenses,General & Administrative,Spain,Hardware,-67699,-71286,-71509
2025-09-01,13,Operating Expenses,IT & Systems,Spain,Hardware,-34240,-38385,-38831
2025-09-01,14,Operating Expenses,Facilities & Rent,Spain,Hardware,-31224,-32901,-31403
2025-09-01,15,Operating Expenses,Depreciation & Amort.,Spain,Hardware,-27328,-30159,-28768
2025-09-01,16,Other,Interest Income,Spain,Hardware,5942,6580,6235
2025-09-01,17,Other,Interest Expense,Spain,Hardware,-14462,-15354,-15431
2025-09-01,18,Other,FX Gain/(Loss),Spain,Hardware,7581,8225,7843
2025-09-01,19,Other,Other Income/(Expense),Spain,Hardware,-9759,-10967,-10513
2025-09-01,20,Other,Income Tax,Spain,Hardware,-46502,-49352,-49517
2025-09-01,1,Revenue,Product Revenue,Italy,Software,587617,639744,629679
2025-09-01,2,Revenue,Subscription Revenue,Italy,Software,434871,479808,457652
2025-09-01,3,Revenue,Service Revenue,Italy,Software,246926,279888,272940
2025-09-01,4,Revenue,Support & Maintenance,Italy,Software,133285,143942,141520
2025-09-01,5,COGS,Direct Materials,Italy,Software,-185111,-207917,-198942
2025-09-01,6,COGS,Direct Labor,Italy,Software,-169253,-191923,-182939
2025-09-01,7,COGS,Cloud & Hosting,Italy,Software,-89276,-95962,-96421
2025-09-01,8,COGS,Support Delivery,Italy,Software,-64228,-71971,-70777
2025-09-01,9,Operating Expenses,Sales,Italy,Software,-133676,-143942,-141878
2025-09-01,10,Operating Expenses,Marketing,Italy,Software,-113698,-119952,-114537
2025-09-01,11,Operating Expenses,Research & Development,Italy,Software,-157610,-175930,-171794
2025-09-01,12,Operating Expenses,General & Administrative,Italy,Software,-94973,-103958,-103723
2025-09-01,13,Operating Expenses,IT & Systems,Italy,Software,-49970,-55978,-56855
2025-09-01,14,Operating Expenses,Facilities & Rent,Italy,Software,-44024,-47981,-45472
2025-09-01,15,Operating Expenses,Depreciation & Amort.,Italy,Software,-39935,-43982,-42289
2025-09-01,16,Other,Interest Income,Italy,Software,8789,9596,9435
2025-09-01,17,Other,Interest Expense,Italy,Software,-19919,-22391,-22641
2025-09-01,18,Other,FX Gain/(Loss),Italy,Software,-11112,-11995,-11397
2025-09-01,19,Other,Other Income/(Expense),Italy,Software,14374,15994,15460
2025-09-01,20,Other,Income Tax,Italy,Software,-63871,-71971,-72027
2025-09-01,1,Revenue,Product Revenue,Italy,Services,350863,383846,391138
2025-09-01,2,Revenue,Subscription Revenue,Italy,Services,271321,287885,278161
2025-09-01,3,Revenue,Service Revenue,Italy,Services,155783,167933,162460
2025-09-01,4,Revenue,Support & Maintenance,Italy,Services,76915,86365,82988
2025-09-01,5,COGS,Direct Materials,Italy,Services,-117003,-124750,-122197
2025-09-01,6,COGS,Direct Labor,Italy,Services,-101696,-115154,-111764
2025-09-01,7,COGS,Cloud & Hosting,Italy,Services,-52544,-57577,-57553
2025-09-01,8,COGS,Support Delivery,Italy,Services,-39660,-43183,-42090
2025-09-01,9,Operating Expenses,Sales,Italy,Services,-80671,-86365,-87571
2025-09-01,10,Operating Expenses,Marketing,Italy,Services,-66902,-71971,-69347
2025-09-01,11,Operating Expenses,Research & Development,Italy,Services,-98585,-105558,-102322
2025-09-01,12,Operating Expenses,General & Administrative,Italy,Services,-56006,-62375,-63204
2025-09-01,13,Operating Expenses,IT & Systems,Italy,Services,-30613,-33587,-32669
2025-09-01,14,Operating Expenses,Facilities & Rent,Italy,Services,-25969,-28788,-27429
2025-09-01,15,Operating Expenses,Depreciation & Amort.,Italy,Services,-24868,-26389,-24960
2025-09-01,16,Other,Interest Income,Italy,Services,5120,5758,5766
2025-09-01,17,Other,Interest Expense,Italy,Services,-12351,-13435,-12855
2025-09-01,18,Other,FX Gain/(Loss),Italy,Services,-6686,-7197,-6954
2025-09-01,19,Other,Other Income/(Expense),Italy,Services,9003,9596,9065
2025-09-01,20,Other,Income Tax,Italy,Services,-38335,-43183,-41633
2025-09-01,1,Revenue,Product Revenue,Italy,Hardware,482045,511795,516982
2025-09-01,2,Revenue,Subscription Revenue,Italy,Hardware,349067,383846,368458
2025-09-01,3,Revenue,Service Revenue,Italy,Hardware,204871,223910,214913
2025-09-01,4,Revenue,Support & Maintenance,Italy,Hardware,106285,115154,112663
2025-09-01,5,COGS,Direct Materials,Italy,Hardware,-153259,-166333,-162984
2025-09-01,6,COGS,Direct Labor,Italy,Hardware,-145616,-153539,-155722
2025-09-01,7,COGS,Cloud & Hosting,Italy,Hardware,-68848,-76769,-73394
2025-09-01,8,COGS,Support Delivery,Italy,Hardware,-53703,-57577,-57569
2025-09-01,9,Operating Expenses,Sales,Italy,Hardware,-103357,-115154,-111057
2025-09-01,10,Operating Expenses,Marketing,Italy,Hardware,-88228,-95962,-94036
2025-09-01,11,Operating Expenses,Research & Development,Italy,Hardware,-129200,-140744,-138424
2025-09-01,12,Operating Expenses,General & Administrative,Italy,Hardware,-77030,-83167,-80911
2025-09-01,13,Operating Expenses,IT & Systems,Italy,Hardware,-40034,-44782,-44083
2025-09-01,14,Operating Expenses,Facilities & Rent,Italy,Hardware,-35496,-38385,-36229
2025-09-01,15,Operating Expenses,Depreciation & Amort.,Italy,Hardware,-31046,-35186,-35203
2025-09-01,16,Other,Interest Income,Italy,Hardware,6957,7677,7762
2025-09-01,17,Other,Interest Expense,Italy,Hardware,-16326,-17913,-16860
2025-09-01,18,Other,FX Gain/(Loss),Italy,Hardware,-9049,-9596,-9435
2025-09-01,19,Other,Other Income/(Expense),Italy,Hardware,-11527,-12795,-12563
2025-09-01,20,Other,Income Tax,Italy,Hardware,-51366,-57577,-55844
2025-09-01,1,Revenue,Product Revenue,United States,Software,1389523,1462272,1421115
2025-09-01,2,Revenue,Subscription Revenue,United States,Software,988633,1096704,1114176
2025-09-01,3,Revenue,Service Revenue,United States,Software,565262,639744,643788
2025-09-01,4,Revenue,Support & Maintenance,United States,Software,299044,329011,320920
2025-09-01,5,COGS,Direct Materials,United States,Software,-418817,-475238,-452203
2025-09-01,6,COGS,Direct Labor,United States,Software,-393232,-438682,-423904
2025-09-01,7,COGS,Cloud & Hosting,United States,Software,-206276,-219341,-216018
2025-09-01,8,COGS,Support Delivery,United States,Software,-151015,-164506,-157164
2025-09-01,9,Operating Expenses,Sales,United States,Software,-307418,-329011,-328700
2025-09-01,10,Operating Expenses,Marketing,United States,Software,-251436,-274176,-260531
2025-09-01,11,Operating Expenses,Research & Development,United States,Software,-378343,-402125,-379222
2025-09-01,12,Operating Expenses,General & Administrative,United States,Software,-215824,-237619,-225790
2025-09-01,13,Operating Expenses,IT & Systems,United States,Software,-120915,-127949,-129722
2025-09-01,14,Operating Expenses,Facilities & Rent,United States,Software,-99557,-109670,-103542
2025-09-01,15,Operating Expenses,Depreciation & Amort.,United States,Software,-90843,-100531,-101690
2025-09-01,16,Other,Interest Income,United States,Software,19833,21934,20834
2025-09-01,17,Other,Interest Expense,United States,Software,-47370,-51180,-49912
2025-09-01,18,Other,FX Gain/(Loss),United States,Software,-24972,-27418,-27248
2025-09-01,19,Other,Other Income/(Expense),United States,Software,-33285,-36557,-34491
2025-09-01,20,Other,Income Tax,United States,Software,-148710,-164506,-166221
2025-09-01,1,Revenue,Product Revenue,United States,Services,796464,877363,838612
2025-09-01,2,Revenue,Subscription Revenue,United States,Services,601521,658022,628528
2025-09-01,3,Revenue,Service Revenue,United States,Services,341152,383846,382617
2025-09-01,4,Revenue,Support & Maintenance,United States,Services,185946,197407,199420
2025-09-01,5,COGS,Direct Materials,United States,Services,-258068,-285143,-269028
2025-09-01,6,COGS,Direct Labor,United States,Services,-234657,-263209,-265602
2025-09-01,7,COGS,Cloud & Hosting,United States,Services,-123020,-131604,-131394
2025-09-01,8,COGS,Support Delivery,United States,Services,-89529,-98703,-93379
2025-09-01,9,Operating Expenses,Sales,United States,Services,-184568,-197407,-188234
2025-09-01,10,Operating Expenses,Marketing,United States,Services,-150756,-164506,-159265
2025-09-01,11,Operating Expenses,Research & Development,United States,Services,-222122,-241275,-237896
2025-09-01,12,Operating Expenses,General & Administrative,United States,Services,-131438,-142572,-142433
2025-09-01,13,Operating Expenses,IT & Systems,United States,Services,-69291,-76769,-77454
2025-09-01,14,Operating Expenses,Facilities & Rent,United States,Services,-61876,-65802,-64636
2025-09-01,15,Operating Expenses,Depreciation & Amort.,United States,Services,-54722,-60319,-58136
2025-09-01,16,Other,Interest Income,United States,Services,12048,13160,12992
2025-09-01,17,Other,Interest Expense,United States,Services,-28042,-30708,-30410
2025-09-01,18,Other,FX Gain/(Loss),United States,Services,-15391,-16451,-15684
2025-09-01,19,Other,Other Income/(Expense),United States,Services,-19763,-21934,-21431
2025-09-01,20,Other,Income Tax,United States,Services,-92007,-98703,-98115
2025-09-01,1,Revenue,Product Revenue,United States,Hardware,1039630,1169818,1122870
2025-09-01,2,Revenue,Subscription Revenue,United States,Hardware,827736,877363,836108
2025-09-01,3,Revenue,Service Revenue,United States,Hardware,468079,511795,500669
2025-09-01,4,Revenue,Support & Maintenance,United States,Hardware,246131,263209,250681
2025-09-01,5,COGS,Direct Materials,United States,Hardware,-342806,-380191,-369815
2025-09-01,6,COGS,Direct Labor,United States,Hardware,-314691,-350945,-347801
2025-09-01,7,COGS,Cloud & Hosting,United States,Hardware,-167108,-175473,-171398
2025-09-01,8,COGS,Support Delivery,United States,Hardware,-118130,-131604,-129156
2025-09-01,9,Operating Expenses,Sales,United States,Hardware,-239270,-263209,-259381
2025-09-01,10,Operating Expenses,Marketing,United States,Hardware,-200455,-219341,-208016
2025-09-01,11,Operating Expenses,Research & Development,United States,Hardware,-295938,-321700,-305481
2025-09-01,12,Operating Expenses,General & Administrative,United States,Hardware,-176668,-190095,-181931
2025-09-01,13,Operating Expenses,IT & Systems,United States,Hardware,-97408,-102359,-101058
2025-09-01,14,Operating Expenses,Facilities & Rent,United States,Hardware,-83211,-87736,-86904
2025-09-01,15,Operating Expenses,Depreciation & Amort.,United States,Hardware,-73570,-80425,-78578
2025-09-01,16,Other,Interest Income,United States,Hardware,15805,17547,17789
2025-09-01,17,Other,Interest Expense,United States,Hardware,-38723,-40944,-40397
2025-09-01,18,Other,FX Gain/(Loss),United States,Hardware,20301,21934,22118
2025-09-01,19,Other,Other Income/(Expense),United States,Hardware,27544,29245,28055
2025-09-01,20,Other,Income Tax,United States,Hardware,-125370,-131604,-129618
2025-09-01,1,Revenue,Product Revenue,Nordics,Software,428218,456960,447603
2025-09-01,2,Revenue,Subscription Revenue,Nordics,Software,315948,342720,328828
2025-09-01,3,Revenue,Service Revenue,Nordics,Software,179996,199920,198232
2025-09-01,4,Revenue,Support & Maintenance,Nordics,Software,92448,102816,104544
2025-09-01,5,COGS,Direct Materials,Nordics,Software,-135950,-148512,-143001
2025-09-01,6,COGS,Direct Labor,Nordics,Software,-125696,-137088,-131128
2025-09-01,7,COGS,Cloud & Hosting,Nordics,Software,-63939,-68544,-68291
2025-09-01,8,COGS,Support Delivery,Nordics,Software,-48676,-51408,-50278
2025-09-01,9,Operating Expenses,Sales,Nordics,Software,-91667,-102816,-104065
2025-09-01,10,Operating Expenses,Marketing,Nordics,Software,-75683,-85680,-84958
2025-09-01,11,Operating Expenses,Research & Development,Nordics,Software,-118778,-125664,-118886
2025-09-01,12,Operating Expenses,General & Administrative,Nordics,Software,-65449,-74256,-74588
2025-09-01,13,Operating Expenses,IT & Systems,Nordics,Software,-37022,-39984,-38415
2025-09-01,14,Operating Expenses,Facilities & Rent,Nordics,Software,-32317,-34272,-33025
2025-09-01,15,Operating Expenses,Depreciation & Amort.,Nordics,Software,-28531,-31416,-30349
2025-09-01,16,Other,Interest Income,Nordics,Software,6077,6854,6822
2025-09-01,17,Other,Interest Expense,Nordics,Software,-14132,-15994,-15684
2025-09-01,18,Other,FX Gain/(Loss),Nordics,Software,-7935,-8568,-8497
2025-09-01,19,Other,Other Income/(Expense),Nordics,Software,10363,11424,11194
2025-09-01,20,Other,Income Tax,Nordics,Software,-48610,-51408,-48913
2025-09-01,1,Revenue,Product Revenue,Nordics,Services,253691,274176,268846
2025-09-01,2,Revenue,Subscription Revenue,Nordics,Services,186445,205632,202013
2025-09-01,3,Revenue,Service Revenue,Nordics,Services,110141,119952,121351
2025-09-01,4,Revenue,Support & Maintenance,Nordics,Services,56138,61690,59142
2025-09-01,5,COGS,Direct Materials,Nordics,Services,-83002,-89107,-84106
2025-09-01,6,COGS,Direct Labor,Nordics,Services,-75544,-82253,-78898
2025-09-01,7,COGS,Cloud & Hosting,Nordics,Services,-38733,-41126,-40532
2025-09-01,8,COGS,Support Delivery,Nordics,Services,-27481,-30845,-29198
2025-09-01,9,Operating Expenses,Sales,Nordics,Services,-57513,-61690,-58505
2025-09-01,10,Operating Expenses,Marketing,Nordics,Services,-47088,-51408,-50088
2025-09-01,11,Operating Expenses,Research & Development,Nordics,Services,-67749,-75398,-74316
2025-09-01,12,Operating Expenses,General & Administrative,Nordics,Services,-39661,-44554,-43290
2025-09-01,13,Operating Expenses,IT & Systems,Nordics,Services,-21441,-23990,-22658
2025-09-01,14,Operating Expenses,Facilities & Rent,Nordics,Services,-19150,-20563,-19419
2025-09-01,15,Operating Expenses,Depreciation & Amort.,Nordics,Services,-16835,-18850,-18554
2025-09-01,16,Other,Interest Income,Nordics,Services,3744,4113,4113
2025-09-01,17,Other,Interest Expense,Nordics,Services,-8619,-9596,-9618
2025-09-01,18,Other,FX Gain/(Loss),Nordics,Services,-4540,-5141,-4954
2025-09-01,19,Other,Other Income/(Expense),Nordics,Services,-6104,-6854,-6605
2025-09-01,20,Other,Income Tax,Nordics,Services,-27381,-30845,-29709
2025-09-01,1,Revenue,Product Revenue,Nordics,Hardware,344435,365568,350839
2025-09-01,2,Revenue,Subscription Revenue,Nordics,Hardware,255424,274176,276489
2025-09-01,3,Revenue,Service Revenue,Nordics,Hardware,151081,159936,152995
2025-09-01,4,Revenue,Support & Maintenance,Nordics,Hardware,73928,82253,77463
2025-09-01,5,COGS,Direct Materials,Nordics,Hardware,-106541,-118810,-117750
2025-09-01,6,COGS,Direct Labor,Nordics,Hardware,-102496,-109670,-105294
2025-09-01,7,COGS,Cloud & Hosting,Nordics,Hardware,-49808,-54835,-52289
2025-09-01,8,COGS,Support Delivery,Nordics,Hardware,-36405,-41126,-41775
2025-09-01,9,Operating Expenses,Sales,Nordics,Hardware,-76010,-82253,-82668
2025-09-01,10,Operating Expenses,Marketing,Nordics,Hardware,-62655,-68544,-65410
2025-09-01,11,Operating Expenses,Research & Development,Nordics,Hardware,-88893,-100531,-96299
2025-09-01,12,Operating Expenses,General & Administrative,Nordics,Hardware,-52739,-59405,-57688
2025-09-01,13,Operating Expenses,IT & Systems,Nordics,Hardware,-28190,-31987,-31018
2025-09-01,14,Operating Expenses,Facilities & Rent,Nordics,Hardware,-25142,-27418,-26880
2025-09-01,15,Operating Expenses,Depreciation & Amort.,Nordics,Hardware,-23594,-25133,-23725
2025-09-01,16,Other,Interest Income,Nordics,Hardware,5085,5484,5422
2025-09-01,17,Other,Interest Expense,Nordics,Hardware,-11765,-12795,-12472
2025-09-01,18,Other,FX Gain/(Loss),Nordics,Hardware,-6508,-6854,-6837
2025-09-01,19,Other,Other Income/(Expense),Nordics,Hardware,8302,9139,9060
2025-09-01,20,Other,Income Tax,Nordics,Hardware,-38935,-41126,-41568
2025-10-01,1,Revenue,Product Revenue,France,Software,933901,987727,946697
2025-10-01,2,Revenue,Subscription Revenue,France,Software,683929,740795,721193
2025-10-01,3,Revenue,Service Revenue,France,Software,408229,432131,437413
2025-10-01,4,Revenue,Support & Maintenance,France,Software,205631,222239,217521
2025-10-01,5,COGS,Direct Materials,France,Software,-281858,-304588,-310153
2025-10-01,6,COGS,Direct Labor,France,Software,-255847,-281158,-281431
2025-10-01,7,COGS,Cloud & Hosting,France,Software,-128315,-140579,-141820
2025-10-01,8,COGS,Support Delivery,France,Software,-99079,-105434,-104278
2025-10-01,9,Operating Expenses,Sales,France,Software,-200262,-210868,-200601
2025-10-01,10,Operating Expenses,Marketing,France,Software,-155889,-175724,-174803
2025-10-01,11,Operating Expenses,Research & Development,France,Software,-230549,-257728,-252475
2025-10-01,12,Operating Expenses,General & Administrative,France,Software,-144361,-152294,-153334
2025-10-01,13,Operating Expenses,IT & Systems,France,Software,-77449,-82004,-82018
2025-10-01,14,Operating Expenses,Facilities & Rent,France,Software,-62881,-70289,-68429
2025-10-01,15,Operating Expenses,Depreciation & Amort.,France,Software,-60423,-64432,-61056
2025-10-01,16,Other,Interest Income,France,Software,12965,14058,14119
2025-10-01,17,Other,Interest Expense,France,Software,-29008,-32802,-32193
2025-10-01,18,Other,FX Gain/(Loss),France,Software,-16485,-17572,-16549
2025-10-01,19,Other,Other Income/(Expense),France,Software,-22010,-23430,-22623
2025-10-01,20,Other,Income Tax,France,Software,-98073,-105434,-100760
2025-10-01,1,Revenue,Product Revenue,France,Services,551213,592636,564579
2025-10-01,2,Revenue,Subscription Revenue,France,Services,416218,444477,433464
2025-10-01,3,Revenue,Service Revenue,France,Services,229671,259278,260785
2025-10-01,4,Revenue,Support & Maintenance,France,Services,125047,133343,131358
2025-10-01,5,COGS,Direct Materials,France,Services,-163354,-182753,-184010
2025-10-01,6,COGS,Direct Labor,France,Services,-158227,-168695,-170195
2025-10-01,7,COGS,Cloud & Hosting,France,Services,-79348,-84347,-82245
2025-10-01,8,COGS,Support Delivery,France,Services,-59478,-63260,-62237
2025-10-01,9,Operating Expenses,Sales,France,Services,-116487,-126521,-124082
2025-10-01,10,Operating Expenses,Marketing,France,Services,-97510,-105434,-107132
2025-10-01,11,Operating Expenses,Research & Development,France,Services,-138184,-154637,-156083
2025-10-01,12,Operating Expenses,General & Administrative,France,Services,-80918,-91376,-92111
2025-10-01,13,Operating Expenses,IT & Systems,France,Services,-43767,-49203,-49171
2025-10-01,14,Operating Expenses,Facilities & Rent,France,Services,-37595,-42174,-39736
2025-10-01,15,Operating Expenses,Depreciation & Amort.,France,Services,-34912,-38659,-37513
2025-10-01,16,Other,Interest Income,France,Services,7657,8435,8174
2025-10-01,17,Other,Interest Expense,France,Services,-18724,-19681,-19972
2025-10-01,18,Other,FX Gain/(Loss),France,Services,-9303,-10543,-9962
2025-10-01,19,Other,Other Income/(Expense),France,Services,-13009,-14058,-13819
2025-10-01,20,Other,Income Tax,France,Services,-58525,-63260,-63517
2025-10-01,1,Revenue,Product Revenue,France,Hardware,753282,790182,794411
2025-10-01,2,Revenue,Subscription Revenue,France,Hardware,524785,592636,580654
2025-10-01,3,Revenue,Service Revenue,France,Hardware,309428,345705,347436
2025-10-01,4,Revenue,Support & Maintenance,France,Hardware,166815,177791,180511
2025-10-01,5,COGS,Direct Materials,France,Hardware,-225417,-243670,-240013
2025-10-01,6,COGS,Direct Labor,France,Hardware,-206010,-224926,-223163
2025-10-01,7,COGS,Cloud & Hosting,France,Hardware,-105271,-112463,-113492
2025-10-01,8,COGS,Support Delivery,France,Hardware,-77016,-84347,-85568
2025-10-01,9,Operating Expenses,Sales,France,Hardware,-156525,-168695,-168100
2025-10-01,10,Operating Expenses,Marketing,France,Hardware,-125952,-140579,-141435
2025-10-01,11,Operating Expenses,Research & Development,France,Hardware,-190873,-206182,-194921
2025-10-01,12,Operating Expenses,General & Administrative,France,Hardware,-110635,-121835,-116426
2025-10-01,13,Operating Expenses,IT & Systems,France,Hardware,-59934,-65603,-62342
2025-10-01,14,Operating Expenses,Facilities & Rent,France,Hardware,-53202,-56232,-53293
2025-10-01,15,Operating Expenses,Depreciation & Amort.,France,Hardware,-46700,-51546,-50651
2025-10-01,16,Other,Interest Income,France,Hardware,9930,11246,11209
2025-10-01,17,Other,Interest Expense,France,Hardware,-23561,-26241,-26003
2025-10-01,18,Other,FX Gain/(Loss),France,Hardware,-13193,-14058,-13394
2025-10-01,19,Other,Other Income/(Expense),France,Hardware,16922,18744,18731
2025-10-01,20,Other,Income Tax,France,Hardware,-78041,-84347,-84683
2025-10-01,1,Revenue,Product Revenue,Germany,Software,1106835,1185273,1179681
2025-10-01,2,Revenue,Subscription Revenue,Germany,Software,783458,888954,864653
2025-10-01,3,Revenue,Service Revenue,Germany,Software,476344,518557,520498
2025-10-01,4,Revenue,Support & Maintenance,Germany,Software,243050,266686,269187
2025-10-01,5,COGS,Direct Materials,Germany,Software,-343046,-365505,-371751
2025-10-01,6,COGS,Direct Labor,Germany,Software,-306479,-337389,-323662
2025-10-01,7,COGS,Cloud & Hosting,Germany,Software,-157540,-168695,-170514
2025-10-01,8,COGS,Support Delivery,Germany,Software,-114754,-126521,-126461
2025-10-01,9,Operating Expenses,Sales,Germany,Software,-231911,-253042,-244841
2025-10-01,10,Operating Expenses,Marketing,Germany,Software,-192549,-210868,-202824
2025-10-01,11,Operating Expenses,Research & Development,Germany,Software,-294495,-309273,-306891
2025-10-01,12,Operating Expenses,General & Administrative,Germany,Software,-169202,-182753,-184355
2025-10-01,13,Operating Expenses,IT & Systems,Germany,Software,-92951,-98405,-97011
2025-10-01,14,Operating Expenses,Facilities & Rent,Germany,Software,-77530,-84347,-81311
2025-10-01,15,Operating Expenses,Depreciation & Amort.,Germany,Software,-72443,-77318,-77445
2025-10-01,16,Other,Interest Income,Germany,Software,16028,16869,17032
2025-10-01,17,Other,Interest Expense,Germany,Software,-36965,-39362,-37748
2025-10-01,18,Other,FX Gain/(Loss),Germany,Software,-18800,-21087,-20611
2025-10-01,19,Other,Other Income/(Expense),Germany,Software,-24858,-28116,-28481
2025-10-01,20,Other,Income Tax,Germany,Software,-118462,-126521,-127625
2025-10-01,1,Revenue,Product Revenue,Germany,Services,667782,711164,723376
2025-10-01,2,Revenue,Subscription Revenue,Germany,Services,486221,533373,508995
2025-10-01,3,Revenue,Service Revenue,Germany,Services,289695,311134,315175
2025-10-01,4,Revenue,Support & Maintenance,Germany,Services,141962,160012,155787
2025-10-01,5,COGS,Direct Materials,Germany,Services,-207133,-219303,-222993
2025-10-01,6,COGS,Direct Labor,Germany,Services,-178392,-202434,-204833
2025-10-01,7,COGS,Cloud & Hosting,Germany,Services,-91379,-101217,-100946
2025-10-01,8,COGS,Support Delivery,Germany,Services,-67446,-75913,-73056
2025-10-01,9,Operating Expenses,Sales,Germany,Services,-143849,-151825,-142999
2025-10-01,10,Operating Expenses,Marketing,Germany,Services,-117599,-126521,-126347
2025-10-01,11,Operating Expenses,Research & Development,Germany,Services,-174728,-185564,-176451
2025-10-01,12,Operating Expenses,General & Administrative,Germany,Services,-100951,-109652,-110918
2025-10-01,13,Operating Expenses,IT & Systems,Germany,Services,-55286,-59043,-55905
2025-10-01,14,Operating Expenses,Facilities & Rent,Germany,Services,-48039,-50608,-49292
2025-10-01,15,Operating Expenses,Depreciation & Amort.,Germany,Services,-41013,-46391,-44971
2025-10-01,16,Other,Interest Income,Germany,Services,9395,10122,10059
2025-10-01,17,Other,Interest Expense,Germany,Services,-21186,-23617,-23071
2025-10-01,18,Other,FX Gain/(Loss),Germany,Services,-11541,-12652,-12433
2025-10-01,19,Other,Other Income/(Expense),Germany,Services,15855,16869,16463
2025-10-01,20,Other,Income Tax,Germany,Services,-71085,-75913,-76015
2025-10-01,1,Revenue,Product Revenue,Germany,Hardware,888436,948218,923804
2025-10-01,2,Revenue,Subscription Revenue,Germany,Hardware,667862,711164,702956
2025-10-01,3,Revenue,Service Revenue,Germany,Hardware,376786,414845,402800
2025-10-01,4,Revenue,Support & Maintenance,Germany,Hardware,190026,213349,210198
2025-10-01,5,COGS,Direct Materials,Germany,Hardware,-264050,-292404,-280505
2025-10-01,6,COGS,Direct Labor,Germany,Hardware,-238665,-269911,-273914
2025-10-01,7,COGS,Cloud & Hosting,Germany,Hardware,-123474,-134956,-134735
2025-10-01,8,COGS,Support Delivery,Germany,Hardware,-96526,-101217,-95547
2025-10-01,9,Operating Expenses,Sales,Germany,Hardware,-183219,-202434,-205066
2025-10-01,10,Operating Expenses,Marketing,Germany,Hardware,-159282,-168695,-159453
2025-10-01,11,Operating Expenses,Research & Development,Germany,Hardware,-235220,-247419,-251947
2025-10-01,12,Operating Expenses,General & Administrative,Germany,Hardware,-136279,-146202,-143972
2025-10-01,13,Operating Expenses,IT & Systems,Germany,Hardware,-73722,-78724,-76225
2025-10-01,14,Operating Expenses,Facilities & Rent,Germany,Hardware,-61029,-67478,-63792
2025-10-01,15,Operating Expenses,Depreciation & Amort.,Germany,Hardware,-58349,-61855,-59795
2025-10-01,16,Other,Interest Income,Germany,Hardware,11949,13496,12834
2025-10-01,17,Other,Interest Expense,Germany,Hardware,-29681,-31490,-29647
2025-10-01,18,Other,FX Gain/(Loss),Germany,Hardware,14948,16869,17016
2025-10-01,19,Other,Other Income/(Expense),Germany,Hardware,-20082,-22493,-22852
2025-10-01,20,Other,Income Tax,Germany,Hardware,-89413,-101217,-100853
2025-10-01,1,Revenue,Product Revenue,United Kingdom,Software,783239,888954,894726
2025-10-01,2,Revenue,Subscription Revenue,United Kingdom,Software,593762,666716,655050
2025-10-01,3,Revenue,Service Revenue,United Kingdom,Software,363548,388918,383297
2025-10-01,4,Revenue,Support & Maintenance,United Kingdom,Software,185205,200015,192721
2025-10-01,5,COGS,Direct Materials,United Kingdom,Software,-245540,-274129,-274672
2025-10-01,6,COGS,Direct Labor,United Kingdom,Software,-225620,-253042,-248779
2025-10-01,7,COGS,Cloud & Hosting,United Kingdom,Software,-118863,-126521,-124269
2025-10-01,8,COGS,Support Delivery,United Kingdom,Software,-84770,-94891,-89356
2025-10-01,9,Operating Expenses,Sales,United Kingdom,Software,-171952,-189781,-188845
2025-10-01,10,Operating Expenses,Marketing,United Kingdom,Software,-146722,-158151,-148948
2025-10-01,11,Operating Expenses,Research & Development,United Kingdom,Software,-208628,-231955,-231816
2025-10-01,12,Operating Expenses,General & Administrative,United Kingdom,Software,-129070,-137064,-136142
2025-10-01,13,Operating Expenses,IT & Systems,United Kingdom,Software,-69487,-73804,-73367
2025-10-01,14,Operating Expenses,Facilities & Rent,United Kingdom,Software,-59999,-63260,-62985
2025-10-01,15,Operating Expenses,Depreciation & Amort.,United Kingdom,Software,-51831,-57989,-57494
2025-10-01,16,Other,Interest Income,United Kingdom,Software,11617,12652,12142
2025-10-01,17,Other,Interest Expense,United Kingdom,Software,-28041,-29522,-28363
2025-10-01,18,Other,FX Gain/(Loss),United Kingdom,Software,-14950,-15815,-15692
2025-10-01,19,Other,Other Income/(Expense),United Kingdom,Software,-19817,-21087,-19874
2025-10-01,20,Other,Income Tax,United Kingdom,Software,-88287,-94891,-95575
2025-10-01,1,Revenue,Product Revenue,United Kingdom,Services,489396,533373,535111
2025-10-01,2,Revenue,Subscription Revenue,United Kingdom,Services,363678,400030,403239
2025-10-01,3,Revenue,Service Revenue,United Kingdom,Services,216373,233351,235268
2025-10-01,4,Revenue,Support & Maintenance,United Kingdom,Services,113876,120009,121357
2025-10-01,5,COGS,Direct Materials,United Kingdom,Services,-145474,-164477,-166492
2025-10-01,6,COGS,Direct Labor,United Kingdom,Services,-144220,-151825,-147710
2025-10-01,7,COGS,Cloud & Hosting,United Kingdom,Services,-69139,-75913,-76777
2025-10-01,8,COGS,Support Delivery,United Kingdom,Services,-54065,-56934,-54060
2025-10-01,9,Operating Expenses,Sales,United Kingdom,Services,-100775,-113869,-115206
2025-10-01,10,Operating Expenses,Marketing,United Kingdom,Services,-90057,-94891,-96181
2025-10-01,11,Operating Expenses,Research & Development,United Kingdom,Services,-128327,-139173,-134741
2025-10-01,12,Operating Expenses,General & Administrative,United Kingdom,Services,-78091,-82239,-79145
2025-10-01,13,Operating Expenses,IT & Systems,United Kingdom,Services,-40155,-44282,-44713
2025-10-01,14,Operating Expenses,Facilities & Rent,United Kingdom,Services,-34454,-37956,-37122
2025-10-01,15,Operating Expenses,Depreciation & Amort.,United Kingdom,Services,-32215,-34793,-34553
2025-10-01,16,Other,Interest Income,United Kingdom,Services,6755,7591,7401
2025-10-01,17,Other,Interest Expense,United Kingdom,Services,-16583,-17713,-16842
2025-10-01,18,Other,FX Gain/(Loss),United Kingdom,Services,8541,9489,9384
2025-10-01,19,Other,Other Income/(Expense),United Kingdom,Services,-11918,-12652,-12295
2025-10-01,20,Other,Income Tax,United Kingdom,Services,-54123,-56934,-57051
2025-10-01,1,Revenue,Product Revenue,United Kingdom,Hardware,665300,711164,676050
2025-10-01,2,Revenue,Subscription Revenue,United Kingdom,Hardware,480355,533373,516703
2025-10-01,3,Revenue,Service Revenue,United Kingdom,Hardware,290051,311134,305823
2025-10-01,4,Revenue,Support & Maintenance,United Kingdom,Hardware,150082,160012,153326
2025-10-01,5,COGS,Direct Materials,United Kingdom,Hardware,-198160,-219303,-216805
2025-10-01,6,COGS,Direct Labor,United Kingdom,Hardware,-180611,-202434,-203466
2025-10-01,7,COGS,Cloud & Hosting,United Kingdom,Hardware,-90480,-101217,-103149
2025-10-01,8,COGS,Support Delivery,United Kingdom,Hardware,-68984,-75913,-72668
2025-10-01,9,Operating Expenses,Sales,United Kingdom,Hardware,-142502,-151825,-143484
2025-10-01,10,Operating Expenses,Marketing,United Kingdom,Hardware,-114656,-126521,-121754
2025-10-01,11,Operating Expenses,Research & Development,United Kingdom,Hardware,-175528,-185564,-188239
2025-10-01,12,Operating Expenses,General & Administrative,United Kingdom,Hardware,-103927,-109652,-106622
2025-10-01,13,Operating Expenses,IT & Systems,United Kingdom,Hardware,-53290,-59043,-58714
2025-10-01,14,Operating Expenses,Facilities & Rent,United Kingdom,Hardware,-44892,-50608,-48066
2025-10-01,15,Operating Expenses,Depreciation & Amort.,United Kingdom,Hardware,-42432,-46391,-46447
2025-10-01,16,Other,Interest Income,United Kingdom,Hardware,9470,10122,9654
2025-10-01,17,Other,Interest Expense,United Kingdom,Hardware,-21483,-23617,-22995
2025-10-01,18,Other,FX Gain/(Loss),United Kingdom,Hardware,12023,12652,12379
2025-10-01,19,Other,Other Income/(Expense),United Kingdom,Hardware,15754,16869,15881
2025-10-01,20,Other,Income Tax,United Kingdom,Hardware,-67676,-75913,-71735
2025-10-01,1,Revenue,Product Revenue,Spain,Software,535142,592636,563696
2025-10-01,2,Revenue,Subscription Revenue,Spain,Software,398706,444477,419545
2025-10-01,3,Revenue,Service Revenue,Spain,Software,231103,259278,262905
2025-10-01,4,Revenue,Support & Maintenance,Spain,Software,118067,133343,133467
2025-10-01,5,COGS,Direct Materials,Spain,Software,-166867,-182753,-177453
2025-10-01,6,COGS,Direct Labor,Spain,Software,-159757,-168695,-168000
2025-10-01,7,COGS,Cloud & Hosting,Spain,Software,-76790,-84347,-84829
2025-10-01,8,COGS,Support Delivery,Spain,Software,-57481,-63260,-62819
2025-10-01,9,Operating Expenses,Sales,Spain,Software,-118690,-126521,-127675
2025-10-01,10,Operating Expenses,Marketing,Spain,Software,-99699,-105434,-107388
2025-10-01,11,Operating Expenses,Research & Development,Spain,Software,-139127,-154637,-147470
2025-10-01,12,Operating Expenses,General & Administrative,Spain,Software,-82617,-91376,-88382
2025-10-01,13,Operating Expenses,IT & Systems,Spain,Software,-45407,-49203,-49527
2025-10-01,14,Operating Expenses,Facilities & Rent,Spain,Software,-38788,-42174,-40705
2025-10-01,15,Operating Expenses,Depreciation & Amort.,Spain,Software,-34443,-38659,-37860
2025-10-01,16,Other,Interest Income,Spain,Software,7571,8435,8584
2025-10-01,17,Other,Interest Expense,Spain,Software,-18626,-19681,-19621
2025-10-01,18,Other,FX Gain/(Loss),Spain,Software,-9307,-10543,-10473
2025-10-01,19,Other,Other Income/(Expense),Spain,Software,12708,14058,13425
2025-10-01,20,Other,Income Tax,Spain,Software,-58080,-63260,-61834
2025-10-01,1,Revenue,Product Revenue,Spain,Services,324155,355582,352090
2025-10-01,2,Revenue,Subscription Revenue,Spain,Services,235765,266686,270065
2025-10-01,3,Revenue,Service Revenue,Spain,Services,147882,155567,146654
2025-10-01,4,Revenue,Support & Maintenance,Spain,Services,73854,80006,78665
2025-10-01,5,COGS,Direct Materials,Spain,Services,-100689,-109652,-109376
2025-10-01,6,COGS,Direct Labor,Spain,Services,-95224,-101217,-95693
2025-10-01,7,COGS,Cloud & Hosting,Spain,Services,-46083,-50608,-51585
2025-10-01,8,COGS,Support Delivery,Spain,Services,-34893,-37956,-37762
2025-10-01,9,Operating Expenses,Sales,Spain,Services,-70579,-75913,-72752
2025-10-01,10,Operating Expenses,Marketing,Spain,Services,-58546,-63260,-62359
2025-10-01,11,Operating Expenses,Research & Development,Spain,Services,-83094,-92782,-89327
2025-10-01,12,Operating Expenses,General & Administrative,Spain,Services,-51919,-54826,-54420
2025-10-01,13,Operating Expenses,IT & Systems,Spain,Services,-27999,-29522,-28226
2025-10-01,14,Operating Expenses,Facilities & Rent,Spain,Services,-22344,-25304,-24448
2025-10-01,15,Operating Expenses,Depreciation & Amort.,Spain,Services,-21500,-23196,-22461
2025-10-01,16,Other,Interest Income,Spain,Services,4791,5061,5091
2025-10-01,17,Other,Interest Expense,Spain,Services,-10939,-11809,-12004
2025-10-01,18,Other,FX Gain/(Loss),Spain,Services,5985,6326,6038
2025-10-01,19,Other,Other Income/(Expense),Spain,Services,-7542,-8435,-8379
2025-10-01,20,Other,Income Tax,Spain,Services,-36220,-37956,-37122
2025-10-01,1,Revenue,Product Revenue,Spain,Hardware,450351,474109,450707
2025-10-01,2,Revenue,Subscription Revenue,Spain,Hardware,324884,355582,347087
2025-10-01,3,Revenue,Service Revenue,Spain,Hardware,185265,207423,206924
2025-10-01,4,Revenue,Support & Maintenance,Spain,Hardware,94516,106675,107593
2025-10-01,5,COGS,Direct Materials,Spain,Hardware,-130082,-146202,-147944
2025-10-01,6,COGS,Direct Labor,Spain,Hardware,-120669,-134956,-127900
2025-10-01,7,COGS,Cloud & Hosting,Spain,Hardware,-61259,-67478,-63585
2025-10-01,8,COGS,Support Delivery,Spain,Hardware,-47453,-50608,-48190
2025-10-01,9,Operating Expenses,Sales,Spain,Hardware,-92720,-101217,-99972
2025-10-01,10,Operating Expenses,Marketing,Spain,Hardware,-80279,-84347,-81633
2025-10-01,11,Operating Expenses,Research & Development,Spain,Hardware,-113046,-123709,-116618
2025-10-01,12,Operating Expenses,General & Administrative,Spain,Hardware,-67112,-73101,-72894
2025-10-01,13,Operating Expenses,IT & Systems,Spain,Hardware,-35921,-39362,-38724
2025-10-01,14,Operating Expenses,Facilities & Rent,Spain,Hardware,-30923,-33739,-34125
2025-10-01,15,Operating Expenses,Depreciation & Amort.,Spain,Hardware,-28590,-30927,-30479
2025-10-01,16,Other,Interest Income,Spain,Hardware,6412,6748,6637
2025-10-01,17,Other,Interest Expense,Spain,Hardware,-14527,-15745,-15291
2025-10-01,18,Other,FX Gain/(Loss),Spain,Hardware,7887,8435,8198
2025-10-01,19,Other,Other Income/(Expense),Spain,Hardware,-10327,-11246,-11082
2025-10-01,20,Other,Income Tax,Spain,Hardware,-44935,-50608,-48295
2025-10-01,1,Revenue,Product Revenue,Italy,Software,628679,691409,658479
2025-10-01,2,Revenue,Subscription Revenue,Italy,Software,492414,518557,493478
2025-10-01,3,Revenue,Service Revenue,Italy,Software,266800,302491,295948
2025-10-01,4,Revenue,Support & Maintenance,Italy,Software,146486,155567,152155
2025-10-01,5,COGS,Direct Materials,Italy,Software,-190643,-213211,-201718
2025-10-01,6,COGS,Direct Labor,Italy,Software,-174071,-196810,-197715
2025-10-01,7,COGS,Cloud & Hosting,Italy,Software,-86737,-98405,-93724
2025-10-01,8,COGS,Support Delivery,Italy,Software,-68649,-73804,-74766
2025-10-01,9,Operating Expenses,Sales,Italy,Software,-139918,-147608,-141882
2025-10-01,10,Operating Expenses,Marketing,Italy,Software,-112414,-123006,-118180
2025-10-01,11,Operating Expenses,Research & Development,Italy,Software,-170958,-180410,-183675
2025-10-01,12,Operating Expenses,General & Administrative,Italy,Software,-100229,-106606,-102000
2025-10-01,13,Operating Expenses,IT & Systems,Italy,Software,-52460,-57403,-54192
2025-10-01,14,Operating Expenses,Facilities & Rent,Italy,Software,-44764,-49203,-47476
2025-10-01,15,Operating Expenses,Depreciation & Amort.,Italy,Software,-42973,-45102,-45403
2025-10-01,16,Other,Interest Income,Italy,Software,9256,9841,9604
2025-10-01,17,Other,Interest Expense,Italy,Software,-21802,-22961,-22846
2025-10-01,18,Other,FX Gain/(Loss),Italy,Software,-11446,-12301,-11657
2025-10-01,19,Other,Other Income/(Expense),Italy,Software,14705,16401,15811
2025-10-01,20,Other,Income Tax,Italy,Software,-66274,-73804,-71989
2025-10-01,1,Revenue,Product Revenue,Italy,Services,381749,414845,403838
2025-10-01,2,Revenue,Subscription Revenue,Italy,Services,280172,311134,298273
2025-10-01,3,Revenue,Service Revenue,Italy,Services,167997,181495,172187
2025-10-01,4,Revenue,Support & Maintenance,Italy,Services,88462,93340,92618
2025-10-01,5,COGS,Direct Materials,Italy,Services,-116666,-127927,-125786
2025-10-01,6,COGS,Direct Labor,Italy,Services,-105844,-118086,-115808
2025-10-01,7,COGS,Cloud & Hosting,Italy,Services,-52260,-59043,-56059
2025-10-01,8,COGS,Support Delivery,Italy,Services,-40857,-44282,-44044
2025-10-01,9,Operating Expenses,Sales,Italy,Services,-83754,-88565,-87255
2025-10-01,10,Operating Expenses,Marketing,Italy,Services,-68646,-73804,-73258
2025-10-01,11,Operating Expenses,Research & Development,Italy,Services,-99962,-108246,-106891
2025-10-01,12,Operating Expenses,General & Administrative,Italy,Services,-59435,-63963,-62733
2025-10-01,13,Operating Expenses,IT & Systems,Italy,Services,-30820,-34442,-33402
2025-10-01,14,Operating Expenses,Facilities & Rent,Italy,Services,-27211,-29522,-28646
2025-10-01,15,Operating Expenses,Depreciation & Amort.,Italy,Services,-25179,-27061,-26175
2025-10-01,16,Other,Interest Income,Italy,Services,5257,5904,5673
2025-10-01,17,Other,Interest Expense,Italy,Services,-12704,-13777,-14021
2025-10-01,18,Other,FX Gain/(Loss),Italy,Services,-6665,-7380,-7272
2025-10-01,19,Other,Other Income/(Expense),Italy,Services,8938,9841,10012
2025-10-01,20,Other,Income Tax,Italy,Services,-40439,-44282,-42326
2025-10-01,1,Revenue,Product Revenue,Italy,Hardware,515694,553127,555246
2025-10-01,2,Revenue,Subscription Revenue,Italy,Hardware,366183,414845,408748
2025-10-01,3,Revenue,Service Revenue,Italy,Hardware,221867,241993,233338
2025-10-01,4,Revenue,Support & Maintenance,Italy,Hardware,116043,124454,122928
2025-10-01,5,COGS,Direct Materials,Italy,Hardware,-156999,-170569,-168947
2025-10-01,6,COGS,Direct Labor,Italy,Hardware,-145776,-157448,-153961
2025-10-01,7,COGS,Cloud & Hosting,Italy,Hardware,-70626,-78724,-78125
2025-10-01,8,COGS,Support Delivery,Italy,Hardware,-52487,-59043,-60099
2025-10-01,9,Operating Expenses,Sales,Italy,Hardware,-108553,-118086,-117473
2025-10-01,10,Operating Expenses,Marketing,Italy,Hardware,-92642,-98405,-98822
2025-10-01,11,Operating Expenses,Research & Development,Italy,Hardware,-130014,-144328,-144249
2025-10-01,12,Operating Expenses,General & Administrative,Italy,Hardware,-76116,-85285,-80545
2025-10-01,13,Operating Expenses,IT & Systems,Italy,Hardware,-43194,-45922,-43838
2025-10-01,14,Operating Expenses,Facilities & Rent,Italy,Hardware,-36597,-39362,-40091
2025-10-01,15,Operating Expenses,Depreciation & Amort.,Italy,Hardware,-34041,-36082,-34153
2025-10-01,16,Other,Interest Income,Italy,Hardware,7180,7872,7922
2025-10-01,17,Other,Interest Expense,Italy,Hardware,-17227,-18369,-18177
2025-10-01,18,Other,FX Gain/(Loss),Italy,Hardware,9147,9841,9281
2025-10-01,19,Other,Other Income/(Expense),Italy,Hardware,-11906,-13121,-12419
2025-10-01,20,Other,Income Tax,Italy,Hardware,-55687,-59043,-55725
2025-10-01,1,Revenue,Product Revenue,United States,Software,1432666,1580364,1491024
2025-10-01,2,Revenue,Subscription Revenue,United States,Software,1130134,1185273,1146561
2025-10-01,3,Revenue,Service Revenue,United States,Software,612266,691409,662910
2025-10-01,4,Revenue,Support & Maintenance,United States,Software,329667,355582,358878
2025-10-01,5,COGS,Direct Materials,United States,Software,-450218,-487340,-468882
2025-10-01,6,COGS,Direct Labor,United States,Software,-398552,-449852,-441655
2025-10-01,7,COGS,Cloud & Hosting,United States,Software,-198473,-224926,-229034
2025-10-01,8,COGS,Support Delivery,United States,Software,-155773,-168695,-169241
2025-10-01,9,Operating Expenses,Sales,United States,Software,-315826,-337389,-331971
2025-10-01,10,Operating Expenses,Marketing,United States,Software,-264947,-281158,-272758
2025-10-01,11,Operating Expenses,Research & Development,United States,Software,-368875,-412365,-415778
2025-10-01,12,Operating Expenses,General & Administrative,United States,Software,-219058,-243670,-242535
2025-10-01,13,Operating Expenses,IT & Systems,United States,Software,-120907,-131207,-130798
2025-10-01,14,Operating Expenses,Facilities & Rent,United States,Software,-99833,-112463,-109970
2025-10-01,15,Operating Expenses,Depreciation & Amort.,United States,Software,-97354,-103091,-100510
2025-10-01,16,Other,Interest Income,United States,Software,21439,22493,22313
2025-10-01,17,Other,Interest Expense,United States,Software,-46935,-52483,-51236
2025-10-01,18,Other,FX Gain/(Loss),United States,Software,26740,28116,27757
2025-10-01,19,Other,Other Income/(Expense),United States,Software,-34542,-37488,-37216
2025-10-01,20,Other,Income Tax,United States,Software,-152020,-168695,-168995
2025-10-01,1,Revenue,Product Revenue,United States,Services,846056,948218,944580
2025-10-01,2,Revenue,Subscription Revenue,United States,Services,655156,711164,696384
2025-10-01,3,Revenue,Service Revenue,United States,Services,378279,414845,405210
2025-10-01,4,Revenue,Support & Maintenance,United States,Services,196040,213349,214857
2025-10-01,5,COGS,Direct Materials,United States,Services,-273170,-292404,-275282
2025-10-01,6,COGS,Direct Labor,United States,Services,-249438,-269911,-260148
2025-10-01,7,COGS,Cloud & Hosting,United States,Services,-121332,-134956,-131937
2025-10-01,8,COGS,Support Delivery,United States,Services,-95552,-101217,-99990
2025-10-01,9,Operating Expenses,Sales,United States,Services,-189798,-202434,-203899
2025-10-01,10,Operating Expenses,Marketing,United States,Services,-148714,-168695,-171580
2025-10-01,11,Operating Expenses,Research & Development,United States,Services,-234913,-247419,-238950
2025-10-01,12,Operating Expenses,General & Administrative,United States,Services,-129687,-146202,-140255
2025-10-01,13,Operating Expenses,IT & Systems,United States,Services,-70744,-78724,-77545
2025-10-01,14,Operating Expenses,Facilities & Rent,United States,Services,-62249,-67478,-66198
2025-10-01,15,Operating Expenses,Depreciation & Amort.,United States,Services,-57279,-61855,-59417
2025-10-01,16,Other,Interest Income,United States,Services,12159,13496,12828
2025-10-01,17,Other,Interest Expense,United States,Services,-28312,-31490,-29959
2025-10-01,18,Other,FX Gain/(Loss),United States,Services,15324,16869,17031
2025-10-01,19,Other,Other Income/(Expense),United States,Services,21352,22493,21732
2025-10-01,20,Other,Income Tax,United States,Services,-91516,-101217,-99134
2025-10-01,1,Revenue,Product Revenue,United States,Hardware,1116620,1264291,1219740
2025-10-01,2,Revenue,Subscription Revenue,United States,Hardware,839138,948218,938176
2025-10-01,3,Revenue,Service Revenue,United States,Hardware,521776,553127,555741
2025-10-01,4,Revenue,Support & Maintenance,United States,Hardware,255540,284465,285008
2025-10-01,5,COGS,Direct Materials,United States,Hardware,-354855,-389872,-366967
2025-10-01,6,COGS,Direct Labor,United States,Hardware,-317403,-359882,-355505
2025-10-01,7,COGS,Cloud & Hosting,United States,Hardware,-165867,-179941,-169602
2025-10-01,8,COGS,Support Delivery,United States,Hardware,-127328,-134956,-132014
2025-10-01,9,Operating Expenses,Sales,United States,Hardware,-253447,-269911,-267978
2025-10-01,10,Operating Expenses,Marketing,United States,Hardware,-199884,-224926,-225696
2025-10-01,11,Operating Expenses,Research & Development,United States,Hardware,-302011,-329892,-310502
2025-10-01,12,Operating Expenses,General & Administrative,United States,Hardware,-171760,-194936,-196691
2025-10-01,13,Operating Expenses,IT & Systems,United States,Hardware,-95207,-104966,-98939
2025-10-01,14,Operating Expenses,Facilities & Rent,United States,Hardware,-79478,-89970,-90034
2025-10-01,15,Operating Expenses,Depreciation & Amort.,United States,Hardware,-72794,-82473,-82697
2025-10-01,16,Other,Interest Income,United States,Hardware,15969,17994,17703
2025-10-01,17,Other,Interest Expense,United States,Hardware,-39867,-41986,-41515
2025-10-01,18,Other,FX Gain/(Loss),United States,Hardware,-21112,-22493,-22355
2025-10-01,19,Other,Other Income/(Expense),United States,Hardware,27190,29990,28568
2025-10-01,20,Other,Income Tax,United States,Hardware,-120996,-134956,-133744
2025-10-01,1,Revenue,Product Revenue,Nordics,Software,448688,493864,476524
2025-10-01,2,Revenue,Subscription Revenue,Nordics,Software,337552,370398,364443
2025-10-01,3,Revenue,Service Revenue,Nordics,Software,193929,216065,217197
2025-10-01,4,Revenue,Support & Maintenance,Nordics,Software,101847,111119,105313
2025-10-01,5,COGS,Direct Materials,Nordics,Software,-143576,-152294,-145174
2025-10-01,6,COGS,Direct Labor,Nordics,Software,-134010,-140579,-142712
2025-10-01,7,COGS,Cloud & Hosting,Nordics,Software,-67047,-70289,-66738
2025-10-01,8,COGS,Support Delivery,Nordics,Software,-48476,-52717,-52026
2025-10-01,9,Operating Expenses,Sales,Nordics,Software,-93287,-105434,-101538
2025-10-01,10,Operating Expenses,Marketing,Nordics,Software,-78116,-87862,-89015
2025-10-01,11,Operating Expenses,Research & Development,Nordics,Software,-120865,-128864,-130207
2025-10-01,12,Operating Expenses,General & Administrative,Nordics,Software,-68656,-76147,-71861
2025-10-01,13,Operating Expenses,IT & Systems,Nordics,Software,-37787,-41002,-39499
2025-10-01,14,Operating Expenses,Facilities & Rent,Nordics,Software,-33162,-35145,-34430
2025-10-01,15,Operating Expenses,Depreciation & Amort.,Nordics,Software,-28616,-32216,-32253
2025-10-01,16,Other,Interest Income,Nordics,Software,6366,7029,7001
2025-10-01,17,Other,Interest Expense,Nordics,Software,-14508,-16401,-16324
2025-10-01,18,Other,FX Gain/(Loss),Nordics,Software,7979,8786,8487
2025-10-01,19,Other,Other Income/(Expense),Nordics,Software,-10974,-11715,-11037
2025-10-01,20,Other,Income Tax,Nordics,Software,-47947,-52717,-51729
2025-10-01,1,Revenue,Product Revenue,Nordics,Services,282478,296318,285319
2025-10-01,2,Revenue,Subscription Revenue,Nordics,Services,207108,222239,222906
2025-10-01,3,Revenue,Service Revenue,Nordics,Services,122914,129639,131618
2025-10-01,4,Revenue,Support & Maintenance,Nordics,Services,59676,66672,66604
2025-10-01,5,COGS,Direct Materials,Nordics,Services,-81348,-91376,-88016
2025-10-01,6,COGS,Direct Labor,Nordics,Services,-79246,-84347,-79546
2025-10-01,7,COGS,Cloud & Hosting,Nordics,Services,-39617,-42174,-40895
2025-10-01,8,COGS,Support Delivery,Nordics,Services,-30103,-31630,-31299
2025-10-01,9,Operating Expenses,Sales,Nordics,Services,-59011,-63260,-63632
2025-10-01,10,Operating Expenses,Marketing,Nordics,Services,-46807,-52717,-52517
2025-10-01,11,Operating Expenses,Research & Development,Nordics,Services,-69700,-77318,-76813
2025-10-01,12,Operating Expenses,General & Administrative,Nordics,Services,-41949,-45688,-45705
2025-10-01,13,Operating Expenses,IT & Systems,Nordics,Services,-23306,-24601,-23820
2025-10-01,14,Operating Expenses,Facilities & Rent,Nordics,Services,-19999,-21087,-21014
2025-10-01,15,Operating Expenses,Depreciation & Amort.,Nordics,Services,-18134,-19330,-19608
2025-10-01,16,Other,Interest Income,Nordics,Services,4022,4217,4166
2025-10-01,17,Other,Interest Expense,Nordics,Services,-8888,-9841,-9752
2025-10-01,18,Other,FX Gain/(Loss),Nordics,Services,4805,5272,5074
2025-10-01,19,Other,Other Income/(Expense),Nordics,Services,-6590,-7029,-6893
2025-10-01,20,Other,Income Tax,Nordics,Services,-28763,-31630,-32149
2025-10-01,1,Revenue,Product Revenue,Nordics,Hardware,376365,395091,379969
2025-10-01,2,Revenue,Subscription Revenue,Nordics,Hardware,276686,296318,282169
2025-10-01,3,Revenue,Service Revenue,Nordics,Hardware,164509,172852,175501
2025-10-01,4,Revenue,Support & Maintenance,Nordics,Hardware,80365,88895,86605
2025-10-01,5,COGS,Direct Materials,Nordics,Hardware,-115846,-121835,-119870
2025-10-01,6,COGS,Direct Labor,Nordics,Hardware,-105140,-112463,-114229
2025-10-01,7,COGS,Cloud & Hosting,Nordics,Hardware,-53342,-56232,-57163
2025-10-01,8,COGS,Support Delivery,Nordics,Hardware,-40184,-42174,-42997
2025-10-01,9,Operating Expenses,Sales,Nordics,Hardware,-78723,-84347,-81421
2025-10-01,10,Operating Expenses,Marketing,Nordics,Hardware,-65029,-70289,-67786
2025-10-01,11,Operating Expenses,Research & Development,Nordics,Hardware,-94613,-103091,-104949
2025-10-01,12,Operating Expenses,General & Administrative,Nordics,Hardware,-56106,-60918,-62052
2025-10-01,13,Operating Expenses,IT & Systems,Nordics,Hardware,-29698,-32802,-31777
2025-10-01,14,Operating Expenses,Facilities & Rent,Nordics,Hardware,-25971,-28116,-28436
2025-10-01,15,Operating Expenses,Depreciation & Amort.,Nordics,Hardware,-22819,-25773,-24556
2025-10-01,16,Other,Interest Income,Nordics,Hardware,5261,5623,5634
2025-10-01,17,Other,Interest Expense,Nordics,Hardware,-11704,-13121,-13035
2025-10-01,18,Other,FX Gain/(Loss),Nordics,Hardware,6443,7029,6826
2025-10-01,19,Other,Other Income/(Expense),Nordics,Hardware,-8441,-9372,-9084
2025-10-01,20,Other,Income Tax,Nordics,Hardware,-37798,-42174,-42886
2025-11-01,1,Revenue,Product Revenue,France,Software,967137,1043706,1029066
2025-11-01,2,Revenue,Subscription Revenue,France,Software,743408,782779,754380
2025-11-01,3,Revenue,Service Revenue,France,Software,423488,456621,430228
2025-11-01,4,Revenue,Support & Maintenance,France,Software,220821,234834,228913
2025-11-01,5,COGS,Direct Materials,France,Software,-291236,-310606,-312819
2025-11-01,6,COGS,Direct Labor,France,Software,-266646,-286713,-273454
2025-11-01,7,COGS,Cloud & Hosting,France,Software,-129122,-143357,-140125
2025-11-01,8,COGS,Support Delivery,France,Software,-102639,-107517,-109373
2025-11-01,9,Operating Expenses,Sales,France,Software,-189673,-215035,-206421
2025-11-01,10,Operating Expenses,Marketing,France,Software,-158555,-179196,-168660
2025-11-01,11,Operating Expenses,Research & Development,France,Software,-250366,-262820,-259353
2025-11-01,12,Operating Expenses,General & Administrative,France,Software,-146519,-155303,-157281
2025-11-01,13,Operating Expenses,IT & Systems,France,Software,-76345,-83625,-83019
2025-11-01,14,Operating Expenses,Facilities & Rent,France,Software,-66836,-71678,-72727
2025-11-01,15,Operating Expenses,Depreciation & Amort.,France,Software,-61046,-65705,-66459
2025-11-01,16,Other,Interest Income,France,Software,13616,14336,13509
2025-11-01,17,Other,Interest Expense,France,Software,-30991,-33450,-31744
2025-11-01,18,Other,FX Gain/(Loss),France,Software,16606,17920,18160
2025-11-01,19,Other,Other Income/(Expense),France,Software,21091,23893,24207
2025-11-01,20,Other,Income Tax,France,Software,-100149,-107517,-108096
2025-11-01,1,Revenue,Product Revenue,France,Services,582969,626223,627430
2025-11-01,2,Revenue,Subscription Revenue,France,Services,440513,469668,446122
2025-11-01,3,Revenue,Service Revenue,France,Services,255765,273973,260232
2025-11-01,4,Revenue,Support & Maintenance,France,Services,127481,140900,132972
2025-11-01,5,COGS,Direct Materials,France,Services,-173642,-186364,-178499
2025-11-01,6,COGS,Direct Labor,France,Services,-155566,-172028,-168684
2025-11-01,7,COGS,Cloud & Hosting,France,Services,-79567,-86014,-87028
2025-11-01,8,COGS,Support Delivery,France,Services,-60226,-64510,-62829
2025-11-01,9,Operating Expenses,Sales,France,Services,-119116,-129021,-128256
2025-11-01,10,Operating Expenses,Marketing,France,Services,-96584,-107517,-104704
2025-11-01,11,Operating Expenses,Research & Development,France,Services,-146208,-157692,-156913
2025-11-01,12,Operating Expenses,General & Administrative,France,Services,-86715,-93182,-90557
2025-11-01,13,Operating Expenses,IT & Systems,France,Services,-47875,-50175,-49142
2025-11-01,14,Operating Expenses,Facilities & Rent,France,Services,-39980,-43007,-41730
2025-11-01,15,Operating Expenses,Depreciation & Amort.,France,Services,-35223,-39423,-38334
2025-11-01,16,Other,Interest Income,France,Services,7926,8601,8169
2025-11-01,17,Other,Interest Expense,France,Services,-18398,-20070,-19714
2025-11-01,18,Other,FX Gain/(Loss),France,Services,-9893,-10752,-10682
2025-11-01,19,Other,Other Income/(Expense),France,Services,13437,14336,14081
2025-11-01,20,Other,Income Tax,France,Services,-59132,-64510,-62862
2025-11-01,1,Revenue,Product Revenue,France,Hardware,780940,834965,791665
2025-11-01,2,Revenue,Subscription Revenue,France,Hardware,570831,626223,617222
2025-11-01,3,Revenue,Service Revenue,France,Hardware,346276,365297,347548
2025-11-01,4,Revenue,Support & Maintenance,France,Hardware,169590,187867,183345
2025-11-01,5,COGS,Direct Materials,France,Hardware,-221048,-248485,-249467
2025-11-01,6,COGS,Direct Labor,France,Hardware,-209817,-229370,-232801
2025-11-01,7,COGS,Cloud & Hosting,France,Hardware,-105969,-114685,-114316
2025-11-01,8,COGS,Support Delivery,France,Hardware,-76792,-86014,-81505
2025-11-01,9,Operating Expenses,Sales,France,Hardware,-161747,-172028,-169293
2025-11-01,10,Operating Expenses,Marketing,France,Hardware,-128255,-143357,-136824
2025-11-01,11,Operating Expenses,Research & Development,France,Hardware,-194053,-210256,-201782
2025-11-01,12,Operating Expenses,General & Administrative,France,Hardware,-113496,-124242,-125671
2025-11-01,13,Operating Expenses,IT & Systems,France,Hardware,-60518,-66900,-67577
2025-11-01,14,Operating Expenses,Facilities & Rent,France,Hardware,-54612,-57343,-55335
2025-11-01,15,Operating Expenses,Depreciation & Amort.,France,Hardware,-48174,-52564,-49937
2025-11-01,16,Other,Interest Income,France,Hardware,10213,11469,11343
2025-11-01,17,Other,Interest Expense,France,Hardware,-24268,-26760,-25575
2025-11-01,18,Other,FX Gain/(Loss),France,Hardware,-12639,-14336,-13640
2025-11-01,19,Other,Other Income/(Expense),France,Hardware,18225,19114,18590
2025-11-01,20,Other,Income Tax,France,Hardware,-77004,-86014,-87056
2025-11-01,1,Revenue,Product Revenue,Germany,Software,1104372,1252447,1219844
2025-11-01,2,Revenue,Subscription Revenue,Germany,Software,869164,939335,944140
2025-11-01,3,Revenue,Service Revenue,Germany,Software,521602,547945,518641
2025-11-01,4,Revenue,Support & Maintenance,Germany,Software,255554,281801,281727
2025-11-01,5,COGS,Direct Materials,Germany,Software,-332751,-372727,-352353
2025-11-01,6,COGS,Direct Labor,Germany,Software,-318223,-344056,-339951
2025-11-01,7,COGS,Cloud & Hosting,Germany,Software,-161510,-172028,-171910
2025-11-01,8,COGS,Support Delivery,Germany,Software,-119945,-129021,-123544
2025-11-01,9,Operating Expenses,Sales,Germany,Software,-227611,-258042,-261404
2025-11-01,10,Operating Expenses,Marketing,Germany,Software,-199569,-215035,-204884
2025-11-01,11,Operating Expenses,Research & Development,Germany,Software,-297591,-315384,-301788
2025-11-01,12,Operating Expenses,General & Administrative,Germany,Software,-174637,-186364,-176075
2025-11-01,13,Operating Expenses,IT & Systems,Germany,Software,-92517,-100350,-97802
2025-11-01,14,Operating Expenses,Facilities & Rent,Germany,Software,-77660,-86014,-81448
2025-11-01,15,Operating Expenses,Depreciation & Amort.,Germany,Software,-72854,-78846,-75168
2025-11-01,16,Other,Interest Income,Germany,Software,15618,17203,17445
2025-11-01,17,Other,Interest Expense,Germany,Software,-36166,-40140,-38024
2025-11-01,18,Other,FX Gain/(Loss),Germany,Software,-20052,-21503,-20632
2025-11-01,19,Other,Other Income/(Expense),Germany,Software,-26580,-28671,-27879
2025-11-01,20,Other,Income Tax,Germany,Software,-117875,-129021,-130641
2025-11-01,1,Revenue,Product Revenue,Germany,Services,686137,751468,713054
2025-11-01,2,Revenue,Subscription Revenue,Germany,Services,535967,563601,542362
2025-11-01,3,Revenue,Service Revenue,Germany,Services,294799,328767,309525
2025-11-01,4,Revenue,Support & Maintenance,Germany,Services,156783,169080,159408
2025-11-01,5,COGS,Direct Materials,Germany,Services,-205291,-223636,-224521
2025-11-01,6,COGS,Direct Labor,Germany,Services,-195100,-206433,-197978
2025-11-01,7,COGS,Cloud & Hosting,Germany,Services,-97466,-103217,-98616
2025-11-01,8,COGS,Support Delivery,Germany,Services,-73203,-77413,-78546
2025-11-01,9,Operating Expenses,Sales,Germany,Services,-147490,-154825,-147062
2025-11-01,10,Operating Expenses,Marketing,Germany,Services,-114749,-129021,-124838
2025-11-01,11,Operating Expenses,Research & Development,Germany,Services,-174462,-189231,-187009
2025-11-01,12,Operating Expenses,General & Administrative,Germany,Services,-101865,-111818,-107623
2025-11-01,13,Operating Expenses,IT & Systems,Germany,Services,-53859,-60210,-57637
2025-11-01,14,Operating Expenses,Facilities & Rent,Germany,Services,-47454,-51608,-51993
2025-11-01,15,Operating Expenses,Depreciation & Amort.,Germany,Services,-44663,-47308,-46449
2025-11-01,16,Other,Interest Income,Germany,Services,9650,10322,10207
2025-11-01,17,Other,Interest Expense,Germany,Services,-21413,-24084,-23565
2025-11-01,18,Other,FX Gain/(Loss),Germany,Services,11668,12902,12208
2025-11-01,19,Other,Other Income/(Expense),Germany,Services,15916,17203,17482
2025-11-01,20,Other,Income Tax,Germany,Services,-69428,-77413,-76408
2025-11-01,1,Revenue,Product Revenue,Germany,Hardware,912038,1001957,959778
2025-11-01,2,Revenue,Subscription Revenue,Germany,Hardware,688862,751468,708766
2025-11-01,3,Revenue,Service Revenue,Germany,Hardware,408198,438356,426772
2025-11-01,4,Revenue,Support & Maintenance,Germany,Hardware,201230,225440,218099
2025-11-01,5,COGS,Direct Materials,Germany,Hardware,-266220,-298182,-300277
2025-11-01,6,COGS,Direct Labor,Germany,Hardware,-255056,-275245,-263468
2025-11-01,7,COGS,Cloud & Hosting,Germany,Hardware,-131058,-137622,-138323
2025-11-01,8,COGS,Support Delivery,Germany,Hardware,-91063,-103217,-100987
2025-11-01,9,Operating Expenses,Sales,Germany,Hardware,-194726,-206433,-196930
2025-11-01,10,Operating Expenses,Marketing,Germany,Hardware,-152564,-172028,-163095
2025-11-01,11,Operating Expenses,Research & Development,Germany,Hardware,-225064,-252308,-253724
2025-11-01,12,Operating Expenses,General & Administrative,Germany,Hardware,-131407,-149091,-143878
2025-11-01,13,Operating Expenses,IT & Systems,Germany,Hardware,-71722,-80280,-77987
2025-11-01,14,Operating Expenses,Facilities & Rent,Germany,Hardware,-62748,-68811,-66983
2025-11-01,15,Operating Expenses,Depreciation & Amort.,Germany,Hardware,-58914,-63077,-59944
2025-11-01,16,Other,Interest Income,Germany,Hardware,12866,13762,13110
2025-11-01,17,Other,Interest Expense,Germany,Hardware,-28691,-32112,-30463
2025-11-01,18,Other,FX Gain/(Loss),Germany,Hardware,16416,17203,17119
2025-11-01,19,Other,Other Income/(Expense),Germany,Hardware,-20537,-22937,-22897
2025-11-01,20,Other,Income Tax,Germany,Hardware,-92449,-103217,-101366
2025-11-01,1,Revenue,Product Revenue,United Kingdom,Software,853337,939335,897140
2025-11-01,2,Revenue,Subscription Revenue,United Kingdom,Software,642900,704501,694640
2025-11-01,3,Revenue,Service Revenue,United Kingdom,Software,385950,410959,394452
2025-11-01,4,Revenue,Support & Maintenance,United Kingdom,Software,196633,211350,212170
2025-11-01,5,COGS,Direct Materials,United Kingdom,Software,-254081,-279545,-264092
2025-11-01,6,COGS,Direct Labor,United Kingdom,Software,-233903,-258042,-244855
2025-11-01,7,COGS,Cloud & Hosting,United Kingdom,Software,-122999,-129021,-126176
2025-11-01,8,COGS,Support Delivery,United Kingdom,Software,-86669,-96766,-92571
2025-11-01,9,Operating Expenses,Sales,United Kingdom,Software,-179691,-193531,-185180
2025-11-01,10,Operating Expenses,Marketing,United Kingdom,Software,-149419,-161276,-152812
2025-11-01,11,Operating Expenses,Research & Development,United Kingdom,Software,-218225,-236538,-231123
2025-11-01,12,Operating Expenses,General & Administrative,United Kingdom,Software,-129128,-139773,-134697
2025-11-01,13,Operating Expenses,IT & Systems,United Kingdom,Software,-66536,-75262,-76360
2025-11-01,14,Operating Expenses,Facilities & Rent,United Kingdom,Software,-61369,-64510,-62982
2025-11-01,15,Operating Expenses,Depreciation & Amort.,United Kingdom,Software,-52871,-59135,-57979
2025-11-01,16,Other,Interest Income,United Kingdom,Software,11411,12902,12701
2025-11-01,17,Other,Interest Expense,United Kingdom,Software,-28161,-30105,-28534
2025-11-01,18,Other,FX Gain/(Loss),United Kingdom,Software,-14551,-16128,-16258
2025-11-01,19,Other,Other Income/(Expense),United Kingdom,Software,-19610,-21503,-21121
2025-11-01,20,Other,Income Tax,United Kingdom,Software,-87929,-96766,-92111
2025-11-01,1,Revenue,Product Revenue,United Kingdom,Services,501304,563601,534428
2025-11-01,2,Revenue,Subscription Revenue,United Kingdom,Services,387668,422701,409770
2025-11-01,3,Revenue,Service Revenue,United Kingdom,Services,229927,246575,244361
2025-11-01,4,Revenue,Support & Maintenance,United Kingdom,Services,119625,126810,125203
2025-11-01,5,COGS,Direct Materials,United Kingdom,Services,-156566,-167727,-166139
2025-11-01,6,COGS,Direct Labor,United Kingdom,Services,-136991,-154825,-148727
2025-11-01,7,COGS,Cloud & Hosting,United Kingdom,Services,-68930,-77413,-73871
2025-11-01,8,COGS,Support Delivery,United Kingdom,Services,-52440,-58059,-59129
2025-11-01,9,Operating Expenses,Sales,United Kingdom,Services,-109494,-116119,-111509
2025-11-01,10,Operating Expenses,Marketing,United Kingdom,Services,-85757,-96766,-96760
2025-11-01,11,Operating Expenses,Research & Development,United Kingdom,Services,-128073,-141923,-138308
2025-11-01,12,Operating Expenses,General & Administrative,United Kingdom,Services,-79163,-83864,-80777
2025-11-01,13,Operating Expenses,IT & Systems,United Kingdom,Services,-40180,-45157,-42677
2025-11-01,14,Operating Expenses,Facilities & Rent,United Kingdom,Services,-34284,-38706,-37476
2025-11-01,15,Operating Expenses,Depreciation & Amort.,United Kingdom,Services,-33026,-35481,-33681
2025-11-01,16,Other,Interest Income,United Kingdom,Services,7268,7741,7745
2025-11-01,17,Other,Interest Expense,United Kingdom,Services,-16077,-18063,-17274
2025-11-01,18,Other,FX Gain/(Loss),United Kingdom,Services,-8850,-9677,-9319
2025-11-01,19,Other,Other Income/(Expense),United Kingdom,Services,-12253,-12902,-12172
2025-11-01,20,Other,Income Tax,United Kingdom,Services,-54505,-58059,-56759
2025-11-01,1,Revenue,Product Revenue,United Kingdom,Hardware,689722,751468,746200
2025-11-01,2,Revenue,Subscription Revenue,United Kingdom,Hardware,515559,563601,556047
2025-11-01,3,Revenue,Service Revenue,United Kingdom,Hardware,300586,328767,329149
2025-11-01,4,Revenue,Support & Maintenance,United Kingdom,Hardware,150397,169080,165246
2025-11-01,5,COGS,Direct Materials,United Kingdom,Hardware,-198009,-223636,-227033
2025-11-01,6,COGS,Direct Labor,United Kingdom,Hardware,-188996,-206433,-208034
2025-11-01,7,COGS,Cloud & Hosting,United Kingdom,Hardware,-96680,-103217,-97456
2025-11-01,8,COGS,Support Delivery,United Kingdom,Hardware,-68770,-77413,-78106
2025-11-01,9,Operating Expenses,Sales,United Kingdom,Hardware,-147455,-154825,-153322
2025-11-01,10,Operating Expenses,Marketing,United Kingdom,Hardware,-115859,-129021,-130608
2025-11-01,11,Operating Expenses,Research & Development,United Kingdom,Hardware,-174612,-189231,-188857
2025-11-01,12,Operating Expenses,General & Administrative,United Kingdom,Hardware,-100313,-111818,-113809
2025-11-01,13,Operating Expenses,IT & Systems,United Kingdom,Hardware,-53721,-60210,-60533
2025-11-01,14,Operating Expenses,Facilities & Rent,United Kingdom,Hardware,-45612,-51608,-52360
2025-11-01,15,Operating Expenses,Depreciation & Amort.,United Kingdom,Hardware,-42565,-47308,-47161
2025-11-01,16,Other,Interest Income,United Kingdom,Hardware,9375,10322,9954
2025-11-01,17,Other,Interest Expense,United Kingdom,Hardware,-22064,-24084,-23039
2025-11-01,18,Other,FX Gain/(Loss),United Kingdom,Hardware,-11988,-12902,-12755
2025-11-01,19,Other,Other Income/(Expense),United Kingdom,Hardware,-16254,-17203,-16228
2025-11-01,20,Other,Income Tax,United Kingdom,Hardware,-71717,-77413,-76650
2025-11-01,1,Revenue,Product Revenue,Spain,Software,575457,626223,597716
2025-11-01,2,Revenue,Subscription Revenue,Spain,Software,442153,469668,478161
2025-11-01,3,Revenue,Service Revenue,Spain,Software,258876,273973,267343
2025-11-01,4,Revenue,Support & Maintenance,Spain,Software,127847,140900,140583
2025-11-01,5,COGS,Direct Materials,Spain,Software,-165566,-186364,-179139
2025-11-01,6,COGS,Direct Labor,Spain,Software,-153664,-172028,-167105
2025-11-01,7,COGS,Cloud & Hosting,Spain,Software,-79190,-86014,-82760
2025-11-01,8,COGS,Support Delivery,Spain,Software,-59337,-64510,-63567
2025-11-01,9,Operating Expenses,Sales,Spain,Software,-115920,-129021,-129707
2025-11-01,10,Operating Expenses,Marketing,Spain,Software,-100050,-107517,-105224
2025-11-01,11,Operating Expenses,Research & Development,Spain,Software,-144167,-157692,-149210
2025-11-01,12,Operating Expenses,General & Administrative,Spain,Software,-88809,-93182,-92295
2025-11-01,13,Operating Expenses,IT & Systems,Spain,Software,-47903,-50175,-50122
2025-11-01,14,Operating Expenses,Facilities & Rent,Spain,Software,-40040,-43007,-43246
2025-11-01,15,Operating Expenses,Depreciation & Amort.,Spain,Software,-36152,-39423,-39659
2025-11-01,16,Other,Interest Income,Spain,Software,7844,8601,8522
2025-11-01,17,Other,Interest Expense,Spain,Software,-17837,-20070,-19457
2025-11-01,18,Other,FX Gain/(Loss),Spain,Software,9605,10752,10685
2025-11-01,19,Other,Other Income/(Expense),Spain,Software,-12750,-14336,-13503
2025-11-01,20,Other,Income Tax,Spain,Software,-57883,-64510,-61701
2025-11-01,1,Revenue,Product Revenue,Spain,Services,332088,375734,380492
2025-11-01,2,Revenue,Subscription Revenue,Spain,Services,263563,281801,284643
2025-11-01,3,Revenue,Service Revenue,Spain,Services,150779,164384,159873
2025-11-01,4,Revenue,Support & Maintenance,Spain,Services,78186,84540,83093
2025-11-01,5,COGS,Direct Materials,Spain,Services,-104842,-111818,-106177
2025-11-01,6,COGS,Direct Labor,Spain,Services,-95641,-103217,-100372
2025-11-01,7,COGS,Cloud & Hosting,Spain,Services,-48650,-51608,-50739
2025-11-01,8,COGS,Support Delivery,Spain,Services,-34196,-38706,-37910
2025-11-01,9,Operating Expenses,Sales,Spain,Services,-71034,-77413,-73709
2025-11-01,10,Operating Expenses,Marketing,Spain,Services,-59087,-64510,-63658
2025-11-01,11,Operating Expenses,Research & Development,Spain,Services,-90304,-94615,-90559
2025-11-01,12,Operating Expenses,General & Administrative,Spain,Services,-50842,-55909,-56246
2025-11-01,13,Operating Expenses,IT & Systems,Spain,Services,-28654,-30105,-30437
2025-11-01,14,Operating Expenses,Facilities & Rent,Spain,Services,-23941,-25804,-24572
2025-11-01,15,Operating Expenses,Depreciation & Amort.,Spain,Services,-21968,-23654,-22619
2025-11-01,16,Other,Interest Income,Spain,Services,4672,5161,5020
2025-11-01,17,Other,Interest Expense,Spain,Services,-11210,-12042,-11684
2025-11-01,18,Other,FX Gain/(Loss),Spain,Services,-5914,-6451,-6101
2025-11-01,19,Other,Other Income/(Expense),Spain,Services,8094,8601,8121
2025-11-01,20,Other,Income Tax,Spain,Services,-36408,-38706,-38158
2025-11-01,1,Revenue,Product Revenue,Spain,Hardware,456210,500979,497896
2025-11-01,2,Revenue,Subscription Revenue,Spain,Hardware,353402,375734,360714
2025-11-01,3,Revenue,Service Revenue,Spain,Hardware,207610,219178,211646
2025-11-01,4,Revenue,Support & Maintenance,Spain,Hardware,99345,112720,109322
2025-11-01,5,COGS,Direct Materials,Spain,Hardware,-134122,-149091,-142019
2025-11-01,6,COGS,Direct Labor,Spain,Hardware,-128656,-137622,-139296
2025-11-01,7,COGS,Cloud & Hosting,Spain,Hardware,-62556,-68811,-66649
2025-11-01,8,COGS,Support Delivery,Spain,Hardware,-47149,-51608,-51421
2025-11-01,9,Operating Expenses,Sales,Spain,Hardware,-92921,-103217,-99746
2025-11-01,10,Operating Expenses,Marketing,Spain,Hardware,-77452,-86014,-85322
2025-11-01,11,Operating Expenses,Research & Development,Spain,Hardware,-114777,-126154,-122014
2025-11-01,12,Operating Expenses,General & Administrative,Spain,Hardware,-71145,-74545,-74098
2025-11-01,13,Operating Expenses,IT & Systems,Spain,Hardware,-35567,-40140,-39212
2025-11-01,14,Operating Expenses,Facilities & Rent,Spain,Hardware,-31338,-34406,-34051
2025-11-01,15,Operating Expenses,Depreciation & Amort.,Spain,Hardware,-28727,-31538,-31799
2025-11-01,16,Other,Interest Income,Spain,Hardware,6313,6881,6802
2025-11-01,17,Other,Interest Expense,Spain,Hardware,-15076,-16056,-15301
2025-11-01,18,Other,FX Gain/(Loss),Spain,Hardware,-7937,-8601,-8185
2025-11-01,19,Other,Other Income/(Expense),Spain,Hardware,-10242,-11469,-10995
2025-11-01,20,Other,Income Tax,Spain,Hardware,-46032,-51608,-52150
2025-11-01,1,Revenue,Product Revenue,Italy,Software,649068,730594,689189
2025-11-01,2,Revenue,Subscription Revenue,Italy,Software,498153,547945,536451
2025-11-01,3,Revenue,Service Revenue,Italy,Software,293824,319635,320888
2025-11-01,4,Revenue,Support & Maintenance,Italy,Software,153208,164384,164739
2025-11-01,5,COGS,Direct Materials,Italy,Software,-201235,-217424,-212130
2025-11-01,6,COGS,Direct Labor,Italy,Software,-187900,-200699,-192192
2025-11-01,7,COGS,Cloud & Hosting,Italy,Software,-93631,-100350,-98087
2025-11-01,8,COGS,Support Delivery,Italy,Software,-70974,-75262,-73297
2025-11-01,9,Operating Expenses,Sales,Italy,Software,-137243,-150524,-145947
2025-11-01,10,Operating Expenses,Marketing,Italy,Software,-119485,-125437,-122463
2025-11-01,11,Operating Expenses,Research & Development,Italy,Software,-173645,-183974,-179578
2025-11-01,12,Operating Expenses,General & Administrative,Italy,Software,-101001,-108712,-110618
2025-11-01,13,Operating Expenses,IT & Systems,Italy,Software,-52572,-58537,-57433
2025-11-01,14,Operating Expenses,Facilities & Rent,Italy,Software,-44724,-50175,-48447
2025-11-01,15,Operating Expenses,Depreciation & Amort.,Italy,Software,-43560,-45994,-46647
2025-11-01,16,Other,Interest Income,Italy,Software,9199,10035,9949
2025-11-01,17,Other,Interest Expense,Italy,Software,-20721,-23415,-22444
2025-11-01,18,Other,FX Gain/(Loss),Italy,Software,-11434,-12544,-12514
2025-11-01,19,Other,Other Income/(Expense),Italy,Software,-15832,-16725,-17029
2025-11-01,20,Other,Income Tax,Italy,Software,-68582,-75262,-71148
2025-11-01,1,Revenue,Product Revenue,Italy,Services,398393,438356,437518
2025-11-01,2,Revenue,Subscription Revenue,Italy,Services,305032,328767,326688
2025-11-01,3,Revenue,Service Revenue,Italy,Services,174914,191781,189989
2025-11-01,4,Revenue,Support & Maintenance,Italy,Services,87925,98630,96231
2025-11-01,5,COGS,Direct Materials,Italy,Services,-117186,-130454,-123960
2025-11-01,6,COGS,Direct Labor,Italy,Services,-114822,-120420,-118686
2025-11-01,7,COGS,Cloud & Hosting,Italy,Services,-55825,-60210,-61126
2025-11-01,8,COGS,Support Delivery,Italy,Services,-42409,-45157,-42626
2025-11-01,9,Operating Expenses,Sales,Italy,Services,-81163,-90315,-88613
2025-11-01,10,Operating Expenses,Marketing,Italy,Services,-70749,-75262,-71732
2025-11-01,11,Operating Expenses,Research & Development,Italy,Services,-102334,-110385,-107779
2025-11-01,12,Operating Expenses,General & Administrative,Italy,Services,-60898,-65227,-66272
2025-11-01,13,Operating Expenses,IT & Systems,Italy,Services,-33200,-35122,-35362
2025-11-01,14,Operating Expenses,Facilities & Rent,Italy,Services,-27463,-30105,-28898
2025-11-01,15,Operating Expenses,Depreciation & Amort.,Italy,Services,-25054,-27596,-27454
2025-11-01,16,Other,Interest Income,Italy,Services,5595,6021,5789
2025-11-01,17,Other,Interest Expense,Italy,Services,-12653,-14049,-13956
2025-11-01,18,Other,FX Gain/(Loss),Italy,Services,-6911,-7526,-7385
2025-11-01,19,Other,Other Income/(Expense),Italy,Services,9514,10035,9530
2025-11-01,20,Other,Income Tax,Italy,Services,-40919,-45157,-44029
2025-11-01,1,Revenue,Product Revenue,Italy,Hardware,549024,584475,587007
2025-11-01,2,Revenue,Subscription Revenue,Italy,Hardware,418328,438356,426772
2025-11-01,3,Revenue,Service Revenue,Italy,Hardware,240474,255708,249130
2025-11-01,4,Revenue,Support & Maintenance,Italy,Hardware,116587,131507,126321
2025-11-01,5,COGS,Direct Materials,Italy,Hardware,-163234,-173939,-172751
2025-11-01,6,COGS,Direct Labor,Italy,Hardware,-145600,-160559,-151756
2025-11-01,7,COGS,Cloud & Hosting,Italy,Hardware,-73565,-80280,-79539
2025-11-01,8,COGS,Support Delivery,Italy,Hardware,-56977,-60210,-58716
2025-11-01,9,Operating Expenses,Sales,Italy,Hardware,-110903,-120420,-122716
2025-11-01,10,Operating Expenses,Marketing,Italy,Hardware,-93186,-100350,-94796
2025-11-01,11,Operating Expenses,Research & Development,Italy,Hardware,-131600,-147179,-148579
2025-11-01,12,Operating Expenses,General & Administrative,Italy,Hardware,-77820,-86970,-82143
2025-11-01,13,Operating Expenses,IT & Systems,Italy,Hardware,-41351,-46830,-44265
2025-11-01,14,Operating Expenses,Facilities & Rent,Italy,Hardware,-38230,-40140,-38958
2025-11-01,15,Operating Expenses,Depreciation & Amort.,Italy,Hardware,-32820,-36795,-34919
2025-11-01,16,Other,Interest Income,Italy,Hardware,7202,8028,7605
2025-11-01,17,Other,Interest Expense,Italy,Hardware,-17841,-18732,-18161
2025-11-01,18,Other,FX Gain/(Loss),Italy,Hardware,-9156,-10035,-10209
2025-11-01,19,Other,Other Income/(Expense),Italy,Hardware,12117,13380,13301
2025-11-01,20,Other,Income Tax,Italy,Hardware,-53672,-60210,-60513
2025-11-01,1,Revenue,Product Revenue,United States,Software,1473309,1669929,1665608
2025-11-01,2,Revenue,Subscription Revenue,United States,Software,1142877,1252447,1223122
2025-11-01,3,Revenue,Service Revenue,United States,Software,654813,730594,712772
2025-11-01,4,Revenue,Support & Maintenance,United States,Software,351018,375734,378360
2025-11-01,5,COGS,Direct Materials,United States,Software,-469341,-496969,-495427
2025-11-01,6,COGS,Direct Labor,United States,Software,-406892,-458741,-466832
2025-11-01,7,COGS,Cloud & Hosting,United States,Software,-205835,-229370,-217129
2025-11-01,8,COGS,Support Delivery,United States,Software,-153315,-172028,-170957
2025-11-01,9,Operating Expenses,Sales,United States,Software,-324218,-344056,-324372
2025-11-01,10,Operating Expenses,Marketing,United States,Software,-264686,-286713,-270845
2025-11-01,11,Operating Expenses,Research & Development,United States,Software,-394285,-420513,-414398
2025-11-01,12,Operating Expenses,General & Administrative,United States,Software,-234280,-248485,-235285
2025-11-01,13,Operating Expenses,IT & Systems,United States,Software,-123272,-133799,-128796
2025-11-01,14,Operating Expenses,Facilities & Rent,United States,Software,-108162,-114685,-113816
2025-11-01,15,Operating Expenses,Depreciation & Amort.,United States,Software,-95561,-105128,-99519
2025-11-01,16,Other,Interest Income,United States,Software,21183,22937,21960
2025-11-01,17,Other,Interest Expense,United States,Software,-47723,-53520,-51011
2025-11-01,18,Other,FX Gain/(Loss),United States,Software,-26021,-28671,-29085
2025-11-01,19,Other,Other Income/(Expense),United States,Software,35803,38228,37318
2025-11-01,20,Other,Income Tax,United States,Software,-154744,-172028,-168309
2025-11-01,1,Revenue,Product Revenue,United States,Services,936196,1001957,956612
2025-11-01,2,Revenue,Subscription Revenue,United States,Services,696042,751468,758505
2025-11-01,3,Revenue,Service Revenue,United States,Services,409884,438356,419450
2025-11-01,4,Revenue,Support & Maintenance,United States,Services,212296,225440,219250
2025-11-01,5,COGS,Direct Materials,United States,Services,-280487,-298182,-295471
2025-11-01,6,COGS,Direct Labor,United States,Services,-254479,-275245,-276718
2025-11-01,7,COGS,Cloud & Hosting,United States,Services,-124763,-137622,-137768
2025-11-01,8,COGS,Support Delivery,United States,Services,-93379,-103217,-101250
2025-11-01,9,Operating Expenses,Sales,United States,Services,-187988,-206433,-206666
2025-11-01,10,Operating Expenses,Marketing,United States,Services,-152019,-172028,-162738
2025-11-01,11,Operating Expenses,Research & Development,United States,Services,-223322,-252308,-237792
2025-11-01,12,Operating Expenses,General & Administrative,United States,Services,-136243,-149091,-140931
2025-11-01,13,Operating Expenses,IT & Systems,United States,Services,-75041,-80280,-81476
2025-11-01,14,Operating Expenses,Facilities & Rent,United States,Services,-61160,-68811,-69356
2025-11-01,15,Operating Expenses,Depreciation & Amort.,United States,Services,-59861,-63077,-63605
2025-11-01,16,Other,Interest Income,United States,Services,12330,13762,13386
2025-11-01,17,Other,Interest Expense,United States,Services,-29623,-32112,-31860
2025-11-01,18,Other,FX Gain/(Loss),United States,Services,15428,17203,17463
2025-11-01,19,Other,Other Income/(Expense),United States,Services,21379,22937,23182
2025-11-01,20,Other,Income Tax,United States,Services,-91414,-103217,-103359
2025-11-01,1,Revenue,Product Revenue,United States,Hardware,1214076,1335943,1343557
2025-11-01,2,Revenue,Subscription Revenue,United States,Hardware,899815,1001957,979023
2025-11-01,3,Revenue,Service Revenue,United States,Hardware,550296,584475,558907
2025-11-01,4,Revenue,Support & Maintenance,United States,Hardware,266879,300587,293738
2025-11-01,5,COGS,Direct Materials,United States,Hardware,-379583,-397575,-377897
2025-11-01,6,COGS,Direct Labor,United States,Hardware,-331564,-366993,-360328
2025-11-01,7,COGS,Cloud & Hosting,United States,Hardware,-166305,-183496,-173599
2025-11-01,8,COGS,Support Delivery,United States,Hardware,-121720,-137622,-130433
2025-11-01,9,Operating Expenses,Sales,United States,Hardware,-251966,-275245,-278290
2025-11-01,10,Operating Expenses,Marketing,United States,Hardware,-205038,-229370,-229459
2025-11-01,11,Operating Expenses,Research & Development,United States,Hardware,-313905,-336410,-329203
2025-11-01,12,Operating Expenses,General & Administrative,United States,Hardware,-185861,-198788,-200097
2025-11-01,13,Operating Expenses,IT & Systems,United States,Hardware,-96448,-107040,-104683
2025-11-01,14,Operating Expenses,Facilities & Rent,United States,Hardware,-86417,-91748,-88371
2025-11-01,15,Operating Expenses,Depreciation & Amort.,United States,Hardware,-77025,-84103,-83325
2025-11-01,16,Other,Interest Income,United States,Hardware,16889,18350,18453
2025-11-01,17,Other,Interest Expense,United States,Hardware,-38798,-42816,-40682
2025-11-01,18,Other,FX Gain/(Loss),United States,Hardware,21072,22937,21875
2025-11-01,19,Other,Other Income/(Expense),United States,Hardware,28025,30583,29193
2025-11-01,20,Other,Income Tax,United States,Hardware,-122121,-137622,-132080
2025-11-01,1,Revenue,Product Revenue,Nordics,Software,489246,521853,491353
2025-11-01,2,Revenue,Subscription Revenue,Nordics,Software,354828,391390,369227
2025-11-01,3,Revenue,Service Revenue,Nordics,Software,205689,228311,217276
2025-11-01,4,Revenue,Support & Maintenance,Nordics,Software,104821,117417,118363
2025-11-01,5,COGS,Direct Materials,Nordics,Software,-147720,-155303,-149967
2025-11-01,6,COGS,Direct Labor,Nordics,Software,-129661,-143357,-137671
2025-11-01,7,COGS,Cloud & Hosting,Nordics,Software,-66998,-71678,-67595
2025-11-01,8,COGS,Support Delivery,Nordics,Software,-50180,-53759,-53641
2025-11-01,9,Operating Expenses,Sales,Nordics,Software,-101566,-107517,-109622
2025-11-01,10,Operating Expenses,Marketing,Nordics,Software,-85230,-89598,-86617
2025-11-01,11,Operating Expenses,Research & Development,Nordics,Software,-122879,-131410,-124776
2025-11-01,12,Operating Expenses,General & Administrative,Nordics,Software,-72377,-77651,-78476
2025-11-01,13,Operating Expenses,IT & Systems,Nordics,Software,-38581,-41812,-40929
2025-11-01,14,Operating Expenses,Facilities & Rent,Nordics,Software,-33987,-35839,-33799
2025-11-01,15,Operating Expenses,Depreciation & Amort.,Nordics,Software,-29940,-32853,-31159
2025-11-01,16,Other,Interest Income,Nordics,Software,6759,7168,6943
2025-11-01,17,Other,Interest Expense,Nordics,Software,-15169,-16725,-16876
2025-11-01,18,Other,FX Gain/(Loss),Nordics,Software,-8403,-8960,-8938
2025-11-01,19,Other,Other Income/(Expense),Nordics,Software,-10901,-11946,-11293
2025-11-01,20,Other,Income Tax,Nordics,Software,-48856,-53759,-50726
2025-11-01,1,Revenue,Product Revenue,Nordics,Services,293115,313112,294789
2025-11-01,2,Revenue,Subscription Revenue,Nordics,Services,223948,234834,238452
2025-11-01,3,Revenue,Service Revenue,Nordics,Services,127346,136986,137683
2025-11-01,4,Revenue,Support & Maintenance,Nordics,Services,66547,70450,71150
2025-11-01,5,COGS,Direct Materials,Nordics,Services,-83056,-93182,-90118
2025-11-01,6,COGS,Direct Labor,Nordics,Services,-76833,-86014,-81079
2025-11-01,7,COGS,Cloud & Hosting,Nordics,Services,-39810,-43007,-42014
2025-11-01,8,COGS,Support Delivery,Nordics,Services,-30011,-32255,-30436
2025-11-01,9,Operating Expenses,Sales,Nordics,Services,-59867,-64510,-65497
2025-11-01,10,Operating Expenses,Marketing,Nordics,Services,-50085,-53759,-52522
2025-11-01,11,Operating Expenses,Research & Development,Nordics,Services,-72256,-78846,-74848
2025-11-01,12,Operating Expenses,General & Administrative,Nordics,Services,-44163,-46591,-45537
2025-11-01,13,Operating Expenses,IT & Systems,Nordics,Services,-23306,-25087,-24234
2025-11-01,14,Operating Expenses,Facilities & Rent,Nordics,Services,-19846,-21503,-21465
2025-11-01,15,Operating Expenses,Depreciation & Amort.,Nordics,Services,-17560,-19712,-19709
2025-11-01,16,Other,Interest Income,Nordics,Services,3811,4301,4087
2025-11-01,17,Other,Interest Expense,Nordics,Services,-9399,-10035,-10038
2025-11-01,18,Other,FX Gain/(Loss),Nordics,Services,-4948,-5376,-5465
2025-11-01,19,Other,Other Income/(Expense),Nordics,Services,-6580,-7168,-7059
2025-11-01,20,Other,Income Tax,Nordics,Services,-29512,-32255,-32684
2025-11-01,1,Revenue,Product Revenue,Nordics,Hardware,379733,417482,422309
2025-11-01,2,Revenue,Subscription Revenue,Nordics,Hardware,283709,313112,316879
2025-11-01,3,Revenue,Service Revenue,Nordics,Hardware,165362,182648,177807
2025-11-01,4,Revenue,Support & Maintenance,Nordics,Hardware,86782,93934,94156
2025-11-01,5,COGS,Direct Materials,Nordics,Hardware,-113426,-124242,-125201
2025-11-01,6,COGS,Direct Labor,Nordics,Hardware,-102095,-114685,-111491
2025-11-01,7,COGS,Cloud & Hosting,Nordics,Hardware,-52876,-57343,-58277
2025-11-01,8,COGS,Support Delivery,Nordics,Hardware,-40228,-43007,-42050
2025-11-01,9,Operating Expenses,Sales,Nordics,Hardware,-81806,-86014,-86126
2025-11-01,10,Operating Expenses,Marketing,Nordics,Hardware,-65173,-71678,-68307
2025-11-01,11,Operating Expenses,Research & Development,Nordics,Hardware,-98652,-105128,-105596
2025-11-01,12,Operating Expenses,General & Administrative,Nordics,Hardware,-57186,-62121,-61862
2025-11-01,13,Operating Expenses,IT & Systems,Nordics,Hardware,-31483,-33450,-32235
2025-11-01,14,Operating Expenses,Facilities & Rent,Nordics,Hardware,-25955,-28671,-27516
2025-11-01,15,Operating Expenses,Depreciation & Amort.,Nordics,Hardware,-24582,-26282,-25820
2025-11-01,16,Other,Interest Income,Nordics,Hardware,5395,5734,5542
2025-11-01,17,Other,Interest Expense,Nordics,Hardware,-11941,-13380,-13391
2025-11-01,18,Other,FX Gain/(Loss),Nordics,Hardware,-6354,-7168,-6996
2025-11-01,19,Other,Other Income/(Expense),Nordics,Hardware,-8534,-9557,-9592
2025-11-01,20,Other,Income Tax,Nordics,Hardware,-38003,-43007,-42926
2025-12-01,1,Revenue,Product Revenue,France,Software,988860,1067899,1051157
2025-12-01,2,Revenue,Subscription Revenue,France,Software,721590,800924,796153
2025-12-01,3,Revenue,Service Revenue,France,Software,428033,467206,456364
2025-12-01,4,Revenue,Support & Maintenance,France,Software,214172,240277,233219
2025-12-01,5,COGS,Direct Materials,France,Software,-283008,-313870,-310734
2025-12-01,6,COGS,Direct Labor,France,Software,-274243,-289726,-276702
2025-12-01,7,COGS,Cloud & Hosting,France,Software,-137241,-144863,-137394
2025-12-01,8,COGS,Support Delivery,France,Software,-103212,-108647,-108143
2025-12-01,9,Operating Expenses,Sales,France,Software,-193279,-217294,-217942
2025-12-01,10,Operating Expenses,Marketing,France,Software,-172364,-181079,-175573
2025-12-01,11,Operating Expenses,Research & Development,France,Software,-243021,-265582,-270737
2025-12-01,12,Operating Expenses,General & Administrative,France,Software,-142942,-156935,-149609
2025-12-01,13,Operating Expenses,IT & Systems,France,Software,-77929,-84503,-84327
2025-12-01,14,Operating Expenses,Facilities & Rent,France,Software,-65071,-72431,-72999
2025-12-01,15,Operating Expenses,Depreciation & Amort.,France,Software,-59415,-66395,-63673
2025-12-01,16,Other,Interest Income,France,Software,12957,14486,14263
2025-12-01,17,Other,Interest Expense,France,Software,-30693,-33801,-31857
2025-12-01,18,Other,FX Gain/(Loss),France,Software,-16002,-18108,-18404
2025-12-01,19,Other,Other Income/(Expense),France,Software,23034,24144,23513
2025-12-01,20,Other,Income Tax,France,Software,-98038,-108647,-108446
2025-12-01,1,Revenue,Product Revenue,France,Services,578313,640740,620727
2025-12-01,2,Revenue,Subscription Revenue,France,Services,438886,480555,482219
2025-12-01,3,Revenue,Service Revenue,France,Services,264161,280324,280749
2025-12-01,4,Revenue,Support & Maintenance,France,Services,134131,144166,141404
2025-12-01,5,COGS,Direct Materials,France,Services,-170989,-188322,-182931
2025-12-01,6,COGS,Direct Labor,France,Services,-159019,-173835,-170704
2025-12-01,7,COGS,Cloud & Hosting,France,Services,-77993,-86918,-84884
2025-12-01,8,COGS,Support Delivery,France,Services,-60453,-65188,-62545
2025-12-01,9,Operating Expenses,Sales,France,Services,-120344,-130377,-127794
2025-12-01,10,Operating Expenses,Marketing,France,Services,-103475,-108647,-108817
2025-12-01,11,Operating Expenses,Research & Development,France,Services,-144038,-159349,-151482
2025-12-01,12,Operating Expenses,General & Administrative,France,Services,-84400,-94161,-92765
2025-12-01,13,Operating Expenses,IT & Systems,France,Services,-47501,-50702,-49337
2025-12-01,14,Operating Expenses,Facilities & Rent,France,Services,-39227,-43459,-40938
2025-12-01,15,Operating Expenses,Depreciation & Amort.,France,Services,-36353,-39837,-38395
2025-12-01,16,Other,Interest Income,France,Services,7664,8692,8279
2025-12-01,17,Other,Interest Expense,France,Services,-18728,-20281,-19318
2025-12-01,18,Other,FX Gain/(Loss),France,Services,-9710,-10865,-10701
2025-12-01,19,Other,Other Income/(Expense),France,Services,-13749,-14486,-14086
2025-12-01,20,Other,Income Tax,France,Services,-57603,-65188,-64241
2025-12-01,1,Revenue,Product Revenue,France,Hardware,808017,854319,836254
2025-12-01,2,Revenue,Subscription Revenue,France,Hardware,590566,640740,640904
2025-12-01,3,Revenue,Service Revenue,France,Hardware,355568,373765,355458
2025-12-01,4,Revenue,Support & Maintenance,France,Hardware,179203,192222,188858
2025-12-01,5,COGS,Direct Materials,France,Hardware,-224863,-251096,-247730
2025-12-01,6,COGS,Direct Labor,France,Hardware,-217982,-231781,-235839
2025-12-01,7,COGS,Cloud & Hosting,France,Hardware,-103393,-115890,-117697
2025-12-01,8,COGS,Support Delivery,France,Hardware,-82088,-86918,-87823
2025-12-01,9,Operating Expenses,Sales,France,Hardware,-159373,-173835,-168972
2025-12-01,10,Operating Expenses,Marketing,France,Hardware,-136582,-144863,-140295
2025-12-01,11,Operating Expenses,Research & Development,France,Hardware,-194446,-212466,-215824
2025-12-01,12,Operating Expenses,General & Administrative,France,Hardware,-111186,-125548,-119214
2025-12-01,13,Operating Expenses,IT & Systems,France,Hardware,-59966,-67603,-66197
2025-12-01,14,Operating Expenses,Facilities & Rent,France,Hardware,-52117,-57945,-58560
2025-12-01,15,Operating Expenses,Depreciation & Amort.,France,Hardware,-47332,-53116,-53979
2025-12-01,16,Other,Interest Income,France,Hardware,10351,11589,11613
2025-12-01,17,Other,Interest Expense,France,Hardware,-23873,-27041,-26852
2025-12-01,18,Other,FX Gain/(Loss),France,Hardware,13155,14486,14324
2025-12-01,19,Other,Other Income/(Expense),France,Hardware,-18037,-19315,-18889
2025-12-01,20,Other,Income Tax,France,Hardware,-79993,-86918,-87679
2025-12-01,1,Revenue,Product Revenue,Germany,Software,1194736,1281479,1255049
2025-12-01,2,Revenue,Subscription Revenue,Germany,Software,864969,961109,971873
2025-12-01,3,Revenue,Service Revenue,Germany,Software,507490,560647,567408
2025-12-01,4,Revenue,Support & Maintenance,Germany,Software,262079,288333,273047
2025-12-01,5,COGS,Direct Materials,Germany,Software,-349241,-376643,-377857
2025-12-01,6,COGS,Direct Labor,Germany,Software,-312006,-347671,-352041
2025-12-01,7,COGS,Cloud & Hosting,Germany,Software,-164270,-173835,-168223
2025-12-01,8,COGS,Support Delivery,Germany,Software,-122257,-130377,-124601
2025-12-01,9,Operating Expenses,Sales,Germany,Software,-234677,-260753,-260936
2025-12-01,10,Operating Expenses,Marketing,Germany,Software,-203832,-217294,-218666
2025-12-01,11,Operating Expenses,Research & Development,Germany,Software,-296920,-318698,-312885
2025-12-01,12,Operating Expenses,General & Administrative,Germany,Software,-179277,-188322,-184189
2025-12-01,13,Operating Expenses,IT & Systems,Germany,Software,-90585,-101404,-95606
2025-12-01,14,Operating Expenses,Facilities & Rent,Germany,Software,-82014,-86918,-87465
2025-12-01,15,Operating Expenses,Depreciation & Amort.,Germany,Software,-72761,-79675,-80263
2025-12-01,16,Other,Interest Income,Germany,Software,16511,17384,17482
2025-12-01,17,Other,Interest Expense,Germany,Software,-35775,-40562,-38458
2025-12-01,18,Other,FX Gain/(Loss),Germany,Software,-20655,-21729,-21511
2025-12-01,19,Other,Other Income/(Expense),Germany,Software,27406,28973,29329
2025-12-01,20,Other,Income Tax,Germany,Software,-120378,-130377,-124329
2025-12-01,1,Revenue,Product Revenue,Germany,Services,726310,768887,734872
2025-12-01,2,Revenue,Subscription Revenue,Germany,Services,543603,576666,554294
2025-12-01,3,Revenue,Service Revenue,Germany,Services,319227,336388,340005
2025-12-01,4,Revenue,Support & Maintenance,Germany,Services,160747,173000,164684
2025-12-01,5,COGS,Direct Materials,Germany,Services,-203971,-225986,-214205
2025-12-01,6,COGS,Direct Labor,Germany,Services,-184937,-208603,-204653
2025-12-01,7,COGS,Cloud & Hosting,Germany,Services,-99129,-104301,-100632
2025-12-01,8,COGS,Support Delivery,Germany,Services,-74630,-78226,-75426
2025-12-01,9,Operating Expenses,Sales,Germany,Services,-147493,-156452,-157104
2025-12-01,10,Operating Expenses,Marketing,Germany,Services,-123808,-130377,-128497
2025-12-01,11,Operating Expenses,Research & Development,Germany,Services,-175566,-191219,-180762
2025-12-01,12,Operating Expenses,General & Administrative,Germany,Services,-102558,-112993,-114337
2025-12-01,13,Operating Expenses,IT & Systems,Germany,Services,-56728,-60842,-57362
2025-12-01,14,Operating Expenses,Facilities & Rent,Germany,Services,-48293,-52151,-51436
2025-12-01,15,Operating Expenses,Depreciation & Amort.,Germany,Services,-42882,-47805,-47471
2025-12-01,16,Other,Interest Income,Germany,Services,9878,10430,9968
2025-12-01,17,Other,Interest Expense,Germany,Services,-21570,-24337,-24025
2025-12-01,18,Other,FX Gain/(Loss),Germany,Services,-12090,-13038,-12814
2025-12-01,19,Other,Other Income/(Expense),Germany,Services,-15898,-17384,-16528
2025-12-01,20,Other,Income Tax,Germany,Services,-69601,-78226,-77274
2025-12-01,1,Revenue,Product Revenue,Germany,Hardware,928182,1025183,985076
2025-12-01,2,Revenue,Subscription Revenue,Germany,Hardware,701632,768887,747061
2025-12-01,3,Revenue,Service Revenue,Germany,Hardware,428092,448518,456431
2025-12-01,4,Revenue,Support & Maintenance,Germany,Hardware,217987,230666,219455
2025-12-01,5,COGS,Direct Materials,Germany,Hardware,-271224,-301315,-296085
2025-12-01,6,COGS,Direct Labor,Germany,Hardware,-246296,-278137,-282747
2025-12-01,7,COGS,Cloud & Hosting,Germany,Hardware,-127060,-139068,-140406
2025-12-01,8,COGS,Support Delivery,Germany,Hardware,-96486,-104301,-103222
2025-12-01,9,Operating Expenses,Sales,Germany,Hardware,-197523,-208603,-200675
2025-12-01,10,Operating Expenses,Marketing,Germany,Hardware,-153765,-173835,-168964
2025-12-01,11,Operating Expenses,Research & Development,Germany,Hardware,-234186,-254959,-248216
2025-12-01,12,Operating Expenses,General & Administrative,Germany,Hardware,-138766,-150657,-152023
2025-12-01,13,Operating Expenses,IT & Systems,Germany,Hardware,-73911,-81123,-81802
2025-12-01,14,Operating Expenses,Facilities & Rent,Germany,Hardware,-64905,-69534,-68579
2025-12-01,15,Operating Expenses,Depreciation & Amort.,Germany,Hardware,-57404,-63740,-62941
2025-12-01,16,Other,Interest Income,Germany,Hardware,12606,13907,13938
2025-12-01,17,Other,Interest Expense,Germany,Hardware,-28851,-32449,-32010
2025-12-01,18,Other,FX Gain/(Loss),Germany,Hardware,-15947,-17384,-16931
2025-12-01,19,Other,Other Income/(Expense),Germany,Hardware,22009,23178,22872
2025-12-01,20,Other,Income Tax,Germany,Hardware,-94770,-104301,-103540
2025-12-01,1,Revenue,Product Revenue,United Kingdom,Software,871644,961109,904823
2025-12-01,2,Revenue,Subscription Revenue,United Kingdom,Software,682220,720832,715155
2025-12-01,3,Revenue,Service Revenue,United Kingdom,Software,373476,420485,419804
2025-12-01,4,Revenue,Support & Maintenance,United Kingdom,Software,198602,216250,220354
2025-12-01,5,COGS,Direct Materials,United Kingdom,Software,-260666,-282483,-268168
2025-12-01,6,COGS,Direct Labor,United Kingdom,Software,-246971,-260753,-260686
2025-12-01,7,COGS,Cloud & Hosting,United Kingdom,Software,-117079,-130377,-124864
2025-12-01,8,COGS,Support Delivery,United Kingdom,Software,-88506,-97782,-95199
2025-12-01,9,Operating Expenses,Sales,United Kingdom,Software,-180769,-195565,-188848
2025-12-01,10,Operating Expenses,Marketing,United Kingdom,Software,-144013,-162971,-164946
2025-12-01,11,Operating Expenses,Research & Development,United Kingdom,Software,-221570,-239024,-230473
2025-12-01,12,Operating Expenses,General & Administrative,United Kingdom,Software,-132982,-141241,-136290
2025-12-01,13,Operating Expenses,IT & Systems,United Kingdom,Software,-70140,-76053,-75088
2025-12-01,14,Operating Expenses,Facilities & Rent,United Kingdom,Software,-59274,-65188,-62369
2025-12-01,15,Operating Expenses,Depreciation & Amort.,United Kingdom,Software,-55278,-59756,-56332
2025-12-01,16,Other,Interest Income,United Kingdom,Software,12105,13038,12639
2025-12-01,17,Other,Interest Expense,United Kingdom,Software,-28204,-30421,-28929
2025-12-01,18,Other,FX Gain/(Loss),United Kingdom,Software,-15102,-16297,-15362
2025-12-01,19,Other,Other Income/(Expense),United Kingdom,Software,-19810,-21729,-21439
2025-12-01,20,Other,Income Tax,United Kingdom,Software,-92934,-97782,-97707
2025-12-01,1,Revenue,Product Revenue,United Kingdom,Services,538714,576666,567353
2025-12-01,2,Revenue,Subscription Revenue,United Kingdom,Services,397407,432499,439745
2025-12-01,3,Revenue,Service Revenue,United Kingdom,Services,232102,252291,243432
2025-12-01,4,Revenue,Support & Maintenance,United Kingdom,Services,117540,129750,124204
2025-12-01,5,COGS,Direct Materials,United Kingdom,Services,-151109,-169490,-162353
2025-12-01,6,COGS,Direct Labor,United Kingdom,Services,-148785,-156452,-153365
2025-12-01,7,COGS,Cloud & Hosting,United Kingdom,Services,-69557,-78226,-73992
2025-12-01,8,COGS,Support Delivery,United Kingdom,Services,-52437,-58669,-56047
2025-12-01,9,Operating Expenses,Sales,United Kingdom,Services,-111999,-117339,-114296
2025-12-01,10,Operating Expenses,Marketing,United Kingdom,Services,-89062,-97782,-92365
2025-12-01,11,Operating Expenses,Research & Development,United Kingdom,Services,-129443,-143414,-139265
2025-12-01,12,Operating Expenses,General & Administrative,United Kingdom,Services,-75118,-84745,-83660
2025-12-01,13,Operating Expenses,IT & Systems,United Kingdom,Services,-41912,-45632,-45184
2025-12-01,14,Operating Expenses,Facilities & Rent,United Kingdom,Services,-36665,-39113,-39233
2025-12-01,15,Operating Expenses,Depreciation & Amort.,United Kingdom,Services,-32319,-35854,-35312
2025-12-01,16,Other,Interest Income,United Kingdom,Services,7217,7823,7753
2025-12-01,17,Other,Interest Expense,United Kingdom,Services,-16515,-18253,-18315
2025-12-01,18,Other,FX Gain/(Loss),United Kingdom,Services,8637,9778,9911
2025-12-01,19,Other,Other Income/(Expense),United Kingdom,Services,12425,13038,12434
2025-12-01,20,Other,Income Tax,United Kingdom,Services,-54229,-58669,-58105
2025-12-01,1,Revenue,Product Revenue,United Kingdom,Hardware,707148,768887,747969
2025-12-01,2,Revenue,Subscription Revenue,United Kingdom,Hardware,517363,576666,552924
2025-12-01,3,Revenue,Service Revenue,United Kingdom,Hardware,300239,336388,325383
2025-12-01,4,Revenue,Support & Maintenance,United Kingdom,Hardware,155619,173000,163177
2025-12-01,5,COGS,Direct Materials,United Kingdom,Hardware,-203219,-225986,-229931
2025-12-01,6,COGS,Direct Labor,United Kingdom,Hardware,-190616,-208603,-204384
2025-12-01,7,COGS,Cloud & Hosting,United Kingdom,Hardware,-93453,-104301,-98905
2025-12-01,8,COGS,Support Delivery,United Kingdom,Hardware,-71847,-78226,-75703
2025-12-01,9,Operating Expenses,Sales,United Kingdom,Hardware,-139410,-156452,-159179
2025-12-01,10,Operating Expenses,Marketing,United Kingdom,Hardware,-121630,-130377,-123822
2025-12-01,11,Operating Expenses,Research & Development,United Kingdom,Hardware,-174469,-191219,-186807
2025-12-01,12,Operating Expenses,General & Administrative,United Kingdom,Hardware,-103813,-112993,-109576
2025-12-01,13,Operating Expenses,IT & Systems,United Kingdom,Hardware,-55701,-60842,-61702
2025-12-01,14,Operating Expenses,Facilities & Rent,United Kingdom,Hardware,-49530,-52151,-49556
2025-12-01,15,Operating Expenses,Depreciation & Amort.,United Kingdom,Hardware,-42604,-47805,-46057
2025-12-01,16,Other,Interest Income,United Kingdom,Hardware,9875,10430,9845
2025-12-01,17,Other,Interest Expense,United Kingdom,Hardware,-22057,-24337,-24494
2025-12-01,18,Other,FX Gain/(Loss),United Kingdom,Hardware,12263,13038,12349
2025-12-01,19,Other,Other Income/(Expense),United Kingdom,Hardware,-16179,-17384,-16558
2025-12-01,20,Other,Income Tax,United Kingdom,Hardware,-71618,-78226,-76946
2025-12-01,1,Revenue,Product Revenue,Spain,Software,565185,640740,637561
2025-12-01,2,Revenue,Subscription Revenue,Spain,Software,448889,480555,489933
2025-12-01,3,Revenue,Service Revenue,Spain,Software,256365,280324,271692
2025-12-01,4,Revenue,Support & Maintenance,Spain,Software,127187,144166,141473
2025-12-01,5,COGS,Direct Materials,Spain,Software,-176167,-188322,-187524
2025-12-01,6,COGS,Direct Labor,Spain,Software,-156127,-173835,-167992
2025-12-01,7,COGS,Cloud & Hosting,Spain,Software,-77753,-86918,-86147
2025-12-01,8,COGS,Support Delivery,Spain,Software,-57706,-65188,-65948
2025-12-01,9,Operating Expenses,Sales,Spain,Software,-117498,-130377,-131680
2025-12-01,10,Operating Expenses,Marketing,Spain,Software,-101733,-108647,-105642
2025-12-01,11,Operating Expenses,Research & Development,Spain,Software,-142028,-159349,-158141
2025-12-01,12,Operating Expenses,General & Administrative,Spain,Software,-85039,-94161,-95434
2025-12-01,13,Operating Expenses,IT & Systems,Spain,Software,-47223,-50702,-50854
2025-12-01,14,Operating Expenses,Facilities & Rent,Spain,Software,-40488,-43459,-43607
2025-12-01,15,Operating Expenses,Depreciation & Amort.,Spain,Software,-35768,-39837,-40203
2025-12-01,16,Other,Interest Income,Spain,Software,7914,8692,8517
2025-12-01,17,Other,Interest Expense,Spain,Software,-19067,-20281,-20113
2025-12-01,18,Other,FX Gain/(Loss),Spain,Software,-9810,-10865,-10601
2025-12-01,19,Other,Other Income/(Expense),Spain,Software,12888,14486,13936
2025-12-01,20,Other,Income Tax,Spain,Software,-61468,-65188,-63137
2025-12-01,1,Revenue,Product Revenue,Spain,Services,357839,384444,382303
2025-12-01,2,Revenue,Subscription Revenue,Spain,Services,254246,288333,285131
2025-12-01,3,Revenue,Service Revenue,Spain,Services,155616,168194,164583
2025-12-01,4,Revenue,Support & Maintenance,Spain,Services,78270,86500,87642
2025-12-01,5,COGS,Direct Materials,Spain,Services,-105895,-112993,-107945
2025-12-01,6,COGS,Direct Labor,Spain,Services,-94243,-104301,-105041
2025-12-01,7,COGS,Cloud & Hosting,Spain,Services,-48709,-52151,-52720
2025-12-01,8,COGS,Support Delivery,Spain,Services,-36819,-39113,-39701
2025-12-01,9,Operating Expenses,Sales,Spain,Services,-69313,-78226,-75857
2025-12-01,10,Operating Expenses,Marketing,Spain,Services,-57866,-65188,-65136
2025-12-01,11,Operating Expenses,Research & Development,Spain,Services,-84461,-95609,-96151
2025-12-01,12,Operating Expenses,General & Administrative,Spain,Services,-51617,-56497,-53605
2025-12-01,13,Operating Expenses,IT & Systems,Spain,Services,-27863,-30421,-30984
2025-12-01,14,Operating Expenses,Facilities & Rent,Spain,Services,-22990,-26075,-26483
2025-12-01,15,Operating Expenses,Depreciation & Amort.,Spain,Services,-22724,-23902,-23121
2025-12-01,16,Other,Interest Income,Spain,Services,4670,5215,5102
2025-12-01,17,Other,Interest Expense,Spain,Services,-10771,-12168,-12405
2025-12-01,18,Other,FX Gain/(Loss),Spain,Services,-6213,-6519,-6531
2025-12-01,19,Other,Other Income/(Expense),Spain,Services,8265,8692,8856
2025-12-01,20,Other,Income Tax,Spain,Services,-36466,-39113,-37290
2025-12-01,1,Revenue,Product Revenue,Spain,Hardware,478861,512592,492629
2025-12-01,2,Revenue,Subscription Revenue,Spain,Hardware,350465,384444,382178
2025-12-01,3,Revenue,Service Revenue,Spain,Hardware,201003,224259,214041
2025-12-01,4,Revenue,Support & Maintenance,Spain,Hardware,107005,115333,112818
2025-12-01,5,COGS,Direct Materials,Spain,Hardware,-133607,-150657,-153542
2025-12-01,6,COGS,Direct Labor,Spain,Hardware,-127708,-139068,-133639
2025-12-01,7,COGS,Cloud & Hosting,Spain,Hardware,-62838,-69534,-65797
2025-12-01,8,COGS,Support Delivery,Spain,Hardware,-49134,-52151,-52247
2025-12-01,9,Operating Expenses,Sales,Spain,Hardware,-92153,-104301,-98399
2025-12-01,10,Operating Expenses,Marketing,Spain,Hardware,-81186,-86918,-87729
2025-12-01,11,Operating Expenses,Research & Development,Spain,Hardware,-121611,-127479,-122753
2025-12-01,12,Operating Expenses,General & Administrative,Spain,Hardware,-70482,-75329,-74340
2025-12-01,13,Operating Expenses,IT & Systems,Spain,Hardware,-37721,-40562,-40350
2025-12-01,14,Operating Expenses,Facilities & Rent,Spain,Hardware,-32443,-34767,-34297
2025-12-01,15,Operating Expenses,Depreciation & Amort.,Spain,Hardware,-28290,-31870,-30757
2025-12-01,16,Other,Interest Income,Spain,Hardware,6217,6953,6877
2025-12-01,17,Other,Interest Expense,Spain,Hardware,-15018,-16225,-15599
2025-12-01,18,Other,FX Gain/(Loss),Spain,Hardware,7944,8692,8436
2025-12-01,19,Other,Other Income/(Expense),Spain,Hardware,-11014,-11589,-11133
2025-12-01,20,Other,Income Tax,Spain,Hardware,-49167,-52151,-51746
2025-12-01,1,Revenue,Product Revenue,Italy,Software,686556,747529,716564
2025-12-01,2,Revenue,Subscription Revenue,Italy,Software,530310,560647,539017
2025-12-01,3,Revenue,Service Revenue,Italy,Software,310861,327044,324779
2025-12-01,4,Revenue,Support & Maintenance,Italy,Software,151015,168194,161367
2025-12-01,5,COGS,Direct Materials,Italy,Software,-201992,-219709,-214830
2025-12-01,6,COGS,Direct Labor,Italy,Software,-188144,-202808,-191181
2025-12-01,7,COGS,Cloud & Hosting,Italy,Software,-90273,-101404,-96105
2025-12-01,8,COGS,Support Delivery,Italy,Software,-68117,-76053,-72943
2025-12-01,9,Operating Expenses,Sales,Italy,Software,-139189,-152106,-151176
2025-12-01,10,Operating Expenses,Marketing,Italy,Software,-116730,-126755,-126810
2025-12-01,11,Operating Expenses,Research & Development,Italy,Software,-166688,-185907,-184186
2025-12-01,12,Operating Expenses,General & Administrative,Italy,Software,-102619,-109854,-107445
2025-12-01,13,Operating Expenses,IT & Systems,Italy,Software,-56398,-59152,-56623
2025-12-01,14,Operating Expenses,Facilities & Rent,Italy,Software,-46511,-50702,-50020
2025-12-01,15,Operating Expenses,Depreciation & Amort.,Italy,Software,-43309,-46477,-46808
2025-12-01,16,Other,Interest Income,Italy,Software,9201,10140,10103
2025-12-01,17,Other,Interest Expense,Italy,Software,-22079,-23661,-22899
2025-12-01,18,Other,FX Gain/(Loss),Italy,Software,11730,12675,12695
2025-12-01,19,Other,Other Income/(Expense),Italy,Software,15545,16901,16678
2025-12-01,20,Other,Income Tax,Italy,Software,-71385,-76053,-71647
2025-12-01,1,Revenue,Product Revenue,Italy,Services,428187,448518,432521
2025-12-01,2,Revenue,Subscription Revenue,Italy,Services,299293,336388,319888
2025-12-01,3,Revenue,Service Revenue,Italy,Services,176772,196226,191492
2025-12-01,4,Revenue,Support & Maintenance,Italy,Services,89381,100916,99021
2025-12-01,5,COGS,Direct Materials,Italy,Services,-119885,-131825,-134002
2025-12-01,6,COGS,Direct Labor,Italy,Services,-113870,-121685,-123102
2025-12-01,7,COGS,Cloud & Hosting,Italy,Services,-57245,-60842,-59844
2025-12-01,8,COGS,Support Delivery,Italy,Services,-40412,-45632,-45112
2025-12-01,9,Operating Expenses,Sales,Italy,Services,-85051,-91264,-92013
2025-12-01,10,Operating Expenses,Marketing,Italy,Services,-68492,-76053,-75830
2025-12-01,11,Operating Expenses,Research & Development,Italy,Services,-105722,-111544,-105241
2025-12-01,12,Operating Expenses,General & Administrative,Italy,Services,-59181,-65913,-64531
2025-12-01,13,Operating Expenses,IT & Systems,Italy,Services,-32503,-35491,-35972
2025-12-01,14,Operating Expenses,Facilities & Rent,Italy,Services,-27720,-30421,-29395
2025-12-01,15,Operating Expenses,Depreciation & Amort.,Italy,Services,-24709,-27886,-27099
2025-12-01,16,Other,Interest Income,Italy,Services,5781,6084,5737
2025-12-01,17,Other,Interest Expense,Italy,Services,-12725,-14197,-14292
2025-12-01,18,Other,FX Gain/(Loss),Italy,Services,-6964,-7605,-7270
2025-12-01,19,Other,Other Income/(Expense),Italy,Services,-9403,-10140,-10037
2025-12-01,20,Other,Income Tax,Italy,Services,-41074,-45632,-44855
2025-12-01,1,Revenue,Product Revenue,Italy,Hardware,565099,598024,605056
2025-12-01,2,Revenue,Subscription Revenue,Italy,Hardware,399729,448518,426652
2025-12-01,3,Revenue,Service Revenue,Italy,Hardware,237988,261635,247439
2025-12-01,4,Revenue,Support & Maintenance,Italy,Hardware,128130,134555,134449
2025-12-01,5,COGS,Direct Materials,Italy,Hardware,-164799,-175767,-175099
2025-12-01,6,COGS,Direct Labor,Italy,Hardware,-152651,-162246,-153422
2025-12-01,7,COGS,Cloud & Hosting,Italy,Hardware,-75738,-81123,-76767
2025-12-01,8,COGS,Support Delivery,Italy,Hardware,-55724,-60842,-60665
2025-12-01,9,Operating Expenses,Sales,Italy,Hardware,-107826,-121685,-116312
2025-12-01,10,Operating Expenses,Marketing,Italy,Hardware,-90802,-101404,-100617
2025-12-01,11,Operating Expenses,Research & Development,Italy,Hardware,-136950,-148726,-149178
2025-12-01,12,Operating Expenses,General & Administrative,Italy,Hardware,-77787,-87883,-88055
2025-12-01,13,Operating Expenses,IT & Systems,Italy,Hardware,-43177,-47322,-47089
2025-12-01,14,Operating Expenses,Facilities & Rent,Italy,Hardware,-37829,-40562,-39500
2025-12-01,15,Operating Expenses,Depreciation & Amort.,Italy,Hardware,-34563,-37181,-36326
2025-12-01,16,Other,Interest Income,Italy,Hardware,7447,8112,8206
2025-12-01,17,Other,Interest Expense,Italy,Hardware,-17337,-18929,-18304
2025-12-01,18,Other,FX Gain/(Loss),Italy,Hardware,9164,10140,9630
2025-12-01,19,Other,Other Income/(Expense),Italy,Hardware,12635,13521,13697
2025-12-01,20,Other,Income Tax,Italy,Hardware,-54329,-60842,-61371
2025-12-01,1,Revenue,Product Revenue,United States,Software,1531170,1708639,1739318
2025-12-01,2,Revenue,Subscription Revenue,United States,Software,1182855,1281479,1274574
2025-12-01,3,Revenue,Service Revenue,United States,Software,694234,747529,729959
2025-12-01,4,Revenue,Support & Maintenance,United States,Software,356431,384444,386425
2025-12-01,5,COGS,Direct Materials,United States,Software,-461604,-502191,-477263
2025-12-01,6,COGS,Direct Labor,United States,Software,-414607,-463561,-461031
2025-12-01,7,COGS,Cloud & Hosting,United States,Software,-215540,-231781,-220828
2025-12-01,8,COGS,Support Delivery,United States,Software,-158900,-173835,-164614
2025-12-01,9,Operating Expenses,Sales,United States,Software,-325846,-347671,-327629
2025-12-01,10,Operating Expenses,Marketing,United States,Software,-258871,-289726,-285504
2025-12-01,11,Operating Expenses,Research & Development,United States,Software,-375327,-424931,-413642
2025-12-01,12,Operating Expenses,General & Administrative,United States,Software,-228752,-251096,-238170
2025-12-01,13,Operating Expenses,IT & Systems,United States,Software,-120769,-135205,-131752
2025-12-01,14,Operating Expenses,Facilities & Rent,United States,Software,-103760,-115890,-110158
2025-12-01,15,Operating Expenses,Depreciation & Amort.,United States,Software,-95502,-106233,-103874
2025-12-01,16,Other,Interest Income,United States,Software,22069,23178,22862
2025-12-01,17,Other,Interest Expense,United States,Software,-48434,-54082,-51828
2025-12-01,18,Other,FX Gain/(Loss),United States,Software,26563,28973,28902
2025-12-01,19,Other,Other Income/(Expense),United States,Software,-36543,-38630,-39345
2025-12-01,20,Other,Income Tax,United States,Software,-161753,-173835,-173834
2025-12-01,1,Revenue,Product Revenue,United States,Services,932233,1025183,966718
2025-12-01,2,Revenue,Subscription Revenue,United States,Services,722013,768887,732698
2025-12-01,3,Revenue,Service Revenue,United States,Services,422948,448518,456123
2025-12-01,4,Revenue,Support & Maintenance,United States,Services,206498,230666,223557
2025-12-01,5,COGS,Direct Materials,United States,Services,-286470,-301315,-286812
2025-12-01,6,COGS,Direct Labor,United States,Services,-253022,-278137,-271160
2025-12-01,7,COGS,Cloud & Hosting,United States,Services,-129712,-139068,-139520
2025-12-01,8,COGS,Support Delivery,United States,Services,-99228,-104301,-102540
2025-12-01,9,Operating Expenses,Sales,United States,Services,-193378,-208603,-199614
2025-12-01,10,Operating Expenses,Marketing,United States,Services,-154810,-173835,-174880
2025-12-01,11,Operating Expenses,Research & Development,United States,Services,-229883,-254959,-242070
2025-12-01,12,Operating Expenses,General & Administrative,United States,Services,-134211,-150657,-149361
2025-12-01,13,Operating Expenses,IT & Systems,United States,Services,-72088,-81123,-77913
2025-12-01,14,Operating Expenses,Facilities & Rent,United States,Services,-61621,-69534,-69990
2025-12-01,15,Operating Expenses,Depreciation & Amort.,United States,Services,-56608,-63740,-63805
2025-12-01,16,Other,Interest Income,United States,Services,12862,13907,14024
2025-12-01,17,Other,Interest Expense,United States,Services,-28859,-32449,-33053
2025-12-01,18,Other,FX Gain/(Loss),United States,Services,16102,17384,17484
2025-12-01,19,Other,Other Income/(Expense),United States,Services,22123,23178,23437
2025-12-01,20,Other,Income Tax,United States,Services,-92559,-104301,-102481
2025-12-01,1,Revenue,Product Revenue,United States,Hardware,1303977,1366911,1331312
2025-12-01,2,Revenue,Subscription Revenue,United States,Hardware,949060,1025183,1013578
2025-12-01,3,Revenue,Service Revenue,United States,Hardware,528981,598024,593678
2025-12-01,4,Revenue,Support & Maintenance,United States,Hardware,285578,307555,303025
2025-12-01,5,COGS,Direct Materials,United States,Hardware,-379065,-401753,-391325
2025-12-01,6,COGS,Direct Labor,United States,Hardware,-348975,-370849,-352207
2025-12-01,7,COGS,Cloud & Hosting,United States,Hardware,-163621,-185424,-188116
2025-12-01,8,COGS,Support Delivery,United States,Hardware,-131413,-139068,-141203
2025-12-01,9,Operating Expenses,Sales,United States,Hardware,-255417,-278137,-283150
2025-12-01,10,Operating Expenses,Marketing,United States,Hardware,-208298,-231781,-230267
2025-12-01,11,Operating Expenses,Research & Development,United States,Hardware,-307786,-339945,-335753
2025-12-01,12,Operating Expenses,General & Administrative,United States,Hardware,-178316,-200876,-196661
2025-12-01,13,Operating Expenses,IT & Systems,United States,Hardware,-101207,-108164,-108536
2025-12-01,14,Operating Expenses,Facilities & Rent,United States,Hardware,-87722,-92712,-91652
2025-12-01,15,Operating Expenses,Depreciation & Amort.,United States,Hardware,-76816,-84986,-80570
2025-12-01,16,Other,Interest Income,United States,Hardware,16806,18542,18022
2025-12-01,17,Other,Interest Expense,United States,Hardware,-41002,-43266,-43047
2025-12-01,18,Other,FX Gain/(Loss),United States,Hardware,-22099,-23178,-23248
2025-12-01,19,Other,Other Income/(Expense),United States,Hardware,27736,30904,30250
2025-12-01,20,Other,Income Tax,United States,Hardware,-123632,-139068,-139044
2025-12-01,1,Revenue,Product Revenue,Nordics,Software,506020,533950,531031
2025-12-01,2,Revenue,Subscription Revenue,Nordics,Software,372610,400462,378771
2025-12-01,3,Revenue,Service Revenue,Nordics,Software,217346,233603,236048
2025-12-01,4,Revenue,Support & Maintenance,Nordics,Software,111435,120139,119725
2025-12-01,5,COGS,Direct Materials,Nordics,Software,-138448,-156935,-157810
2025-12-01,6,COGS,Direct Labor,Nordics,Software,-129159,-144863,-140950
2025-12-01,7,COGS,Cloud & Hosting,Nordics,Software,-68470,-72431,-70011
2025-12-01,8,COGS,Support Delivery,Nordics,Software,-48881,-54324,-55007
2025-12-01,9,Operating Expenses,Sales,Nordics,Software,-101881,-108647,-104076
2025-12-01,10,Operating Expenses,Marketing,Nordics,Software,-81111,-90539,-88152
2025-12-01,11,Operating Expenses,Research & Development,Nordics,Software,-121076,-132791,-132900
2025-12-01,12,Operating Expenses,General & Administrative,Nordics,Software,-73470,-78467,-75227
2025-12-01,13,Operating Expenses,IT & Systems,Nordics,Software,-38238,-42252,-40705
2025-12-01,14,Operating Expenses,Facilities & Rent,Nordics,Software,-33930,-36216,-36687
2025-12-01,15,Operating Expenses,Depreciation & Amort.,Nordics,Software,-29762,-33198,-33375
2025-12-01,16,Other,Interest Income,Nordics,Software,6446,7243,7257
2025-12-01,17,Other,Interest Expense,Nordics,Software,-16052,-16901,-16033
2025-12-01,18,Other,FX Gain/(Loss),Nordics,Software,-8600,-9054,-9100
2025-12-01,19,Other,Other Income/(Expense),Nordics,Software,11195,12072,11910
2025-12-01,20,Other,Income Tax,Nordics,Software,-48754,-54324,-52836
2025-12-01,1,Revenue,Product Revenue,Nordics,Services,299028,320370,310746
2025-12-01,2,Revenue,Subscription Revenue,Nordics,Services,228878,240277,226551
2025-12-01,3,Revenue,Service Revenue,Nordics,Services,127192,140162,139959
2025-12-01,4,Revenue,Support & Maintenance,Nordics,Services,63887,72083,73164
2025-12-01,5,COGS,Direct Materials,Nordics,Services,-87423,-94161,-88696
2025-12-01,6,COGS,Direct Labor,Nordics,Services,-81627,-86918,-83820
2025-12-01,7,COGS,Cloud & Hosting,Nordics,Services,-40677,-43459,-43121
2025-12-01,8,COGS,Support Delivery,Nordics,Services,-29988,-32594,-31540
2025-12-01,9,Operating Expenses,Sales,Nordics,Services,-60423,-65188,-64779
2025-12-01,10,Operating Expenses,Marketing,Nordics,Services,-49401,-54324,-53298
2025-12-01,11,Operating Expenses,Research & Development,Nordics,Services,-71213,-79675,-78964
2025-12-01,12,Operating Expenses,General & Administrative,Nordics,Services,-43727,-47080,-47124
2025-12-01,13,Operating Expenses,IT & Systems,Nordics,Services,-23991,-25351,-25582
2025-12-01,14,Operating Expenses,Facilities & Rent,Nordics,Services,-20641,-21729,-21530
2025-12-01,15,Operating Expenses,Depreciation & Amort.,Nordics,Services,-17636,-19919,-19534
2025-12-01,16,Other,Interest Income,Nordics,Services,4115,4346,4376
2025-12-01,17,Other,Interest Expense,Nordics,Services,-8964,-10140,-10306
2025-12-01,18,Other,FX Gain/(Loss),Nordics,Services,-5132,-5432,-5452
2025-12-01,19,Other,Other Income/(Expense),Nordics,Services,-6702,-7243,-7112
2025-12-01,20,Other,Income Tax,Nordics,Services,-30991,-32594,-32172
2025-12-01,1,Revenue,Product Revenue,Nordics,Hardware,396785,427160,406644
2025-12-01,2,Revenue,Subscription Revenue,Nordics,Hardware,303557,320370,314531
2025-12-01,3,Revenue,Service Revenue,Nordics,Hardware,173773,186882,180069
2025-12-01,4,Revenue,Support & Maintenance,Nordics,Hardware,90587,96111,92053
2025-12-01,5,COGS,Direct Materials,Nordics,Hardware,-113491,-125548,-123279
2025-12-01,6,COGS,Direct Labor,Nordics,Hardware,-106345,-115890,-116052
2025-12-01,7,COGS,Cloud & Hosting,Nordics,Hardware,-53504,-57945,-56945
2025-12-01,8,COGS,Support Delivery,Nordics,Hardware,-41217,-43459,-42695
2025-12-01,9,Operating Expenses,Sales,Nordics,Hardware,-79964,-86918,-86685
2025-12-01,10,Operating Expenses,Marketing,Nordics,Hardware,-65074,-72431,-70261
2025-12-01,11,Operating Expenses,Research & Development,Nordics,Hardware,-98560,-106233,-105944
2025-12-01,12,Operating Expenses,General & Administrative,Nordics,Hardware,-56116,-62774,-59171
2025-12-01,13,Operating Expenses,IT & Systems,Nordics,Hardware,-29807,-33801,-32127
2025-12-01,14,Operating Expenses,Facilities & Rent,Nordics,Hardware,-26425,-28973,-28589
2025-12-01,15,Operating Expenses,Depreciation & Amort.,Nordics,Hardware,-23739,-26558,-25888
2025-12-01,16,Other,Interest Income,Nordics,Hardware,5416,5795,5771
2025-12-01,17,Other,Interest Expense,Nordics,Hardware,-12158,-13521,-13643
2025-12-01,18,Other,FX Gain/(Loss),Nordics,Hardware,6909,7243,7207
2025-12-01,19,Other,Other Income/(Expense),Nordics,Hardware,8914,9658,9276
2025-12-01,20,Other,Income Tax,Nordics,Hardware,-40268,-43459,-41130
